dataset,dataset_id,method,result_layer,fold,cell_type,n_in,n_out,source_key,effect_formula,variance_ddof,split_artifact_id,truth_artifact_id,prediction_artifact_id,prediction_audit_artifact_id,label_artifact_id,test_gene_count,valid_effect_pair_count,invalid_effect_pair_count,true_positive_gene_count,predicted_positive_gene_count,effect_spearman,effect_mae,true_top20_gene_count,predicted_top20_gene_count,top20_overlap_count,true_top50_gene_count,predicted_top50_gene_count,top50_overlap_count
seqFISH+ cortex/SVZ,seqFISH_plus_cortex_svz_zeisel_sccortex_ref_shared10000,GeneSPT,validation_selected_readout_genespt57,0,Astrocyte,62,851,seqFISH_plus_cortex_svz_zeisel_sccortex_ref_shared10000.fold0.GeneSPT,(mean_in-mean_out)/sqrt((var_in+var_out)/2),0,repository/results/protocol_a_full_rerun_20260711/inputs/seqFISH_plus_cortex_svz_zeisel_sccortex_ref_shared10000/fold0/mode_a_split.json,repository/results/protocol_a_full_rerun_20260711/inputs/seqFISH_plus_cortex_svz_zeisel_sccortex_ref_shared10000/fold0/full_truth.npy,repository/results/protocol_a_full_rerun_20260711/evaluation/validation_selected_readout_genespt57/test_predictions/seqFISH_plus_cortex_svz_zeisel_sccortex_ref_shared10000/fold0/GeneSPT.npz,repository/results/protocol_a_full_rerun_20260711/evaluation/validation_selected_readout_genespt57/test_predictions/seqFISH_plus_cortex_svz_zeisel_sccortex_ref_shared10000/fold0/apply_manifest.json,archive/label_provenance/matched_labels/seqfish_plus_cortex_svz_matched_cell_types.csv,2000,2000,0,1000,774,0.25557829187857012,0.21631289417241509,20,20,9,50,50,23
seqFISH+ cortex/SVZ,seqFISH_plus_cortex_svz_zeisel_sccortex_ref_shared10000,GeneSPT,validation_selected_readout_genespt57,0,Choroid Plexus,99,814,seqFISH_plus_cortex_svz_zeisel_sccortex_ref_shared10000.fold0.GeneSPT,(mean_in-mean_out)/sqrt((var_in+var_out)/2),0,repository/results/protocol_a_full_rerun_20260711/inputs/seqFISH_plus_cortex_svz_zeisel_sccortex_ref_shared10000/fold0/mode_a_split.json,repository/results/protocol_a_full_rerun_20260711/inputs/seqFISH_plus_cortex_svz_zeisel_sccortex_ref_shared10000/fold0/full_truth.npy,repository/results/protocol_a_full_rerun_20260711/evaluation/validation_selected_readout_genespt57/test_predictions/seqFISH_plus_cortex_svz_zeisel_sccortex_ref_shared10000/fold0/GeneSPT.npz,repository/results/protocol_a_full_rerun_20260711/evaluation/validation_selected_readout_genespt57/test_predictions/seqFISH_plus_cortex_svz_zeisel_sccortex_ref_shared10000/fold0/apply_manifest.json,archive/label_provenance/matched_labels/seqfish_plus_cortex_svz_matched_cell_types.csv,2000,2000,0,748,631,0.35711920533338104,0.51700903596816505,20,20,7,50,50,14
seqFISH+ cortex/SVZ,seqFISH_plus_cortex_svz_zeisel_sccortex_ref_shared10000,GeneSPT,validation_selected_readout_genespt57,0,Endothelial,68,845,seqFISH_plus_cortex_svz_zeisel_sccortex_ref_shared10000.fold0.GeneSPT,(mean_in-mean_out)/sqrt((var_in+var_out)/2),0,repository/results/protocol_a_full_rerun_20260711/inputs/seqFISH_plus_cortex_svz_zeisel_sccortex_ref_shared10000/fold0/mode_a_split.json,repository/results/protocol_a_full_rerun_20260711/inputs/seqFISH_plus_cortex_svz_zeisel_sccortex_ref_shared10000/fold0/full_truth.npy,repository/results/protocol_a_full_rerun_20260711/evaluation/validation_selected_readout_genespt57/test_predictions/seqFISH_plus_cortex_svz_zeisel_sccortex_ref_shared10000/fold0/GeneSPT.npz,repository/results/protocol_a_full_rerun_20260711/evaluation/validation_selected_readout_genespt57/test_predictions/seqFISH_plus_cortex_svz_zeisel_sccortex_ref_shared10000/fold0/apply_manifest.json,archive/label_provenance/matched_labels/seqfish_plus_cortex_svz_matched_cell_types.csv,2000,2000,0,260,100,0.23721537235037907,0.70125852048992809,20,20,13,50,50,26
seqFISH+ cortex/SVZ,seqFISH_plus_cortex_svz_zeisel_sccortex_ref_shared10000,GeneSPT,validation_selected_readout_genespt57,0,Ependymal,20,893,seqFISH_plus_cortex_svz_zeisel_sccortex_ref_shared10000.fold0.GeneSPT,(mean_in-mean_out)/sqrt((var_in+var_out)/2),0,repository/results/protocol_a_full_rerun_20260711/inputs/seqFISH_plus_cortex_svz_zeisel_sccortex_ref_shared10000/fold0/mode_a_split.json,repository/results/protocol_a_full_rerun_20260711/inputs/seqFISH_plus_cortex_svz_zeisel_sccortex_ref_shared10000/fold0/full_truth.npy,repository/results/protocol_a_full_rerun_20260711/evaluation/validation_selected_readout_genespt57/test_predictions/seqFISH_plus_cortex_svz_zeisel_sccortex_ref_shared10000/fold0/GeneSPT.npz,repository/results/protocol_a_full_rerun_20260711/evaluation/validation_selected_readout_genespt57/test_predictions/seqFISH_plus_cortex_svz_zeisel_sccortex_ref_shared10000/fold0/apply_manifest.json,archive/label_provenance/matched_labels/seqfish_plus_cortex_svz_matched_cell_types.csv,2000,2000,0,222,0,0.092614354947910829,0.87271408339800449,20,0,0,50,0,0
seqFISH+ cortex/SVZ,seqFISH_plus_cortex_svz_zeisel_sccortex_ref_shared10000,GeneSPT,validation_selected_readout_genespt57,0,Excitatory neuron,337,576,seqFISH_plus_cortex_svz_zeisel_sccortex_ref_shared10000.fold0.GeneSPT,(mean_in-mean_out)/sqrt((var_in+var_out)/2),0,repository/results/protocol_a_full_rerun_20260711/inputs/seqFISH_plus_cortex_svz_zeisel_sccortex_ref_shared10000/fold0/mode_a_split.json,repository/results/protocol_a_full_rerun_20260711/inputs/seqFISH_plus_cortex_svz_zeisel_sccortex_ref_shared10000/fold0/full_truth.npy,repository/results/protocol_a_full_rerun_20260711/evaluation/validation_selected_readout_genespt57/test_predictions/seqFISH_plus_cortex_svz_zeisel_sccortex_ref_shared10000/fold0/GeneSPT.npz,repository/results/protocol_a_full_rerun_20260711/evaluation/validation_selected_readout_genespt57/test_predictions/seqFISH_plus_cortex_svz_zeisel_sccortex_ref_shared10000/fold0/apply_manifest.json,archive/label_provenance/matched_labels/seqfish_plus_cortex_svz_matched_cell_types.csv,2000,2000,0,1905,1958,0.48707538845920728,1.2249702759093311,20,20,5,50,50,15
seqFISH+ cortex/SVZ,seqFISH_plus_cortex_svz_zeisel_sccortex_ref_shared10000,GeneSPT,validation_selected_readout_genespt57,0,Interneuron,60,853,seqFISH_plus_cortex_svz_zeisel_sccortex_ref_shared10000.fold0.GeneSPT,(mean_in-mean_out)/sqrt((var_in+var_out)/2),0,repository/results/protocol_a_full_rerun_20260711/inputs/seqFISH_plus_cortex_svz_zeisel_sccortex_ref_shared10000/fold0/mode_a_split.json,repository/results/protocol_a_full_rerun_20260711/inputs/seqFISH_plus_cortex_svz_zeisel_sccortex_ref_shared10000/fold0/full_truth.npy,repository/results/protocol_a_full_rerun_20260711/evaluation/validation_selected_readout_genespt57/test_predictions/seqFISH_plus_cortex_svz_zeisel_sccortex_ref_shared10000/fold0/GeneSPT.npz,repository/results/protocol_a_full_rerun_20260711/evaluation/validation_selected_readout_genespt57/test_predictions/seqFISH_plus_cortex_svz_zeisel_sccortex_ref_shared10000/fold0/apply_manifest.json,archive/label_provenance/matched_labels/seqfish_plus_cortex_svz_matched_cell_types.csv,2000,2000,0,1561,1937,0.27266909312319348,0.50023398932381224,20,20,5,50,50,15
seqFISH+ cortex/SVZ,seqFISH_plus_cortex_svz_zeisel_sccortex_ref_shared10000,GeneSPT,validation_selected_readout_genespt57,0,Microglia,30,883,seqFISH_plus_cortex_svz_zeisel_sccortex_ref_shared10000.fold0.GeneSPT,(mean_in-mean_out)/sqrt((var_in+var_out)/2),0,repository/results/protocol_a_full_rerun_20260711/inputs/seqFISH_plus_cortex_svz_zeisel_sccortex_ref_shared10000/fold0/mode_a_split.json,repository/results/protocol_a_full_rerun_20260711/inputs/seqFISH_plus_cortex_svz_zeisel_sccortex_ref_shared10000/fold0/full_truth.npy,repository/results/protocol_a_full_rerun_20260711/evaluation/validation_selected_readout_genespt57/test_predictions/seqFISH_plus_cortex_svz_zeisel_sccortex_ref_shared10000/fold0/GeneSPT.npz,repository/results/protocol_a_full_rerun_20260711/evaluation/validation_selected_readout_genespt57/test_predictions/seqFISH_plus_cortex_svz_zeisel_sccortex_ref_shared10000/fold0/apply_manifest.json,archive/label_provenance/matched_labels/seqfish_plus_cortex_svz_matched_cell_types.csv,2000,2000,0,249,0,0.033533766835580396,0.7478326146657357,20,0,0,50,0,0
seqFISH+ cortex/SVZ,seqFISH_plus_cortex_svz_zeisel_sccortex_ref_shared10000,GeneSPT,validation_selected_readout_genespt57,0,Neural Stem,68,845,seqFISH_plus_cortex_svz_zeisel_sccortex_ref_shared10000.fold0.GeneSPT,(mean_in-mean_out)/sqrt((var_in+var_out)/2),0,repository/results/protocol_a_full_rerun_20260711/inputs/seqFISH_plus_cortex_svz_zeisel_sccortex_ref_shared10000/fold0/mode_a_split.json,repository/results/protocol_a_full_rerun_20260711/inputs/seqFISH_plus_cortex_svz_zeisel_sccortex_ref_shared10000/fold0/full_truth.npy,repository/results/protocol_a_full_rerun_20260711/evaluation/validation_selected_readout_genespt57/test_predictions/seqFISH_plus_cortex_svz_zeisel_sccortex_ref_shared10000/fold0/GeneSPT.npz,repository/results/protocol_a_full_rerun_20260711/evaluation/validation_selected_readout_genespt57/test_predictions/seqFISH_plus_cortex_svz_zeisel_sccortex_ref_shared10000/fold0/apply_manifest.json,archive/label_provenance/matched_labels/seqfish_plus_cortex_svz_matched_cell_types.csv,2000,2000,0,102,9,-0.016632043781736966,0.86457805802798704,20,9,1,50,9,3
seqFISH+ cortex/SVZ,seqFISH_plus_cortex_svz_zeisel_sccortex_ref_shared10000,GeneSPT,validation_selected_readout_genespt57,0,Neuroblast,128,785,seqFISH_plus_cortex_svz_zeisel_sccortex_ref_shared10000.fold0.GeneSPT,(mean_in-mean_out)/sqrt((var_in+var_out)/2),0,repository/results/protocol_a_full_rerun_20260711/inputs/seqFISH_plus_cortex_svz_zeisel_sccortex_ref_shared10000/fold0/mode_a_split.json,repository/results/protocol_a_full_rerun_20260711/inputs/seqFISH_plus_cortex_svz_zeisel_sccortex_ref_shared10000/fold0/full_truth.npy,repository/results/protocol_a_full_rerun_20260711/evaluation/validation_selected_readout_genespt57/test_predictions/seqFISH_plus_cortex_svz_zeisel_sccortex_ref_shared10000/fold0/GeneSPT.npz,repository/results/protocol_a_full_rerun_20260711/evaluation/validation_selected_readout_genespt57/test_predictions/seqFISH_plus_cortex_svz_zeisel_sccortex_ref_shared10000/fold0/apply_manifest.json,archive/label_provenance/matched_labels/seqfish_plus_cortex_svz_matched_cell_types.csv,2000,2000,0,83,0,-0.049956269405890215,1.1338412732447751,20,0,0,50,0,0
seqFISH+ cortex/SVZ,seqFISH_plus_cortex_svz_zeisel_sccortex_ref_shared10000,GeneSPT,validation_selected_readout_genespt57,0,Oligodendrocyte,41,872,seqFISH_plus_cortex_svz_zeisel_sccortex_ref_shared10000.fold0.GeneSPT,(mean_in-mean_out)/sqrt((var_in+var_out)/2),0,repository/results/protocol_a_full_rerun_20260711/inputs/seqFISH_plus_cortex_svz_zeisel_sccortex_ref_shared10000/fold0/mode_a_split.json,repository/results/protocol_a_full_rerun_20260711/inputs/seqFISH_plus_cortex_svz_zeisel_sccortex_ref_shared10000/fold0/full_truth.npy,repository/results/protocol_a_full_rerun_20260711/evaluation/validation_selected_readout_genespt57/test_predictions/seqFISH_plus_cortex_svz_zeisel_sccortex_ref_shared10000/fold0/GeneSPT.npz,repository/results/protocol_a_full_rerun_20260711/evaluation/validation_selected_readout_genespt57/test_predictions/seqFISH_plus_cortex_svz_zeisel_sccortex_ref_shared10000/fold0/apply_manifest.json,archive/label_provenance/matched_labels/seqfish_plus_cortex_svz_matched_cell_types.csv,2000,2000,0,1097,1215,0.34680669942805958,0.32699135842378174,20,20,8,50,50,29
seqFISH+ cortex/SVZ,seqFISH_plus_cortex_svz_zeisel_sccortex_ref_shared10000,Tangram,raw_identity,0,Astrocyte,62,851,seqFISH_plus_cortex_svz_zeisel_sccortex_ref_shared10000.fold0.Tangram,(mean_in-mean_out)/sqrt((var_in+var_out)/2),0,repository/results/protocol_a_full_rerun_20260711/inputs/seqFISH_plus_cortex_svz_zeisel_sccortex_ref_shared10000/fold0/mode_a_split.json,repository/results/protocol_a_full_rerun_20260711/inputs/seqFISH_plus_cortex_svz_zeisel_sccortex_ref_shared10000/fold0/full_truth.npy,repository/results/protocol_a_full_rerun_20260711/baselines/Tangram/seqFISH_plus_cortex_svz_zeisel_sccortex_ref_shared10000/fold0/imputed_expression.npy,repository/results/protocol_a_full_rerun_20260711/baselines/Tangram/seqFISH_plus_cortex_svz_zeisel_sccortex_ref_shared10000/fold0/adapter_run_audit.json,archive/label_provenance/matched_labels/seqfish_plus_cortex_svz_matched_cell_types.csv,2000,1976,24,986,1531,0.21219907945109864,0.20072030752298012,20,20,2,50,50,10
seqFISH+ cortex/SVZ,seqFISH_plus_cortex_svz_zeisel_sccortex_ref_shared10000,Tangram,raw_identity,0,Choroid Plexus,99,814,seqFISH_plus_cortex_svz_zeisel_sccortex_ref_shared10000.fold0.Tangram,(mean_in-mean_out)/sqrt((var_in+var_out)/2),0,repository/results/protocol_a_full_rerun_20260711/inputs/seqFISH_plus_cortex_svz_zeisel_sccortex_ref_shared10000/fold0/mode_a_split.json,repository/results/protocol_a_full_rerun_20260711/inputs/seqFISH_plus_cortex_svz_zeisel_sccortex_ref_shared10000/fold0/full_truth.npy,repository/results/protocol_a_full_rerun_20260711/baselines/Tangram/seqFISH_plus_cortex_svz_zeisel_sccortex_ref_shared10000/fold0/imputed_expression.npy,repository/results/protocol_a_full_rerun_20260711/baselines/Tangram/seqFISH_plus_cortex_svz_zeisel_sccortex_ref_shared10000/fold0/adapter_run_audit.json,archive/label_provenance/matched_labels/seqfish_plus_cortex_svz_matched_cell_types.csv,2000,1976,24,735,418,0.23082692080226352,0.31348289950111813,20,20,1,50,50,4
seqFISH+ cortex/SVZ,seqFISH_plus_cortex_svz_zeisel_sccortex_ref_shared10000,Tangram,raw_identity,0,Endothelial,68,845,seqFISH_plus_cortex_svz_zeisel_sccortex_ref_shared10000.fold0.Tangram,(mean_in-mean_out)/sqrt((var_in+var_out)/2),0,repository/results/protocol_a_full_rerun_20260711/inputs/seqFISH_plus_cortex_svz_zeisel_sccortex_ref_shared10000/fold0/mode_a_split.json,repository/results/protocol_a_full_rerun_20260711/inputs/seqFISH_plus_cortex_svz_zeisel_sccortex_ref_shared10000/fold0/full_truth.npy,repository/results/protocol_a_full_rerun_20260711/baselines/Tangram/seqFISH_plus_cortex_svz_zeisel_sccortex_ref_shared10000/fold0/imputed_expression.npy,repository/results/protocol_a_full_rerun_20260711/baselines/Tangram/seqFISH_plus_cortex_svz_zeisel_sccortex_ref_shared10000/fold0/adapter_run_audit.json,archive/label_provenance/matched_labels/seqfish_plus_cortex_svz_matched_cell_types.csv,2000,1976,24,259,101,0.253804270558665,0.65601924667850275,20,20,0,50,50,9
seqFISH+ cortex/SVZ,seqFISH_plus_cortex_svz_zeisel_sccortex_ref_shared10000,Tangram,raw_identity,0,Ependymal,20,893,seqFISH_plus_cortex_svz_zeisel_sccortex_ref_shared10000.fold0.Tangram,(mean_in-mean_out)/sqrt((var_in+var_out)/2),0,repository/results/protocol_a_full_rerun_20260711/inputs/seqFISH_plus_cortex_svz_zeisel_sccortex_ref_shared10000/fold0/mode_a_split.json,repository/results/protocol_a_full_rerun_20260711/inputs/seqFISH_plus_cortex_svz_zeisel_sccortex_ref_shared10000/fold0/full_truth.npy,repository/results/protocol_a_full_rerun_20260711/baselines/Tangram/seqFISH_plus_cortex_svz_zeisel_sccortex_ref_shared10000/fold0/imputed_expression.npy,repository/results/protocol_a_full_rerun_20260711/baselines/Tangram/seqFISH_plus_cortex_svz_zeisel_sccortex_ref_shared10000/fold0/adapter_run_audit.json,archive/label_provenance/matched_labels/seqfish_plus_cortex_svz_matched_cell_types.csv,2000,1976,24,220,0,-0.029833999620656779,0.95817214257430605,20,0,0,50,0,0
seqFISH+ cortex/SVZ,seqFISH_plus_cortex_svz_zeisel_sccortex_ref_shared10000,Tangram,raw_identity,0,Excitatory neuron,337,576,seqFISH_plus_cortex_svz_zeisel_sccortex_ref_shared10000.fold0.Tangram,(mean_in-mean_out)/sqrt((var_in+var_out)/2),0,repository/results/protocol_a_full_rerun_20260711/inputs/seqFISH_plus_cortex_svz_zeisel_sccortex_ref_shared10000/fold0/mode_a_split.json,repository/results/protocol_a_full_rerun_20260711/inputs/seqFISH_plus_cortex_svz_zeisel_sccortex_ref_shared10000/fold0/full_truth.npy,repository/results/protocol_a_full_rerun_20260711/baselines/Tangram/seqFISH_plus_cortex_svz_zeisel_sccortex_ref_shared10000/fold0/imputed_expression.npy,repository/results/protocol_a_full_rerun_20260711/baselines/Tangram/seqFISH_plus_cortex_svz_zeisel_sccortex_ref_shared10000/fold0/adapter_run_audit.json,archive/label_provenance/matched_labels/seqfish_plus_cortex_svz_matched_cell_types.csv,2000,1976,24,1881,1976,0.4533233087594925,1.3016667639719075,20,20,0,50,50,3
seqFISH+ cortex/SVZ,seqFISH_plus_cortex_svz_zeisel_sccortex_ref_shared10000,Tangram,raw_identity,0,Interneuron,60,853,seqFISH_plus_cortex_svz_zeisel_sccortex_ref_shared10000.fold0.Tangram,(mean_in-mean_out)/sqrt((var_in+var_out)/2),0,repository/results/protocol_a_full_rerun_20260711/inputs/seqFISH_plus_cortex_svz_zeisel_sccortex_ref_shared10000/fold0/mode_a_split.json,repository/results/protocol_a_full_rerun_20260711/inputs/seqFISH_plus_cortex_svz_zeisel_sccortex_ref_shared10000/fold0/full_truth.npy,repository/results/protocol_a_full_rerun_20260711/baselines/Tangram/seqFISH_plus_cortex_svz_zeisel_sccortex_ref_shared10000/fold0/imputed_expression.npy,repository/results/protocol_a_full_rerun_20260711/baselines/Tangram/seqFISH_plus_cortex_svz_zeisel_sccortex_ref_shared10000/fold0/adapter_run_audit.json,archive/label_provenance/matched_labels/seqfish_plus_cortex_svz_matched_cell_types.csv,2000,1976,24,1543,1976,0.2835054751639447,0.51657402874737857,20,20,0,50,50,7
seqFISH+ cortex/SVZ,seqFISH_plus_cortex_svz_zeisel_sccortex_ref_shared10000,Tangram,raw_identity,0,Microglia,30,883,seqFISH_plus_cortex_svz_zeisel_sccortex_ref_shared10000.fold0.Tangram,(mean_in-mean_out)/sqrt((var_in+var_out)/2),0,repository/results/protocol_a_full_rerun_20260711/inputs/seqFISH_plus_cortex_svz_zeisel_sccortex_ref_shared10000/fold0/mode_a_split.json,repository/results/protocol_a_full_rerun_20260711/inputs/seqFISH_plus_cortex_svz_zeisel_sccortex_ref_shared10000/fold0/full_truth.npy,repository/results/protocol_a_full_rerun_20260711/baselines/Tangram/seqFISH_plus_cortex_svz_zeisel_sccortex_ref_shared10000/fold0/imputed_expression.npy,repository/results/protocol_a_full_rerun_20260711/baselines/Tangram/seqFISH_plus_cortex_svz_zeisel_sccortex_ref_shared10000/fold0/adapter_run_audit.json,archive/label_provenance/matched_labels/seqfish_plus_cortex_svz_matched_cell_types.csv,2000,1976,24,246,33,0.037936108428395322,0.74728424680904437,20,20,4,50,33,11
seqFISH+ cortex/SVZ,seqFISH_plus_cortex_svz_zeisel_sccortex_ref_shared10000,Tangram,raw_identity,0,Neural Stem,68,845,seqFISH_plus_cortex_svz_zeisel_sccortex_ref_shared10000.fold0.Tangram,(mean_in-mean_out)/sqrt((var_in+var_out)/2),0,repository/results/protocol_a_full_rerun_20260711/inputs/seqFISH_plus_cortex_svz_zeisel_sccortex_ref_shared10000/fold0/mode_a_split.json,repository/results/protocol_a_full_rerun_20260711/inputs/seqFISH_plus_cortex_svz_zeisel_sccortex_ref_shared10000/fold0/full_truth.npy,repository/results/protocol_a_full_rerun_20260711/baselines/Tangram/seqFISH_plus_cortex_svz_zeisel_sccortex_ref_shared10000/fold0/imputed_expression.npy,repository/results/protocol_a_full_rerun_20260711/baselines/Tangram/seqFISH_plus_cortex_svz_zeisel_sccortex_ref_shared10000/fold0/adapter_run_audit.json,archive/label_provenance/matched_labels/seqfish_plus_cortex_svz_matched_cell_types.csv,2000,1976,24,101,0,0.0073706265003518536,0.94041901689124352,20,0,0,50,0,0
seqFISH+ cortex/SVZ,seqFISH_plus_cortex_svz_zeisel_sccortex_ref_shared10000,Tangram,raw_identity,0,Neuroblast,128,785,seqFISH_plus_cortex_svz_zeisel_sccortex_ref_shared10000.fold0.Tangram,(mean_in-mean_out)/sqrt((var_in+var_out)/2),0,repository/results/protocol_a_full_rerun_20260711/inputs/seqFISH_plus_cortex_svz_zeisel_sccortex_ref_shared10000/fold0/mode_a_split.json,repository/results/protocol_a_full_rerun_20260711/inputs/seqFISH_plus_cortex_svz_zeisel_sccortex_ref_shared10000/fold0/full_truth.npy,repository/results/protocol_a_full_rerun_20260711/baselines/Tangram/seqFISH_plus_cortex_svz_zeisel_sccortex_ref_shared10000/fold0/imputed_expression.npy,repository/results/protocol_a_full_rerun_20260711/baselines/Tangram/seqFISH_plus_cortex_svz_zeisel_sccortex_ref_shared10000/fold0/adapter_run_audit.json,archive/label_provenance/matched_labels/seqfish_plus_cortex_svz_matched_cell_types.csv,2000,1976,24,83,0,-0.087456694953063102,1.165521125390363,20,0,0,50,0,0
seqFISH+ cortex/SVZ,seqFISH_plus_cortex_svz_zeisel_sccortex_ref_shared10000,Tangram,raw_identity,0,Oligodendrocyte,41,872,seqFISH_plus_cortex_svz_zeisel_sccortex_ref_shared10000.fold0.Tangram,(mean_in-mean_out)/sqrt((var_in+var_out)/2),0,repository/results/protocol_a_full_rerun_20260711/inputs/seqFISH_plus_cortex_svz_zeisel_sccortex_ref_shared10000/fold0/mode_a_split.json,repository/results/protocol_a_full_rerun_20260711/inputs/seqFISH_plus_cortex_svz_zeisel_sccortex_ref_shared10000/fold0/full_truth.npy,repository/results/protocol_a_full_rerun_20260711/baselines/Tangram/seqFISH_plus_cortex_svz_zeisel_sccortex_ref_shared10000/fold0/imputed_expression.npy,repository/results/protocol_a_full_rerun_20260711/baselines/Tangram/seqFISH_plus_cortex_svz_zeisel_sccortex_ref_shared10000/fold0/adapter_run_audit.json,archive/label_provenance/matched_labels/seqfish_plus_cortex_svz_matched_cell_types.csv,2000,1976,24,1087,1164,0.30111587878031904,0.26883303507532902,20,20,1,50,50,13
seqFISH+ cortex/SVZ,seqFISH_plus_cortex_svz_zeisel_sccortex_ref_shared10000,TransImp,raw_identity,0,Astrocyte,62,851,seqFISH_plus_cortex_svz_zeisel_sccortex_ref_shared10000.fold0.TransImp,(mean_in-mean_out)/sqrt((var_in+var_out)/2),0,repository/results/protocol_a_full_rerun_20260711/inputs/seqFISH_plus_cortex_svz_zeisel_sccortex_ref_shared10000/fold0/mode_a_split.json,repository/results/protocol_a_full_rerun_20260711/inputs/seqFISH_plus_cortex_svz_zeisel_sccortex_ref_shared10000/fold0/full_truth.npy,repository/results/protocol_a_full_rerun_20260711/baselines/TransImp/seqFISH_plus_cortex_svz_zeisel_sccortex_ref_shared10000/fold0/imputed_expression.npy,repository/results/protocol_a_full_rerun_20260711/baselines/TransImp/seqFISH_plus_cortex_svz_zeisel_sccortex_ref_shared10000/fold0/adapter_run_audit.json,archive/label_provenance/matched_labels/seqfish_plus_cortex_svz_matched_cell_types.csv,2000,1976,24,986,1048,0.22543044685901398,0.2488493695523899,20,20,7,50,50,20
seqFISH+ cortex/SVZ,seqFISH_plus_cortex_svz_zeisel_sccortex_ref_shared10000,TransImp,raw_identity,0,Choroid Plexus,99,814,seqFISH_plus_cortex_svz_zeisel_sccortex_ref_shared10000.fold0.TransImp,(mean_in-mean_out)/sqrt((var_in+var_out)/2),0,repository/results/protocol_a_full_rerun_20260711/inputs/seqFISH_plus_cortex_svz_zeisel_sccortex_ref_shared10000/fold0/mode_a_split.json,repository/results/protocol_a_full_rerun_20260711/inputs/seqFISH_plus_cortex_svz_zeisel_sccortex_ref_shared10000/fold0/full_truth.npy,repository/results/protocol_a_full_rerun_20260711/baselines/TransImp/seqFISH_plus_cortex_svz_zeisel_sccortex_ref_shared10000/fold0/imputed_expression.npy,repository/results/protocol_a_full_rerun_20260711/baselines/TransImp/seqFISH_plus_cortex_svz_zeisel_sccortex_ref_shared10000/fold0/adapter_run_audit.json,archive/label_provenance/matched_labels/seqfish_plus_cortex_svz_matched_cell_types.csv,2000,1976,24,735,612,0.31817715391015544,0.51392330352816884,20,20,5,50,50,12
seqFISH+ cortex/SVZ,seqFISH_plus_cortex_svz_zeisel_sccortex_ref_shared10000,TransImp,raw_identity,0,Endothelial,68,845,seqFISH_plus_cortex_svz_zeisel_sccortex_ref_shared10000.fold0.TransImp,(mean_in-mean_out)/sqrt((var_in+var_out)/2),0,repository/results/protocol_a_full_rerun_20260711/inputs/seqFISH_plus_cortex_svz_zeisel_sccortex_ref_shared10000/fold0/mode_a_split.json,repository/results/protocol_a_full_rerun_20260711/inputs/seqFISH_plus_cortex_svz_zeisel_sccortex_ref_shared10000/fold0/full_truth.npy,repository/results/protocol_a_full_rerun_20260711/baselines/TransImp/seqFISH_plus_cortex_svz_zeisel_sccortex_ref_shared10000/fold0/imputed_expression.npy,repository/results/protocol_a_full_rerun_20260711/baselines/TransImp/seqFISH_plus_cortex_svz_zeisel_sccortex_ref_shared10000/fold0/adapter_run_audit.json,archive/label_provenance/matched_labels/seqfish_plus_cortex_svz_matched_cell_types.csv,2000,1976,24,259,178,0.2534370681792078,0.58667797385734877,20,20,6,50,50,15
seqFISH+ cortex/SVZ,seqFISH_plus_cortex_svz_zeisel_sccortex_ref_shared10000,TransImp,raw_identity,0,Ependymal,20,893,seqFISH_plus_cortex_svz_zeisel_sccortex_ref_shared10000.fold0.TransImp,(mean_in-mean_out)/sqrt((var_in+var_out)/2),0,repository/results/protocol_a_full_rerun_20260711/inputs/seqFISH_plus_cortex_svz_zeisel_sccortex_ref_shared10000/fold0/mode_a_split.json,repository/results/protocol_a_full_rerun_20260711/inputs/seqFISH_plus_cortex_svz_zeisel_sccortex_ref_shared10000/fold0/full_truth.npy,repository/results/protocol_a_full_rerun_20260711/baselines/TransImp/seqFISH_plus_cortex_svz_zeisel_sccortex_ref_shared10000/fold0/imputed_expression.npy,repository/results/protocol_a_full_rerun_20260711/baselines/TransImp/seqFISH_plus_cortex_svz_zeisel_sccortex_ref_shared10000/fold0/adapter_run_audit.json,archive/label_provenance/matched_labels/seqfish_plus_cortex_svz_matched_cell_types.csv,2000,1976,24,220,24,0.099467370377648731,0.81804187764644998,20,20,0,50,24,2
seqFISH+ cortex/SVZ,seqFISH_plus_cortex_svz_zeisel_sccortex_ref_shared10000,TransImp,raw_identity,0,Excitatory neuron,337,576,seqFISH_plus_cortex_svz_zeisel_sccortex_ref_shared10000.fold0.TransImp,(mean_in-mean_out)/sqrt((var_in+var_out)/2),0,repository/results/protocol_a_full_rerun_20260711/inputs/seqFISH_plus_cortex_svz_zeisel_sccortex_ref_shared10000/fold0/mode_a_split.json,repository/results/protocol_a_full_rerun_20260711/inputs/seqFISH_plus_cortex_svz_zeisel_sccortex_ref_shared10000/fold0/full_truth.npy,repository/results/protocol_a_full_rerun_20260711/baselines/TransImp/seqFISH_plus_cortex_svz_zeisel_sccortex_ref_shared10000/fold0/imputed_expression.npy,repository/results/protocol_a_full_rerun_20260711/baselines/TransImp/seqFISH_plus_cortex_svz_zeisel_sccortex_ref_shared10000/fold0/adapter_run_audit.json,archive/label_provenance/matched_labels/seqfish_plus_cortex_svz_matched_cell_types.csv,2000,1976,24,1881,1910,0.44342385493442105,0.99526744999753347,20,20,4,50,50,18
seqFISH+ cortex/SVZ,seqFISH_plus_cortex_svz_zeisel_sccortex_ref_shared10000,TransImp,raw_identity,0,Interneuron,60,853,seqFISH_plus_cortex_svz_zeisel_sccortex_ref_shared10000.fold0.TransImp,(mean_in-mean_out)/sqrt((var_in+var_out)/2),0,repository/results/protocol_a_full_rerun_20260711/inputs/seqFISH_plus_cortex_svz_zeisel_sccortex_ref_shared10000/fold0/mode_a_split.json,repository/results/protocol_a_full_rerun_20260711/inputs/seqFISH_plus_cortex_svz_zeisel_sccortex_ref_shared10000/fold0/full_truth.npy,repository/results/protocol_a_full_rerun_20260711/baselines/TransImp/seqFISH_plus_cortex_svz_zeisel_sccortex_ref_shared10000/fold0/imputed_expression.npy,repository/results/protocol_a_full_rerun_20260711/baselines/TransImp/seqFISH_plus_cortex_svz_zeisel_sccortex_ref_shared10000/fold0/adapter_run_audit.json,archive/label_provenance/matched_labels/seqfish_plus_cortex_svz_matched_cell_types.csv,2000,1976,24,1543,1825,0.2923924496232892,0.41426774585084553,20,20,1,50,50,6
seqFISH+ cortex/SVZ,seqFISH_plus_cortex_svz_zeisel_sccortex_ref_shared10000,TransImp,raw_identity,0,Microglia,30,883,seqFISH_plus_cortex_svz_zeisel_sccortex_ref_shared10000.fold0.TransImp,(mean_in-mean_out)/sqrt((var_in+var_out)/2),0,repository/results/protocol_a_full_rerun_20260711/inputs/seqFISH_plus_cortex_svz_zeisel_sccortex_ref_shared10000/fold0/mode_a_split.json,repository/results/protocol_a_full_rerun_20260711/inputs/seqFISH_plus_cortex_svz_zeisel_sccortex_ref_shared10000/fold0/full_truth.npy,repository/results/protocol_a_full_rerun_20260711/baselines/TransImp/seqFISH_plus_cortex_svz_zeisel_sccortex_ref_shared10000/fold0/imputed_expression.npy,repository/results/protocol_a_full_rerun_20260711/baselines/TransImp/seqFISH_plus_cortex_svz_zeisel_sccortex_ref_shared10000/fold0/adapter_run_audit.json,archive/label_provenance/matched_labels/seqfish_plus_cortex_svz_matched_cell_types.csv,2000,1976,24,246,56,0.054758935465535737,0.66984607634648863,20,20,5,50,50,12
seqFISH+ cortex/SVZ,seqFISH_plus_cortex_svz_zeisel_sccortex_ref_shared10000,TransImp,raw_identity,0,Neural Stem,68,845,seqFISH_plus_cortex_svz_zeisel_sccortex_ref_shared10000.fold0.TransImp,(mean_in-mean_out)/sqrt((var_in+var_out)/2),0,repository/results/protocol_a_full_rerun_20260711/inputs/seqFISH_plus_cortex_svz_zeisel_sccortex_ref_shared10000/fold0/mode_a_split.json,repository/results/protocol_a_full_rerun_20260711/inputs/seqFISH_plus_cortex_svz_zeisel_sccortex_ref_shared10000/fold0/full_truth.npy,repository/results/protocol_a_full_rerun_20260711/baselines/TransImp/seqFISH_plus_cortex_svz_zeisel_sccortex_ref_shared10000/fold0/imputed_expression.npy,repository/results/protocol_a_full_rerun_20260711/baselines/TransImp/seqFISH_plus_cortex_svz_zeisel_sccortex_ref_shared10000/fold0/adapter_run_audit.json,archive/label_provenance/matched_labels/seqfish_plus_cortex_svz_matched_cell_types.csv,2000,1976,24,101,24,0.14102901089169226,0.77536504335626921,20,20,0,50,24,4
seqFISH+ cortex/SVZ,seqFISH_plus_cortex_svz_zeisel_sccortex_ref_shared10000,TransImp,raw_identity,0,Neuroblast,128,785,seqFISH_plus_cortex_svz_zeisel_sccortex_ref_shared10000.fold0.TransImp,(mean_in-mean_out)/sqrt((var_in+var_out)/2),0,repository/results/protocol_a_full_rerun_20260711/inputs/seqFISH_plus_cortex_svz_zeisel_sccortex_ref_shared10000/fold0/mode_a_split.json,repository/results/protocol_a_full_rerun_20260711/inputs/seqFISH_plus_cortex_svz_zeisel_sccortex_ref_shared10000/fold0/full_truth.npy,repository/results/protocol_a_full_rerun_20260711/baselines/TransImp/seqFISH_plus_cortex_svz_zeisel_sccortex_ref_shared10000/fold0/imputed_expression.npy,repository/results/protocol_a_full_rerun_20260711/baselines/TransImp/seqFISH_plus_cortex_svz_zeisel_sccortex_ref_shared10000/fold0/adapter_run_audit.json,archive/label_provenance/matched_labels/seqfish_plus_cortex_svz_matched_cell_types.csv,2000,1976,24,83,19,0.088803133228872691,0.86447898704296766,20,19,0,50,19,0
seqFISH+ cortex/SVZ,seqFISH_plus_cortex_svz_zeisel_sccortex_ref_shared10000,TransImp,raw_identity,0,Oligodendrocyte,41,872,seqFISH_plus_cortex_svz_zeisel_sccortex_ref_shared10000.fold0.TransImp,(mean_in-mean_out)/sqrt((var_in+var_out)/2),0,repository/results/protocol_a_full_rerun_20260711/inputs/seqFISH_plus_cortex_svz_zeisel_sccortex_ref_shared10000/fold0/mode_a_split.json,repository/results/protocol_a_full_rerun_20260711/inputs/seqFISH_plus_cortex_svz_zeisel_sccortex_ref_shared10000/fold0/full_truth.npy,repository/results/protocol_a_full_rerun_20260711/baselines/TransImp/seqFISH_plus_cortex_svz_zeisel_sccortex_ref_shared10000/fold0/imputed_expression.npy,repository/results/protocol_a_full_rerun_20260711/baselines/TransImp/seqFISH_plus_cortex_svz_zeisel_sccortex_ref_shared10000/fold0/adapter_run_audit.json,archive/label_provenance/matched_labels/seqfish_plus_cortex_svz_matched_cell_types.csv,2000,1976,24,1087,1210,0.33259619535383095,0.34681728944527757,20,20,9,50,50,27
seqFISH+ cortex/SVZ,seqFISH_plus_cortex_svz_zeisel_sccortex_ref_shared10000,SpaIM,raw_identity,0,Astrocyte,62,851,seqFISH_plus_cortex_svz_zeisel_sccortex_ref_shared10000.fold0.SpaIM,(mean_in-mean_out)/sqrt((var_in+var_out)/2),0,repository/results/protocol_a_full_rerun_20260711/inputs/seqFISH_plus_cortex_svz_zeisel_sccortex_ref_shared10000/fold0/mode_a_split.json,repository/results/protocol_a_full_rerun_20260711/inputs/seqFISH_plus_cortex_svz_zeisel_sccortex_ref_shared10000/fold0/full_truth.npy,repository/results/protocol_a_full_rerun_20260711/baselines/SpaIM/seqFISH_plus_cortex_svz_zeisel_sccortex_ref_shared10000/fold0/imputed_expression.npy,repository/results/protocol_a_full_rerun_20260711/baselines/SpaIM/seqFISH_plus_cortex_svz_zeisel_sccortex_ref_shared10000/fold0/adapter_run_audit.json,archive/label_provenance/matched_labels/seqfish_plus_cortex_svz_matched_cell_types.csv,2000,2000,0,1000,2000,0.14467693080708516,0.17414467816897011,20,20,9,50,50,19
seqFISH+ cortex/SVZ,seqFISH_plus_cortex_svz_zeisel_sccortex_ref_shared10000,SpaIM,raw_identity,0,Choroid Plexus,99,814,seqFISH_plus_cortex_svz_zeisel_sccortex_ref_shared10000.fold0.SpaIM,(mean_in-mean_out)/sqrt((var_in+var_out)/2),0,repository/results/protocol_a_full_rerun_20260711/inputs/seqFISH_plus_cortex_svz_zeisel_sccortex_ref_shared10000/fold0/mode_a_split.json,repository/results/protocol_a_full_rerun_20260711/inputs/seqFISH_plus_cortex_svz_zeisel_sccortex_ref_shared10000/fold0/full_truth.npy,repository/results/protocol_a_full_rerun_20260711/baselines/SpaIM/seqFISH_plus_cortex_svz_zeisel_sccortex_ref_shared10000/fold0/imputed_expression.npy,repository/results/protocol_a_full_rerun_20260711/baselines/SpaIM/seqFISH_plus_cortex_svz_zeisel_sccortex_ref_shared10000/fold0/adapter_run_audit.json,archive/label_provenance/matched_labels/seqfish_plus_cortex_svz_matched_cell_types.csv,2000,2000,0,748,8,0.19505450912739167,0.23646947265420731,20,8,1,50,8,2
seqFISH+ cortex/SVZ,seqFISH_plus_cortex_svz_zeisel_sccortex_ref_shared10000,SpaIM,raw_identity,0,Endothelial,68,845,seqFISH_plus_cortex_svz_zeisel_sccortex_ref_shared10000.fold0.SpaIM,(mean_in-mean_out)/sqrt((var_in+var_out)/2),0,repository/results/protocol_a_full_rerun_20260711/inputs/seqFISH_plus_cortex_svz_zeisel_sccortex_ref_shared10000/fold0/mode_a_split.json,repository/results/protocol_a_full_rerun_20260711/inputs/seqFISH_plus_cortex_svz_zeisel_sccortex_ref_shared10000/fold0/full_truth.npy,repository/results/protocol_a_full_rerun_20260711/baselines/SpaIM/seqFISH_plus_cortex_svz_zeisel_sccortex_ref_shared10000/fold0/imputed_expression.npy,repository/results/protocol_a_full_rerun_20260711/baselines/SpaIM/seqFISH_plus_cortex_svz_zeisel_sccortex_ref_shared10000/fold0/adapter_run_audit.json,archive/label_provenance/matched_labels/seqfish_plus_cortex_svz_matched_cell_types.csv,2000,2000,0,260,0,0.2579986399398132,0.649050940491815,20,0,0,50,0,0
seqFISH+ cortex/SVZ,seqFISH_plus_cortex_svz_zeisel_sccortex_ref_shared10000,SpaIM,raw_identity,0,Ependymal,20,893,seqFISH_plus_cortex_svz_zeisel_sccortex_ref_shared10000.fold0.SpaIM,(mean_in-mean_out)/sqrt((var_in+var_out)/2),0,repository/results/protocol_a_full_rerun_20260711/inputs/seqFISH_plus_cortex_svz_zeisel_sccortex_ref_shared10000/fold0/mode_a_split.json,repository/results/protocol_a_full_rerun_20260711/inputs/seqFISH_plus_cortex_svz_zeisel_sccortex_ref_shared10000/fold0/full_truth.npy,repository/results/protocol_a_full_rerun_20260711/baselines/SpaIM/seqFISH_plus_cortex_svz_zeisel_sccortex_ref_shared10000/fold0/imputed_expression.npy,repository/results/protocol_a_full_rerun_20260711/baselines/SpaIM/seqFISH_plus_cortex_svz_zeisel_sccortex_ref_shared10000/fold0/adapter_run_audit.json,archive/label_provenance/matched_labels/seqfish_plus_cortex_svz_matched_cell_types.csv,2000,2000,0,222,0,0.0042256703643764812,0.95872487840576026,20,0,0,50,0,0
seqFISH+ cortex/SVZ,seqFISH_plus_cortex_svz_zeisel_sccortex_ref_shared10000,SpaIM,raw_identity,0,Excitatory neuron,337,576,seqFISH_plus_cortex_svz_zeisel_sccortex_ref_shared10000.fold0.SpaIM,(mean_in-mean_out)/sqrt((var_in+var_out)/2),0,repository/results/protocol_a_full_rerun_20260711/inputs/seqFISH_plus_cortex_svz_zeisel_sccortex_ref_shared10000/fold0/mode_a_split.json,repository/results/protocol_a_full_rerun_20260711/inputs/seqFISH_plus_cortex_svz_zeisel_sccortex_ref_shared10000/fold0/full_truth.npy,repository/results/protocol_a_full_rerun_20260711/baselines/SpaIM/seqFISH_plus_cortex_svz_zeisel_sccortex_ref_shared10000/fold0/imputed_expression.npy,repository/results/protocol_a_full_rerun_20260711/baselines/SpaIM/seqFISH_plus_cortex_svz_zeisel_sccortex_ref_shared10000/fold0/adapter_run_audit.json,archive/label_provenance/matched_labels/seqfish_plus_cortex_svz_matched_cell_types.csv,2000,2000,0,1905,2000,0.33678582199070856,1.2554603658198624,20,20,3,50,50,12
seqFISH+ cortex/SVZ,seqFISH_plus_cortex_svz_zeisel_sccortex_ref_shared10000,SpaIM,raw_identity,0,Interneuron,60,853,seqFISH_plus_cortex_svz_zeisel_sccortex_ref_shared10000.fold0.SpaIM,(mean_in-mean_out)/sqrt((var_in+var_out)/2),0,repository/results/protocol_a_full_rerun_20260711/inputs/seqFISH_plus_cortex_svz_zeisel_sccortex_ref_shared10000/fold0/mode_a_split.json,repository/results/protocol_a_full_rerun_20260711/inputs/seqFISH_plus_cortex_svz_zeisel_sccortex_ref_shared10000/fold0/full_truth.npy,repository/results/protocol_a_full_rerun_20260711/baselines/SpaIM/seqFISH_plus_cortex_svz_zeisel_sccortex_ref_shared10000/fold0/imputed_expression.npy,repository/results/protocol_a_full_rerun_20260711/baselines/SpaIM/seqFISH_plus_cortex_svz_zeisel_sccortex_ref_shared10000/fold0/adapter_run_audit.json,archive/label_provenance/matched_labels/seqfish_plus_cortex_svz_matched_cell_types.csv,2000,2000,0,1561,2000,0.24807079161079371,0.51321979167455545,20,20,7,50,50,17
seqFISH+ cortex/SVZ,seqFISH_plus_cortex_svz_zeisel_sccortex_ref_shared10000,SpaIM,raw_identity,0,Microglia,30,883,seqFISH_plus_cortex_svz_zeisel_sccortex_ref_shared10000.fold0.SpaIM,(mean_in-mean_out)/sqrt((var_in+var_out)/2),0,repository/results/protocol_a_full_rerun_20260711/inputs/seqFISH_plus_cortex_svz_zeisel_sccortex_ref_shared10000/fold0/mode_a_split.json,repository/results/protocol_a_full_rerun_20260711/inputs/seqFISH_plus_cortex_svz_zeisel_sccortex_ref_shared10000/fold0/full_truth.npy,repository/results/protocol_a_full_rerun_20260711/baselines/SpaIM/seqFISH_plus_cortex_svz_zeisel_sccortex_ref_shared10000/fold0/imputed_expression.npy,repository/results/protocol_a_full_rerun_20260711/baselines/SpaIM/seqFISH_plus_cortex_svz_zeisel_sccortex_ref_shared10000/fold0/adapter_run_audit.json,archive/label_provenance/matched_labels/seqfish_plus_cortex_svz_matched_cell_types.csv,2000,2000,0,249,0,-0.011162278207905886,0.76248863848230786,20,0,0,50,0,0
seqFISH+ cortex/SVZ,seqFISH_plus_cortex_svz_zeisel_sccortex_ref_shared10000,SpaIM,raw_identity,0,Neural Stem,68,845,seqFISH_plus_cortex_svz_zeisel_sccortex_ref_shared10000.fold0.SpaIM,(mean_in-mean_out)/sqrt((var_in+var_out)/2),0,repository/results/protocol_a_full_rerun_20260711/inputs/seqFISH_plus_cortex_svz_zeisel_sccortex_ref_shared10000/fold0/mode_a_split.json,repository/results/protocol_a_full_rerun_20260711/inputs/seqFISH_plus_cortex_svz_zeisel_sccortex_ref_shared10000/fold0/full_truth.npy,repository/results/protocol_a_full_rerun_20260711/baselines/SpaIM/seqFISH_plus_cortex_svz_zeisel_sccortex_ref_shared10000/fold0/imputed_expression.npy,repository/results/protocol_a_full_rerun_20260711/baselines/SpaIM/seqFISH_plus_cortex_svz_zeisel_sccortex_ref_shared10000/fold0/adapter_run_audit.json,archive/label_provenance/matched_labels/seqfish_plus_cortex_svz_matched_cell_types.csv,2000,2000,0,102,0,0.1056986684114556,0.96156569210627207,20,0,0,50,0,0
seqFISH+ cortex/SVZ,seqFISH_plus_cortex_svz_zeisel_sccortex_ref_shared10000,SpaIM,raw_identity,0,Neuroblast,128,785,seqFISH_plus_cortex_svz_zeisel_sccortex_ref_shared10000.fold0.SpaIM,(mean_in-mean_out)/sqrt((var_in+var_out)/2),0,repository/results/protocol_a_full_rerun_20260711/inputs/seqFISH_plus_cortex_svz_zeisel_sccortex_ref_shared10000/fold0/mode_a_split.json,repository/results/protocol_a_full_rerun_20260711/inputs/seqFISH_plus_cortex_svz_zeisel_sccortex_ref_shared10000/fold0/full_truth.npy,repository/results/protocol_a_full_rerun_20260711/baselines/SpaIM/seqFISH_plus_cortex_svz_zeisel_sccortex_ref_shared10000/fold0/imputed_expression.npy,repository/results/protocol_a_full_rerun_20260711/baselines/SpaIM/seqFISH_plus_cortex_svz_zeisel_sccortex_ref_shared10000/fold0/adapter_run_audit.json,archive/label_provenance/matched_labels/seqfish_plus_cortex_svz_matched_cell_types.csv,2000,2000,0,83,0,-0.015197666648269504,1.1676625897740158,20,0,0,50,0,0
seqFISH+ cortex/SVZ,seqFISH_plus_cortex_svz_zeisel_sccortex_ref_shared10000,SpaIM,raw_identity,0,Oligodendrocyte,41,872,seqFISH_plus_cortex_svz_zeisel_sccortex_ref_shared10000.fold0.SpaIM,(mean_in-mean_out)/sqrt((var_in+var_out)/2),0,repository/results/protocol_a_full_rerun_20260711/inputs/seqFISH_plus_cortex_svz_zeisel_sccortex_ref_shared10000/fold0/mode_a_split.json,repository/results/protocol_a_full_rerun_20260711/inputs/seqFISH_plus_cortex_svz_zeisel_sccortex_ref_shared10000/fold0/full_truth.npy,repository/results/protocol_a_full_rerun_20260711/baselines/SpaIM/seqFISH_plus_cortex_svz_zeisel_sccortex_ref_shared10000/fold0/imputed_expression.npy,repository/results/protocol_a_full_rerun_20260711/baselines/SpaIM/seqFISH_plus_cortex_svz_zeisel_sccortex_ref_shared10000/fold0/adapter_run_audit.json,archive/label_provenance/matched_labels/seqfish_plus_cortex_svz_matched_cell_types.csv,2000,2000,0,1097,2000,0.23943416471259651,0.31010055790513946,20,20,6,50,50,12
seqFISH+ cortex/SVZ,seqFISH_plus_cortex_svz_zeisel_sccortex_ref_shared10000,SpaGE,raw_identity,0,Astrocyte,62,851,seqFISH_plus_cortex_svz_zeisel_sccortex_ref_shared10000.fold0.SpaGE,(mean_in-mean_out)/sqrt((var_in+var_out)/2),0,repository/results/protocol_a_full_rerun_20260711/inputs/seqFISH_plus_cortex_svz_zeisel_sccortex_ref_shared10000/fold0/mode_a_split.json,repository/results/protocol_a_full_rerun_20260711/inputs/seqFISH_plus_cortex_svz_zeisel_sccortex_ref_shared10000/fold0/full_truth.npy,repository/results/protocol_a_full_rerun_20260711/baselines/SpaGE/seqFISH_plus_cortex_svz_zeisel_sccortex_ref_shared10000/fold0/imputed_expression.npy,repository/results/protocol_a_full_rerun_20260711/baselines/SpaGE/seqFISH_plus_cortex_svz_zeisel_sccortex_ref_shared10000/fold0/adapter_run_audit.json,archive/label_provenance/matched_labels/seqfish_plus_cortex_svz_matched_cell_types.csv,2000,1972,28,984,656,0.23425915162701819,0.36029278609074206,20,20,9,50,50,20
seqFISH+ cortex/SVZ,seqFISH_plus_cortex_svz_zeisel_sccortex_ref_shared10000,SpaGE,raw_identity,0,Choroid Plexus,99,814,seqFISH_plus_cortex_svz_zeisel_sccortex_ref_shared10000.fold0.SpaGE,(mean_in-mean_out)/sqrt((var_in+var_out)/2),0,repository/results/protocol_a_full_rerun_20260711/inputs/seqFISH_plus_cortex_svz_zeisel_sccortex_ref_shared10000/fold0/mode_a_split.json,repository/results/protocol_a_full_rerun_20260711/inputs/seqFISH_plus_cortex_svz_zeisel_sccortex_ref_shared10000/fold0/full_truth.npy,repository/results/protocol_a_full_rerun_20260711/baselines/SpaGE/seqFISH_plus_cortex_svz_zeisel_sccortex_ref_shared10000/fold0/imputed_expression.npy,repository/results/protocol_a_full_rerun_20260711/baselines/SpaGE/seqFISH_plus_cortex_svz_zeisel_sccortex_ref_shared10000/fold0/adapter_run_audit.json,archive/label_provenance/matched_labels/seqfish_plus_cortex_svz_matched_cell_types.csv,2000,1972,28,733,681,0.31706509240889552,0.77829867682884835,20,20,1,50,50,8
seqFISH+ cortex/SVZ,seqFISH_plus_cortex_svz_zeisel_sccortex_ref_shared10000,SpaGE,raw_identity,0,Endothelial,68,845,seqFISH_plus_cortex_svz_zeisel_sccortex_ref_shared10000.fold0.SpaGE,(mean_in-mean_out)/sqrt((var_in+var_out)/2),0,repository/results/protocol_a_full_rerun_20260711/inputs/seqFISH_plus_cortex_svz_zeisel_sccortex_ref_shared10000/fold0/mode_a_split.json,repository/results/protocol_a_full_rerun_20260711/inputs/seqFISH_plus_cortex_svz_zeisel_sccortex_ref_shared10000/fold0/full_truth.npy,repository/results/protocol_a_full_rerun_20260711/baselines/SpaGE/seqFISH_plus_cortex_svz_zeisel_sccortex_ref_shared10000/fold0/imputed_expression.npy,repository/results/protocol_a_full_rerun_20260711/baselines/SpaGE/seqFISH_plus_cortex_svz_zeisel_sccortex_ref_shared10000/fold0/adapter_run_audit.json,archive/label_provenance/matched_labels/seqfish_plus_cortex_svz_matched_cell_types.csv,2000,1972,28,259,378,0.25702269063741656,0.71739845246116052,20,20,6,50,50,21
seqFISH+ cortex/SVZ,seqFISH_plus_cortex_svz_zeisel_sccortex_ref_shared10000,SpaGE,raw_identity,0,Ependymal,20,893,seqFISH_plus_cortex_svz_zeisel_sccortex_ref_shared10000.fold0.SpaGE,(mean_in-mean_out)/sqrt((var_in+var_out)/2),0,repository/results/protocol_a_full_rerun_20260711/inputs/seqFISH_plus_cortex_svz_zeisel_sccortex_ref_shared10000/fold0/mode_a_split.json,repository/results/protocol_a_full_rerun_20260711/inputs/seqFISH_plus_cortex_svz_zeisel_sccortex_ref_shared10000/fold0/full_truth.npy,repository/results/protocol_a_full_rerun_20260711/baselines/SpaGE/seqFISH_plus_cortex_svz_zeisel_sccortex_ref_shared10000/fold0/imputed_expression.npy,repository/results/protocol_a_full_rerun_20260711/baselines/SpaGE/seqFISH_plus_cortex_svz_zeisel_sccortex_ref_shared10000/fold0/adapter_run_audit.json,archive/label_provenance/matched_labels/seqfish_plus_cortex_svz_matched_cell_types.csv,2000,1972,28,220,230,0.10928416989915547,0.59632267013568385,20,20,1,50,50,2
seqFISH+ cortex/SVZ,seqFISH_plus_cortex_svz_zeisel_sccortex_ref_shared10000,SpaGE,raw_identity,0,Excitatory neuron,337,576,seqFISH_plus_cortex_svz_zeisel_sccortex_ref_shared10000.fold0.SpaGE,(mean_in-mean_out)/sqrt((var_in+var_out)/2),0,repository/results/protocol_a_full_rerun_20260711/inputs/seqFISH_plus_cortex_svz_zeisel_sccortex_ref_shared10000/fold0/mode_a_split.json,repository/results/protocol_a_full_rerun_20260711/inputs/seqFISH_plus_cortex_svz_zeisel_sccortex_ref_shared10000/fold0/full_truth.npy,repository/results/protocol_a_full_rerun_20260711/baselines/SpaGE/seqFISH_plus_cortex_svz_zeisel_sccortex_ref_shared10000/fold0/imputed_expression.npy,repository/results/protocol_a_full_rerun_20260711/baselines/SpaGE/seqFISH_plus_cortex_svz_zeisel_sccortex_ref_shared10000/fold0/adapter_run_audit.json,archive/label_provenance/matched_labels/seqfish_plus_cortex_svz_matched_cell_types.csv,2000,1972,28,1877,1403,0.47355425958972597,1.003610250847055,20,20,6,50,50,15
seqFISH+ cortex/SVZ,seqFISH_plus_cortex_svz_zeisel_sccortex_ref_shared10000,SpaGE,raw_identity,0,Interneuron,60,853,seqFISH_plus_cortex_svz_zeisel_sccortex_ref_shared10000.fold0.SpaGE,(mean_in-mean_out)/sqrt((var_in+var_out)/2),0,repository/results/protocol_a_full_rerun_20260711/inputs/seqFISH_plus_cortex_svz_zeisel_sccortex_ref_shared10000/fold0/mode_a_split.json,repository/results/protocol_a_full_rerun_20260711/inputs/seqFISH_plus_cortex_svz_zeisel_sccortex_ref_shared10000/fold0/full_truth.npy,repository/results/protocol_a_full_rerun_20260711/baselines/SpaGE/seqFISH_plus_cortex_svz_zeisel_sccortex_ref_shared10000/fold0/imputed_expression.npy,repository/results/protocol_a_full_rerun_20260711/baselines/SpaGE/seqFISH_plus_cortex_svz_zeisel_sccortex_ref_shared10000/fold0/adapter_run_audit.json,archive/label_provenance/matched_labels/seqfish_plus_cortex_svz_matched_cell_types.csv,2000,1972,28,1539,1262,0.31074004695931723,0.62717894856504774,20,20,3,50,50,12
seqFISH+ cortex/SVZ,seqFISH_plus_cortex_svz_zeisel_sccortex_ref_shared10000,SpaGE,raw_identity,0,Microglia,30,883,seqFISH_plus_cortex_svz_zeisel_sccortex_ref_shared10000.fold0.SpaGE,(mean_in-mean_out)/sqrt((var_in+var_out)/2),0,repository/results/protocol_a_full_rerun_20260711/inputs/seqFISH_plus_cortex_svz_zeisel_sccortex_ref_shared10000/fold0/mode_a_split.json,repository/results/protocol_a_full_rerun_20260711/inputs/seqFISH_plus_cortex_svz_zeisel_sccortex_ref_shared10000/fold0/full_truth.npy,repository/results/protocol_a_full_rerun_20260711/baselines/SpaGE/seqFISH_plus_cortex_svz_zeisel_sccortex_ref_shared10000/fold0/imputed_expression.npy,repository/results/protocol_a_full_rerun_20260711/baselines/SpaGE/seqFISH_plus_cortex_svz_zeisel_sccortex_ref_shared10000/fold0/adapter_run_audit.json,archive/label_provenance/matched_labels/seqfish_plus_cortex_svz_matched_cell_types.csv,2000,1972,28,246,270,0.10021430998351155,0.52763079567249971,20,20,2,50,50,5
seqFISH+ cortex/SVZ,seqFISH_plus_cortex_svz_zeisel_sccortex_ref_shared10000,SpaGE,raw_identity,0,Neural Stem,68,845,seqFISH_plus_cortex_svz_zeisel_sccortex_ref_shared10000.fold0.SpaGE,(mean_in-mean_out)/sqrt((var_in+var_out)/2),0,repository/results/protocol_a_full_rerun_20260711/inputs/seqFISH_plus_cortex_svz_zeisel_sccortex_ref_shared10000/fold0/mode_a_split.json,repository/results/protocol_a_full_rerun_20260711/inputs/seqFISH_plus_cortex_svz_zeisel_sccortex_ref_shared10000/fold0/full_truth.npy,repository/results/protocol_a_full_rerun_20260711/baselines/SpaGE/seqFISH_plus_cortex_svz_zeisel_sccortex_ref_shared10000/fold0/imputed_expression.npy,repository/results/protocol_a_full_rerun_20260711/baselines/SpaGE/seqFISH_plus_cortex_svz_zeisel_sccortex_ref_shared10000/fold0/adapter_run_audit.json,archive/label_provenance/matched_labels/seqfish_plus_cortex_svz_matched_cell_types.csv,2000,1972,28,101,252,0.15437472090772408,0.51204955487184356,20,20,0,50,50,2
seqFISH+ cortex/SVZ,seqFISH_plus_cortex_svz_zeisel_sccortex_ref_shared10000,SpaGE,raw_identity,0,Neuroblast,128,785,seqFISH_plus_cortex_svz_zeisel_sccortex_ref_shared10000.fold0.SpaGE,(mean_in-mean_out)/sqrt((var_in+var_out)/2),0,repository/results/protocol_a_full_rerun_20260711/inputs/seqFISH_plus_cortex_svz_zeisel_sccortex_ref_shared10000/fold0/mode_a_split.json,repository/results/protocol_a_full_rerun_20260711/inputs/seqFISH_plus_cortex_svz_zeisel_sccortex_ref_shared10000/fold0/full_truth.npy,repository/results/protocol_a_full_rerun_20260711/baselines/SpaGE/seqFISH_plus_cortex_svz_zeisel_sccortex_ref_shared10000/fold0/imputed_expression.npy,repository/results/protocol_a_full_rerun_20260711/baselines/SpaGE/seqFISH_plus_cortex_svz_zeisel_sccortex_ref_shared10000/fold0/adapter_run_audit.json,archive/label_provenance/matched_labels/seqfish_plus_cortex_svz_matched_cell_types.csv,2000,1972,28,83,245,0.075505564776218823,0.72484304924265786,20,20,0,50,50,3
seqFISH+ cortex/SVZ,seqFISH_plus_cortex_svz_zeisel_sccortex_ref_shared10000,SpaGE,raw_identity,0,Oligodendrocyte,41,872,seqFISH_plus_cortex_svz_zeisel_sccortex_ref_shared10000.fold0.SpaGE,(mean_in-mean_out)/sqrt((var_in+var_out)/2),0,repository/results/protocol_a_full_rerun_20260711/inputs/seqFISH_plus_cortex_svz_zeisel_sccortex_ref_shared10000/fold0/mode_a_split.json,repository/results/protocol_a_full_rerun_20260711/inputs/seqFISH_plus_cortex_svz_zeisel_sccortex_ref_shared10000/fold0/full_truth.npy,repository/results/protocol_a_full_rerun_20260711/baselines/SpaGE/seqFISH_plus_cortex_svz_zeisel_sccortex_ref_shared10000/fold0/imputed_expression.npy,repository/results/protocol_a_full_rerun_20260711/baselines/SpaGE/seqFISH_plus_cortex_svz_zeisel_sccortex_ref_shared10000/fold0/adapter_run_audit.json,archive/label_provenance/matched_labels/seqfish_plus_cortex_svz_matched_cell_types.csv,2000,1972,28,1086,641,0.34234628762821256,0.60754048389359083,20,20,9,50,50,26
seqFISH+ cortex/SVZ,seqFISH_plus_cortex_svz_zeisel_sccortex_ref_shared10000,stPlus,raw_identity,0,Astrocyte,62,851,seqFISH_plus_cortex_svz_zeisel_sccortex_ref_shared10000.fold0.stPlus,(mean_in-mean_out)/sqrt((var_in+var_out)/2),0,repository/results/protocol_a_full_rerun_20260711/inputs/seqFISH_plus_cortex_svz_zeisel_sccortex_ref_shared10000/fold0/mode_a_split.json,repository/results/protocol_a_full_rerun_20260711/inputs/seqFISH_plus_cortex_svz_zeisel_sccortex_ref_shared10000/fold0/full_truth.npy,repository/results/protocol_a_full_rerun_20260711/baselines/stPlus/seqFISH_plus_cortex_svz_zeisel_sccortex_ref_shared10000/fold0/imputed_expression.npy,repository/results/protocol_a_full_rerun_20260711/baselines/stPlus/seqFISH_plus_cortex_svz_zeisel_sccortex_ref_shared10000/fold0/adapter_run_audit.json,archive/label_provenance/matched_labels/seqfish_plus_cortex_svz_matched_cell_types.csv,2000,1906,94,958,1251,0.035681982100983625,0.19438830960917403,20,20,0,50,50,1
seqFISH+ cortex/SVZ,seqFISH_plus_cortex_svz_zeisel_sccortex_ref_shared10000,stPlus,raw_identity,0,Choroid Plexus,99,814,seqFISH_plus_cortex_svz_zeisel_sccortex_ref_shared10000.fold0.stPlus,(mean_in-mean_out)/sqrt((var_in+var_out)/2),0,repository/results/protocol_a_full_rerun_20260711/inputs/seqFISH_plus_cortex_svz_zeisel_sccortex_ref_shared10000/fold0/mode_a_split.json,repository/results/protocol_a_full_rerun_20260711/inputs/seqFISH_plus_cortex_svz_zeisel_sccortex_ref_shared10000/fold0/full_truth.npy,repository/results/protocol_a_full_rerun_20260711/baselines/stPlus/seqFISH_plus_cortex_svz_zeisel_sccortex_ref_shared10000/fold0/imputed_expression.npy,repository/results/protocol_a_full_rerun_20260711/baselines/stPlus/seqFISH_plus_cortex_svz_zeisel_sccortex_ref_shared10000/fold0/adapter_run_audit.json,archive/label_provenance/matched_labels/seqfish_plus_cortex_svz_matched_cell_types.csv,2000,1906,94,709,1209,0.11589046900204732,0.26115580830898494,20,20,0,50,50,2
seqFISH+ cortex/SVZ,seqFISH_plus_cortex_svz_zeisel_sccortex_ref_shared10000,stPlus,raw_identity,0,Endothelial,68,845,seqFISH_plus_cortex_svz_zeisel_sccortex_ref_shared10000.fold0.stPlus,(mean_in-mean_out)/sqrt((var_in+var_out)/2),0,repository/results/protocol_a_full_rerun_20260711/inputs/seqFISH_plus_cortex_svz_zeisel_sccortex_ref_shared10000/fold0/mode_a_split.json,repository/results/protocol_a_full_rerun_20260711/inputs/seqFISH_plus_cortex_svz_zeisel_sccortex_ref_shared10000/fold0/full_truth.npy,repository/results/protocol_a_full_rerun_20260711/baselines/stPlus/seqFISH_plus_cortex_svz_zeisel_sccortex_ref_shared10000/fold0/imputed_expression.npy,repository/results/protocol_a_full_rerun_20260711/baselines/stPlus/seqFISH_plus_cortex_svz_zeisel_sccortex_ref_shared10000/fold0/adapter_run_audit.json,archive/label_provenance/matched_labels/seqfish_plus_cortex_svz_matched_cell_types.csv,2000,1906,94,253,817,0.19669829786510915,0.27851623191439828,20,20,0,50,50,1
seqFISH+ cortex/SVZ,seqFISH_plus_cortex_svz_zeisel_sccortex_ref_shared10000,stPlus,raw_identity,0,Ependymal,20,893,seqFISH_plus_cortex_svz_zeisel_sccortex_ref_shared10000.fold0.stPlus,(mean_in-mean_out)/sqrt((var_in+var_out)/2),0,repository/results/protocol_a_full_rerun_20260711/inputs/seqFISH_plus_cortex_svz_zeisel_sccortex_ref_shared10000/fold0/mode_a_split.json,repository/results/protocol_a_full_rerun_20260711/inputs/seqFISH_plus_cortex_svz_zeisel_sccortex_ref_shared10000/fold0/full_truth.npy,repository/results/protocol_a_full_rerun_20260711/baselines/stPlus/seqFISH_plus_cortex_svz_zeisel_sccortex_ref_shared10000/fold0/imputed_expression.npy,repository/results/protocol_a_full_rerun_20260711/baselines/stPlus/seqFISH_plus_cortex_svz_zeisel_sccortex_ref_shared10000/fold0/adapter_run_audit.json,archive/label_provenance/matched_labels/seqfish_plus_cortex_svz_matched_cell_types.csv,2000,1906,94,213,1093,-0.026450366007483191,0.44901154693713535,20,20,0,50,50,1
seqFISH+ cortex/SVZ,seqFISH_plus_cortex_svz_zeisel_sccortex_ref_shared10000,stPlus,raw_identity,0,Excitatory neuron,337,576,seqFISH_plus_cortex_svz_zeisel_sccortex_ref_shared10000.fold0.stPlus,(mean_in-mean_out)/sqrt((var_in+var_out)/2),0,repository/results/protocol_a_full_rerun_20260711/inputs/seqFISH_plus_cortex_svz_zeisel_sccortex_ref_shared10000/fold0/mode_a_split.json,repository/results/protocol_a_full_rerun_20260711/inputs/seqFISH_plus_cortex_svz_zeisel_sccortex_ref_shared10000/fold0/full_truth.npy,repository/results/protocol_a_full_rerun_20260711/baselines/stPlus/seqFISH_plus_cortex_svz_zeisel_sccortex_ref_shared10000/fold0/imputed_expression.npy,repository/results/protocol_a_full_rerun_20260711/baselines/stPlus/seqFISH_plus_cortex_svz_zeisel_sccortex_ref_shared10000/fold0/adapter_run_audit.json,archive/label_provenance/matched_labels/seqfish_plus_cortex_svz_matched_cell_types.csv,2000,1906,94,1812,1162,0.34501792877115905,0.2798459232042575,20,20,0,50,50,0
seqFISH+ cortex/SVZ,seqFISH_plus_cortex_svz_zeisel_sccortex_ref_shared10000,stPlus,raw_identity,0,Interneuron,60,853,seqFISH_plus_cortex_svz_zeisel_sccortex_ref_shared10000.fold0.stPlus,(mean_in-mean_out)/sqrt((var_in+var_out)/2),0,repository/results/protocol_a_full_rerun_20260711/inputs/seqFISH_plus_cortex_svz_zeisel_sccortex_ref_shared10000/fold0/mode_a_split.json,repository/results/protocol_a_full_rerun_20260711/inputs/seqFISH_plus_cortex_svz_zeisel_sccortex_ref_shared10000/fold0/full_truth.npy,repository/results/protocol_a_full_rerun_20260711/baselines/stPlus/seqFISH_plus_cortex_svz_zeisel_sccortex_ref_shared10000/fold0/imputed_expression.npy,repository/results/protocol_a_full_rerun_20260711/baselines/stPlus/seqFISH_plus_cortex_svz_zeisel_sccortex_ref_shared10000/fold0/adapter_run_audit.json,archive/label_provenance/matched_labels/seqfish_plus_cortex_svz_matched_cell_types.csv,2000,1906,94,1494,1174,0.25040943315288022,0.18765033782582796,20,20,0,50,50,0
seqFISH+ cortex/SVZ,seqFISH_plus_cortex_svz_zeisel_sccortex_ref_shared10000,stPlus,raw_identity,0,Microglia,30,883,seqFISH_plus_cortex_svz_zeisel_sccortex_ref_shared10000.fold0.stPlus,(mean_in-mean_out)/sqrt((var_in+var_out)/2),0,repository/results/protocol_a_full_rerun_20260711/inputs/seqFISH_plus_cortex_svz_zeisel_sccortex_ref_shared10000/fold0/mode_a_split.json,repository/results/protocol_a_full_rerun_20260711/inputs/seqFISH_plus_cortex_svz_zeisel_sccortex_ref_shared10000/fold0/full_truth.npy,repository/results/protocol_a_full_rerun_20260711/baselines/stPlus/seqFISH_plus_cortex_svz_zeisel_sccortex_ref_shared10000/fold0/imputed_expression.npy,repository/results/protocol_a_full_rerun_20260711/baselines/stPlus/seqFISH_plus_cortex_svz_zeisel_sccortex_ref_shared10000/fold0/adapter_run_audit.json,archive/label_provenance/matched_labels/seqfish_plus_cortex_svz_matched_cell_types.csv,2000,1906,94,233,527,0.12397429049385951,0.33377067272007888,20,20,1,50,50,4
seqFISH+ cortex/SVZ,seqFISH_plus_cortex_svz_zeisel_sccortex_ref_shared10000,stPlus,raw_identity,0,Neural Stem,68,845,seqFISH_plus_cortex_svz_zeisel_sccortex_ref_shared10000.fold0.stPlus,(mean_in-mean_out)/sqrt((var_in+var_out)/2),0,repository/results/protocol_a_full_rerun_20260711/inputs/seqFISH_plus_cortex_svz_zeisel_sccortex_ref_shared10000/fold0/mode_a_split.json,repository/results/protocol_a_full_rerun_20260711/inputs/seqFISH_plus_cortex_svz_zeisel_sccortex_ref_shared10000/fold0/full_truth.npy,repository/results/protocol_a_full_rerun_20260711/baselines/stPlus/seqFISH_plus_cortex_svz_zeisel_sccortex_ref_shared10000/fold0/imputed_expression.npy,repository/results/protocol_a_full_rerun_20260711/baselines/stPlus/seqFISH_plus_cortex_svz_zeisel_sccortex_ref_shared10000/fold0/adapter_run_audit.json,archive/label_provenance/matched_labels/seqfish_plus_cortex_svz_matched_cell_types.csv,2000,1906,94,100,523,0.17543648219286689,0.26272409893047849,20,20,0,50,50,3
seqFISH+ cortex/SVZ,seqFISH_plus_cortex_svz_zeisel_sccortex_ref_shared10000,stPlus,raw_identity,0,Neuroblast,128,785,seqFISH_plus_cortex_svz_zeisel_sccortex_ref_shared10000.fold0.stPlus,(mean_in-mean_out)/sqrt((var_in+var_out)/2),0,repository/results/protocol_a_full_rerun_20260711/inputs/seqFISH_plus_cortex_svz_zeisel_sccortex_ref_shared10000/fold0/mode_a_split.json,repository/results/protocol_a_full_rerun_20260711/inputs/seqFISH_plus_cortex_svz_zeisel_sccortex_ref_shared10000/fold0/full_truth.npy,repository/results/protocol_a_full_rerun_20260711/baselines/stPlus/seqFISH_plus_cortex_svz_zeisel_sccortex_ref_shared10000/fold0/imputed_expression.npy,repository/results/protocol_a_full_rerun_20260711/baselines/stPlus/seqFISH_plus_cortex_svz_zeisel_sccortex_ref_shared10000/fold0/adapter_run_audit.json,archive/label_provenance/matched_labels/seqfish_plus_cortex_svz_matched_cell_types.csv,2000,1906,94,82,501,0.025828245584665711,0.30190839665592878,20,20,0,50,50,1
seqFISH+ cortex/SVZ,seqFISH_plus_cortex_svz_zeisel_sccortex_ref_shared10000,stPlus,raw_identity,0,Oligodendrocyte,41,872,seqFISH_plus_cortex_svz_zeisel_sccortex_ref_shared10000.fold0.stPlus,(mean_in-mean_out)/sqrt((var_in+var_out)/2),0,repository/results/protocol_a_full_rerun_20260711/inputs/seqFISH_plus_cortex_svz_zeisel_sccortex_ref_shared10000/fold0/mode_a_split.json,repository/results/protocol_a_full_rerun_20260711/inputs/seqFISH_plus_cortex_svz_zeisel_sccortex_ref_shared10000/fold0/full_truth.npy,repository/results/protocol_a_full_rerun_20260711/baselines/stPlus/seqFISH_plus_cortex_svz_zeisel_sccortex_ref_shared10000/fold0/imputed_expression.npy,repository/results/protocol_a_full_rerun_20260711/baselines/stPlus/seqFISH_plus_cortex_svz_zeisel_sccortex_ref_shared10000/fold0/adapter_run_audit.json,archive/label_provenance/matched_labels/seqfish_plus_cortex_svz_matched_cell_types.csv,2000,1906,94,1049,1180,-0.05205367757997495,0.30437192789711981,20,20,0,50,50,0
seqFISH+ cortex/SVZ,seqFISH_plus_cortex_svz_zeisel_sccortex_ref_shared10000,stAI,raw_identity,0,Astrocyte,62,851,seqFISH_plus_cortex_svz_zeisel_sccortex_ref_shared10000.fold0.stAI,(mean_in-mean_out)/sqrt((var_in+var_out)/2),0,repository/results/protocol_a_full_rerun_20260711/inputs/seqFISH_plus_cortex_svz_zeisel_sccortex_ref_shared10000/fold0/mode_a_split.json,repository/results/protocol_a_full_rerun_20260711/inputs/seqFISH_plus_cortex_svz_zeisel_sccortex_ref_shared10000/fold0/full_truth.npy,repository/results/protocol_a_full_rerun_20260711/baselines/stAI/seqFISH_plus_cortex_svz_zeisel_sccortex_ref_shared10000/fold0/imputed_expression.npy,repository/results/protocol_a_full_rerun_20260711/baselines/stAI/seqFISH_plus_cortex_svz_zeisel_sccortex_ref_shared10000/fold0/adapter_run_audit.json,archive/label_provenance/matched_labels/seqfish_plus_cortex_svz_matched_cell_types.csv,2000,1936,64,974,406,0.1492302640128963,0.25136499568781107,20,20,4,50,50,15
seqFISH+ cortex/SVZ,seqFISH_plus_cortex_svz_zeisel_sccortex_ref_shared10000,stAI,raw_identity,0,Choroid Plexus,99,814,seqFISH_plus_cortex_svz_zeisel_sccortex_ref_shared10000.fold0.stAI,(mean_in-mean_out)/sqrt((var_in+var_out)/2),0,repository/results/protocol_a_full_rerun_20260711/inputs/seqFISH_plus_cortex_svz_zeisel_sccortex_ref_shared10000/fold0/mode_a_split.json,repository/results/protocol_a_full_rerun_20260711/inputs/seqFISH_plus_cortex_svz_zeisel_sccortex_ref_shared10000/fold0/full_truth.npy,repository/results/protocol_a_full_rerun_20260711/baselines/stAI/seqFISH_plus_cortex_svz_zeisel_sccortex_ref_shared10000/fold0/imputed_expression.npy,repository/results/protocol_a_full_rerun_20260711/baselines/stAI/seqFISH_plus_cortex_svz_zeisel_sccortex_ref_shared10000/fold0/adapter_run_audit.json,archive/label_provenance/matched_labels/seqfish_plus_cortex_svz_matched_cell_types.csv,2000,1936,64,721,305,0.24238101124655084,0.64331305015399154,20,20,0,50,50,5
seqFISH+ cortex/SVZ,seqFISH_plus_cortex_svz_zeisel_sccortex_ref_shared10000,stAI,raw_identity,0,Endothelial,68,845,seqFISH_plus_cortex_svz_zeisel_sccortex_ref_shared10000.fold0.stAI,(mean_in-mean_out)/sqrt((var_in+var_out)/2),0,repository/results/protocol_a_full_rerun_20260711/inputs/seqFISH_plus_cortex_svz_zeisel_sccortex_ref_shared10000/fold0/mode_a_split.json,repository/results/protocol_a_full_rerun_20260711/inputs/seqFISH_plus_cortex_svz_zeisel_sccortex_ref_shared10000/fold0/full_truth.npy,repository/results/protocol_a_full_rerun_20260711/baselines/stAI/seqFISH_plus_cortex_svz_zeisel_sccortex_ref_shared10000/fold0/imputed_expression.npy,repository/results/protocol_a_full_rerun_20260711/baselines/stAI/seqFISH_plus_cortex_svz_zeisel_sccortex_ref_shared10000/fold0/adapter_run_audit.json,archive/label_provenance/matched_labels/seqfish_plus_cortex_svz_matched_cell_types.csv,2000,1936,64,255,195,0.15083985600878594,0.61420612886726211,20,20,3,50,50,13
seqFISH+ cortex/SVZ,seqFISH_plus_cortex_svz_zeisel_sccortex_ref_shared10000,stAI,raw_identity,0,Ependymal,20,893,seqFISH_plus_cortex_svz_zeisel_sccortex_ref_shared10000.fold0.stAI,(mean_in-mean_out)/sqrt((var_in+var_out)/2),0,repository/results/protocol_a_full_rerun_20260711/inputs/seqFISH_plus_cortex_svz_zeisel_sccortex_ref_shared10000/fold0/mode_a_split.json,repository/results/protocol_a_full_rerun_20260711/inputs/seqFISH_plus_cortex_svz_zeisel_sccortex_ref_shared10000/fold0/full_truth.npy,repository/results/protocol_a_full_rerun_20260711/baselines/stAI/seqFISH_plus_cortex_svz_zeisel_sccortex_ref_shared10000/fold0/imputed_expression.npy,repository/results/protocol_a_full_rerun_20260711/baselines/stAI/seqFISH_plus_cortex_svz_zeisel_sccortex_ref_shared10000/fold0/adapter_run_audit.json,archive/label_provenance/matched_labels/seqfish_plus_cortex_svz_matched_cell_types.csv,2000,1936,64,216,177,0.014674078441235978,0.48500183135004671,20,20,0,50,50,1
seqFISH+ cortex/SVZ,seqFISH_plus_cortex_svz_zeisel_sccortex_ref_shared10000,stAI,raw_identity,0,Excitatory neuron,337,576,seqFISH_plus_cortex_svz_zeisel_sccortex_ref_shared10000.fold0.stAI,(mean_in-mean_out)/sqrt((var_in+var_out)/2),0,repository/results/protocol_a_full_rerun_20260711/inputs/seqFISH_plus_cortex_svz_zeisel_sccortex_ref_shared10000/fold0/mode_a_split.json,repository/results/protocol_a_full_rerun_20260711/inputs/seqFISH_plus_cortex_svz_zeisel_sccortex_ref_shared10000/fold0/full_truth.npy,repository/results/protocol_a_full_rerun_20260711/baselines/stAI/seqFISH_plus_cortex_svz_zeisel_sccortex_ref_shared10000/fold0/imputed_expression.npy,repository/results/protocol_a_full_rerun_20260711/baselines/stAI/seqFISH_plus_cortex_svz_zeisel_sccortex_ref_shared10000/fold0/adapter_run_audit.json,archive/label_provenance/matched_labels/seqfish_plus_cortex_svz_matched_cell_types.csv,2000,1936,64,1842,1722,0.36292164556097517,0.78461220227001982,20,20,0,50,50,3
seqFISH+ cortex/SVZ,seqFISH_plus_cortex_svz_zeisel_sccortex_ref_shared10000,stAI,raw_identity,0,Interneuron,60,853,seqFISH_plus_cortex_svz_zeisel_sccortex_ref_shared10000.fold0.stAI,(mean_in-mean_out)/sqrt((var_in+var_out)/2),0,repository/results/protocol_a_full_rerun_20260711/inputs/seqFISH_plus_cortex_svz_zeisel_sccortex_ref_shared10000/fold0/mode_a_split.json,repository/results/protocol_a_full_rerun_20260711/inputs/seqFISH_plus_cortex_svz_zeisel_sccortex_ref_shared10000/fold0/full_truth.npy,repository/results/protocol_a_full_rerun_20260711/baselines/stAI/seqFISH_plus_cortex_svz_zeisel_sccortex_ref_shared10000/fold0/imputed_expression.npy,repository/results/protocol_a_full_rerun_20260711/baselines/stAI/seqFISH_plus_cortex_svz_zeisel_sccortex_ref_shared10000/fold0/adapter_run_audit.json,archive/label_provenance/matched_labels/seqfish_plus_cortex_svz_matched_cell_types.csv,2000,1936,64,1507,1595,0.14624280168362702,0.27510804747861362,20,20,1,50,50,5
seqFISH+ cortex/SVZ,seqFISH_plus_cortex_svz_zeisel_sccortex_ref_shared10000,stAI,raw_identity,0,Microglia,30,883,seqFISH_plus_cortex_svz_zeisel_sccortex_ref_shared10000.fold0.stAI,(mean_in-mean_out)/sqrt((var_in+var_out)/2),0,repository/results/protocol_a_full_rerun_20260711/inputs/seqFISH_plus_cortex_svz_zeisel_sccortex_ref_shared10000/fold0/mode_a_split.json,repository/results/protocol_a_full_rerun_20260711/inputs/seqFISH_plus_cortex_svz_zeisel_sccortex_ref_shared10000/fold0/full_truth.npy,repository/results/protocol_a_full_rerun_20260711/baselines/stAI/seqFISH_plus_cortex_svz_zeisel_sccortex_ref_shared10000/fold0/imputed_expression.npy,repository/results/protocol_a_full_rerun_20260711/baselines/stAI/seqFISH_plus_cortex_svz_zeisel_sccortex_ref_shared10000/fold0/adapter_run_audit.json,archive/label_provenance/matched_labels/seqfish_plus_cortex_svz_matched_cell_types.csv,2000,1936,64,244,165,0.022031455679576213,0.48386878857669602,20,20,4,50,50,8
seqFISH+ cortex/SVZ,seqFISH_plus_cortex_svz_zeisel_sccortex_ref_shared10000,stAI,raw_identity,0,Neural Stem,68,845,seqFISH_plus_cortex_svz_zeisel_sccortex_ref_shared10000.fold0.stAI,(mean_in-mean_out)/sqrt((var_in+var_out)/2),0,repository/results/protocol_a_full_rerun_20260711/inputs/seqFISH_plus_cortex_svz_zeisel_sccortex_ref_shared10000/fold0/mode_a_split.json,repository/results/protocol_a_full_rerun_20260711/inputs/seqFISH_plus_cortex_svz_zeisel_sccortex_ref_shared10000/fold0/full_truth.npy,repository/results/protocol_a_full_rerun_20260711/baselines/stAI/seqFISH_plus_cortex_svz_zeisel_sccortex_ref_shared10000/fold0/imputed_expression.npy,repository/results/protocol_a_full_rerun_20260711/baselines/stAI/seqFISH_plus_cortex_svz_zeisel_sccortex_ref_shared10000/fold0/adapter_run_audit.json,archive/label_provenance/matched_labels/seqfish_plus_cortex_svz_matched_cell_types.csv,2000,1936,64,98,178,0.021645136287711825,0.40021518443357806,20,20,0,50,50,2
seqFISH+ cortex/SVZ,seqFISH_plus_cortex_svz_zeisel_sccortex_ref_shared10000,stAI,raw_identity,0,Neuroblast,128,785,seqFISH_plus_cortex_svz_zeisel_sccortex_ref_shared10000.fold0.stAI,(mean_in-mean_out)/sqrt((var_in+var_out)/2),0,repository/results/protocol_a_full_rerun_20260711/inputs/seqFISH_plus_cortex_svz_zeisel_sccortex_ref_shared10000/fold0/mode_a_split.json,repository/results/protocol_a_full_rerun_20260711/inputs/seqFISH_plus_cortex_svz_zeisel_sccortex_ref_shared10000/fold0/full_truth.npy,repository/results/protocol_a_full_rerun_20260711/baselines/stAI/seqFISH_plus_cortex_svz_zeisel_sccortex_ref_shared10000/fold0/imputed_expression.npy,repository/results/protocol_a_full_rerun_20260711/baselines/stAI/seqFISH_plus_cortex_svz_zeisel_sccortex_ref_shared10000/fold0/adapter_run_audit.json,archive/label_provenance/matched_labels/seqfish_plus_cortex_svz_matched_cell_types.csv,2000,1936,64,83,158,0.0088139411439596381,0.63261111453571384,20,20,0,50,50,3
seqFISH+ cortex/SVZ,seqFISH_plus_cortex_svz_zeisel_sccortex_ref_shared10000,stAI,raw_identity,0,Oligodendrocyte,41,872,seqFISH_plus_cortex_svz_zeisel_sccortex_ref_shared10000.fold0.stAI,(mean_in-mean_out)/sqrt((var_in+var_out)/2),0,repository/results/protocol_a_full_rerun_20260711/inputs/seqFISH_plus_cortex_svz_zeisel_sccortex_ref_shared10000/fold0/mode_a_split.json,repository/results/protocol_a_full_rerun_20260711/inputs/seqFISH_plus_cortex_svz_zeisel_sccortex_ref_shared10000/fold0/full_truth.npy,repository/results/protocol_a_full_rerun_20260711/baselines/stAI/seqFISH_plus_cortex_svz_zeisel_sccortex_ref_shared10000/fold0/imputed_expression.npy,repository/results/protocol_a_full_rerun_20260711/baselines/stAI/seqFISH_plus_cortex_svz_zeisel_sccortex_ref_shared10000/fold0/adapter_run_audit.json,archive/label_provenance/matched_labels/seqfish_plus_cortex_svz_matched_cell_types.csv,2000,1936,64,1060,632,0.31460288859890417,0.48627005322420547,20,20,8,50,50,20
seqFISH+ cortex/SVZ,seqFISH_plus_cortex_svz_zeisel_sccortex_ref_shared10000,GeneSPT,validation_selected_readout_genespt57,1,Astrocyte,62,851,seqFISH_plus_cortex_svz_zeisel_sccortex_ref_shared10000.fold1.GeneSPT,(mean_in-mean_out)/sqrt((var_in+var_out)/2),0,repository/results/protocol_a_full_rerun_20260711/inputs/seqFISH_plus_cortex_svz_zeisel_sccortex_ref_shared10000/fold1/mode_a_split.json,repository/results/protocol_a_full_rerun_20260711/inputs/seqFISH_plus_cortex_svz_zeisel_sccortex_ref_shared10000/fold1/full_truth.npy,repository/results/protocol_a_full_rerun_20260711/evaluation/validation_selected_readout_genespt57/test_predictions/seqFISH_plus_cortex_svz_zeisel_sccortex_ref_shared10000/fold1/GeneSPT.npz,repository/results/protocol_a_full_rerun_20260711/evaluation/validation_selected_readout_genespt57/test_predictions/seqFISH_plus_cortex_svz_zeisel_sccortex_ref_shared10000/fold1/apply_manifest.json,archive/label_provenance/matched_labels/seqfish_plus_cortex_svz_matched_cell_types.csv,2000,2000,0,1015,835,0.24761656159528705,0.23751975938349854,20,20,7,50,50,24
seqFISH+ cortex/SVZ,seqFISH_plus_cortex_svz_zeisel_sccortex_ref_shared10000,GeneSPT,validation_selected_readout_genespt57,1,Choroid Plexus,99,814,seqFISH_plus_cortex_svz_zeisel_sccortex_ref_shared10000.fold1.GeneSPT,(mean_in-mean_out)/sqrt((var_in+var_out)/2),0,repository/results/protocol_a_full_rerun_20260711/inputs/seqFISH_plus_cortex_svz_zeisel_sccortex_ref_shared10000/fold1/mode_a_split.json,repository/results/protocol_a_full_rerun_20260711/inputs/seqFISH_plus_cortex_svz_zeisel_sccortex_ref_shared10000/fold1/full_truth.npy,repository/results/protocol_a_full_rerun_20260711/evaluation/validation_selected_readout_genespt57/test_predictions/seqFISH_plus_cortex_svz_zeisel_sccortex_ref_shared10000/fold1/GeneSPT.npz,repository/results/protocol_a_full_rerun_20260711/evaluation/validation_selected_readout_genespt57/test_predictions/seqFISH_plus_cortex_svz_zeisel_sccortex_ref_shared10000/fold1/apply_manifest.json,archive/label_provenance/matched_labels/seqfish_plus_cortex_svz_matched_cell_types.csv,2000,2000,0,772,682,0.34991412359110274,0.48242683247468482,20,20,4,50,50,16
seqFISH+ cortex/SVZ,seqFISH_plus_cortex_svz_zeisel_sccortex_ref_shared10000,GeneSPT,validation_selected_readout_genespt57,1,Endothelial,68,845,seqFISH_plus_cortex_svz_zeisel_sccortex_ref_shared10000.fold1.GeneSPT,(mean_in-mean_out)/sqrt((var_in+var_out)/2),0,repository/results/protocol_a_full_rerun_20260711/inputs/seqFISH_plus_cortex_svz_zeisel_sccortex_ref_shared10000/fold1/mode_a_split.json,repository/results/protocol_a_full_rerun_20260711/inputs/seqFISH_plus_cortex_svz_zeisel_sccortex_ref_shared10000/fold1/full_truth.npy,repository/results/protocol_a_full_rerun_20260711/evaluation/validation_selected_readout_genespt57/test_predictions/seqFISH_plus_cortex_svz_zeisel_sccortex_ref_shared10000/fold1/GeneSPT.npz,repository/results/protocol_a_full_rerun_20260711/evaluation/validation_selected_readout_genespt57/test_predictions/seqFISH_plus_cortex_svz_zeisel_sccortex_ref_shared10000/fold1/apply_manifest.json,archive/label_provenance/matched_labels/seqfish_plus_cortex_svz_matched_cell_types.csv,2000,2000,0,257,108,0.25994264372050691,0.71503716814867146,20,20,4,50,50,17
seqFISH+ cortex/SVZ,seqFISH_plus_cortex_svz_zeisel_sccortex_ref_shared10000,GeneSPT,validation_selected_readout_genespt57,1,Ependymal,20,893,seqFISH_plus_cortex_svz_zeisel_sccortex_ref_shared10000.fold1.GeneSPT,(mean_in-mean_out)/sqrt((var_in+var_out)/2),0,repository/results/protocol_a_full_rerun_20260711/inputs/seqFISH_plus_cortex_svz_zeisel_sccortex_ref_shared10000/fold1/mode_a_split.json,repository/results/protocol_a_full_rerun_20260711/inputs/seqFISH_plus_cortex_svz_zeisel_sccortex_ref_shared10000/fold1/full_truth.npy,repository/results/protocol_a_full_rerun_20260711/evaluation/validation_selected_readout_genespt57/test_predictions/seqFISH_plus_cortex_svz_zeisel_sccortex_ref_shared10000/fold1/GeneSPT.npz,repository/results/protocol_a_full_rerun_20260711/evaluation/validation_selected_readout_genespt57/test_predictions/seqFISH_plus_cortex_svz_zeisel_sccortex_ref_shared10000/fold1/apply_manifest.json,archive/label_provenance/matched_labels/seqfish_plus_cortex_svz_matched_cell_types.csv,2000,2000,0,233,0,0.085298498076324752,0.91933242589262021,20,0,0,50,0,0
seqFISH+ cortex/SVZ,seqFISH_plus_cortex_svz_zeisel_sccortex_ref_shared10000,GeneSPT,validation_selected_readout_genespt57,1,Excitatory neuron,337,576,seqFISH_plus_cortex_svz_zeisel_sccortex_ref_shared10000.fold1.GeneSPT,(mean_in-mean_out)/sqrt((var_in+var_out)/2),0,repository/results/protocol_a_full_rerun_20260711/inputs/seqFISH_plus_cortex_svz_zeisel_sccortex_ref_shared10000/fold1/mode_a_split.json,repository/results/protocol_a_full_rerun_20260711/inputs/seqFISH_plus_cortex_svz_zeisel_sccortex_ref_shared10000/fold1/full_truth.npy,repository/results/protocol_a_full_rerun_20260711/evaluation/validation_selected_readout_genespt57/test_predictions/seqFISH_plus_cortex_svz_zeisel_sccortex_ref_shared10000/fold1/GeneSPT.npz,repository/results/protocol_a_full_rerun_20260711/evaluation/validation_selected_readout_genespt57/test_predictions/seqFISH_plus_cortex_svz_zeisel_sccortex_ref_shared10000/fold1/apply_manifest.json,archive/label_provenance/matched_labels/seqfish_plus_cortex_svz_matched_cell_types.csv,2000,2000,0,1912,1972,0.4907572551078011,1.1957851792734073,20,20,7,50,50,20
seqFISH+ cortex/SVZ,seqFISH_plus_cortex_svz_zeisel_sccortex_ref_shared10000,GeneSPT,validation_selected_readout_genespt57,1,Interneuron,60,853,seqFISH_plus_cortex_svz_zeisel_sccortex_ref_shared10000.fold1.GeneSPT,(mean_in-mean_out)/sqrt((var_in+var_out)/2),0,repository/results/protocol_a_full_rerun_20260711/inputs/seqFISH_plus_cortex_svz_zeisel_sccortex_ref_shared10000/fold1/mode_a_split.json,repository/results/protocol_a_full_rerun_20260711/inputs/seqFISH_plus_cortex_svz_zeisel_sccortex_ref_shared10000/fold1/full_truth.npy,repository/results/protocol_a_full_rerun_20260711/evaluation/validation_selected_readout_genespt57/test_predictions/seqFISH_plus_cortex_svz_zeisel_sccortex_ref_shared10000/fold1/GeneSPT.npz,repository/results/protocol_a_full_rerun_20260711/evaluation/validation_selected_readout_genespt57/test_predictions/seqFISH_plus_cortex_svz_zeisel_sccortex_ref_shared10000/fold1/apply_manifest.json,archive/label_provenance/matched_labels/seqfish_plus_cortex_svz_matched_cell_types.csv,2000,2000,0,1575,1958,0.29233051145482408,0.47615266351935859,20,20,5,50,50,19
seqFISH+ cortex/SVZ,seqFISH_plus_cortex_svz_zeisel_sccortex_ref_shared10000,GeneSPT,validation_selected_readout_genespt57,1,Microglia,30,883,seqFISH_plus_cortex_svz_zeisel_sccortex_ref_shared10000.fold1.GeneSPT,(mean_in-mean_out)/sqrt((var_in+var_out)/2),0,repository/results/protocol_a_full_rerun_20260711/inputs/seqFISH_plus_cortex_svz_zeisel_sccortex_ref_shared10000/fold1/mode_a_split.json,repository/results/protocol_a_full_rerun_20260711/inputs/seqFISH_plus_cortex_svz_zeisel_sccortex_ref_shared10000/fold1/full_truth.npy,repository/results/protocol_a_full_rerun_20260711/evaluation/validation_selected_readout_genespt57/test_predictions/seqFISH_plus_cortex_svz_zeisel_sccortex_ref_shared10000/fold1/GeneSPT.npz,repository/results/protocol_a_full_rerun_20260711/evaluation/validation_selected_readout_genespt57/test_predictions/seqFISH_plus_cortex_svz_zeisel_sccortex_ref_shared10000/fold1/apply_manifest.json,archive/label_provenance/matched_labels/seqfish_plus_cortex_svz_matched_cell_types.csv,2000,2000,0,215,10,0.017667434179724696,0.76636277782013063,20,10,3,50,10,4
seqFISH+ cortex/SVZ,seqFISH_plus_cortex_svz_zeisel_sccortex_ref_shared10000,GeneSPT,validation_selected_readout_genespt57,1,Neural Stem,68,845,seqFISH_plus_cortex_svz_zeisel_sccortex_ref_shared10000.fold1.GeneSPT,(mean_in-mean_out)/sqrt((var_in+var_out)/2),0,repository/results/protocol_a_full_rerun_20260711/inputs/seqFISH_plus_cortex_svz_zeisel_sccortex_ref_shared10000/fold1/mode_a_split.json,repository/results/protocol_a_full_rerun_20260711/inputs/seqFISH_plus_cortex_svz_zeisel_sccortex_ref_shared10000/fold1/full_truth.npy,repository/results/protocol_a_full_rerun_20260711/evaluation/validation_selected_readout_genespt57/test_predictions/seqFISH_plus_cortex_svz_zeisel_sccortex_ref_shared10000/fold1/GeneSPT.npz,repository/results/protocol_a_full_rerun_20260711/evaluation/validation_selected_readout_genespt57/test_predictions/seqFISH_plus_cortex_svz_zeisel_sccortex_ref_shared10000/fold1/apply_manifest.json,archive/label_provenance/matched_labels/seqfish_plus_cortex_svz_matched_cell_types.csv,2000,2000,0,89,7,-0.013442669571805793,0.85367905173196801,20,7,1,50,7,3
seqFISH+ cortex/SVZ,seqFISH_plus_cortex_svz_zeisel_sccortex_ref_shared10000,GeneSPT,validation_selected_readout_genespt57,1,Neuroblast,128,785,seqFISH_plus_cortex_svz_zeisel_sccortex_ref_shared10000.fold1.GeneSPT,(mean_in-mean_out)/sqrt((var_in+var_out)/2),0,repository/results/protocol_a_full_rerun_20260711/inputs/seqFISH_plus_cortex_svz_zeisel_sccortex_ref_shared10000/fold1/mode_a_split.json,repository/results/protocol_a_full_rerun_20260711/inputs/seqFISH_plus_cortex_svz_zeisel_sccortex_ref_shared10000/fold1/full_truth.npy,repository/results/protocol_a_full_rerun_20260711/evaluation/validation_selected_readout_genespt57/test_predictions/seqFISH_plus_cortex_svz_zeisel_sccortex_ref_shared10000/fold1/GeneSPT.npz,repository/results/protocol_a_full_rerun_20260711/evaluation/validation_selected_readout_genespt57/test_predictions/seqFISH_plus_cortex_svz_zeisel_sccortex_ref_shared10000/fold1/apply_manifest.json,archive/label_provenance/matched_labels/seqfish_plus_cortex_svz_matched_cell_types.csv,2000,2000,0,62,0,0.06731240234220541,1.1471408512438013,20,0,0,50,0,0
seqFISH+ cortex/SVZ,seqFISH_plus_cortex_svz_zeisel_sccortex_ref_shared10000,GeneSPT,validation_selected_readout_genespt57,1,Oligodendrocyte,41,872,seqFISH_plus_cortex_svz_zeisel_sccortex_ref_shared10000.fold1.GeneSPT,(mean_in-mean_out)/sqrt((var_in+var_out)/2),0,repository/results/protocol_a_full_rerun_20260711/inputs/seqFISH_plus_cortex_svz_zeisel_sccortex_ref_shared10000/fold1/mode_a_split.json,repository/results/protocol_a_full_rerun_20260711/inputs/seqFISH_plus_cortex_svz_zeisel_sccortex_ref_shared10000/fold1/full_truth.npy,repository/results/protocol_a_full_rerun_20260711/evaluation/validation_selected_readout_genespt57/test_predictions/seqFISH_plus_cortex_svz_zeisel_sccortex_ref_shared10000/fold1/GeneSPT.npz,repository/results/protocol_a_full_rerun_20260711/evaluation/validation_selected_readout_genespt57/test_predictions/seqFISH_plus_cortex_svz_zeisel_sccortex_ref_shared10000/fold1/apply_manifest.json,archive/label_provenance/matched_labels/seqfish_plus_cortex_svz_matched_cell_types.csv,2000,2000,0,1130,1361,0.34915477488708657,0.36092676664800927,20,20,12,50,50,31
seqFISH+ cortex/SVZ,seqFISH_plus_cortex_svz_zeisel_sccortex_ref_shared10000,Tangram,raw_identity,1,Astrocyte,62,851,seqFISH_plus_cortex_svz_zeisel_sccortex_ref_shared10000.fold1.Tangram,(mean_in-mean_out)/sqrt((var_in+var_out)/2),0,repository/results/protocol_a_full_rerun_20260711/inputs/seqFISH_plus_cortex_svz_zeisel_sccortex_ref_shared10000/fold1/mode_a_split.json,repository/results/protocol_a_full_rerun_20260711/inputs/seqFISH_plus_cortex_svz_zeisel_sccortex_ref_shared10000/fold1/full_truth.npy,repository/results/protocol_a_full_rerun_20260711/baselines/Tangram/seqFISH_plus_cortex_svz_zeisel_sccortex_ref_shared10000/fold1/imputed_expression.npy,repository/results/protocol_a_full_rerun_20260711/baselines/Tangram/seqFISH_plus_cortex_svz_zeisel_sccortex_ref_shared10000/fold1/adapter_run_audit.json,archive/label_provenance/matched_labels/seqfish_plus_cortex_svz_matched_cell_types.csv,2000,1957,43,1003,1636,0.18227054023435729,0.19923241767636779,20,20,1,50,50,13
seqFISH+ cortex/SVZ,seqFISH_plus_cortex_svz_zeisel_sccortex_ref_shared10000,Tangram,raw_identity,1,Choroid Plexus,99,814,seqFISH_plus_cortex_svz_zeisel_sccortex_ref_shared10000.fold1.Tangram,(mean_in-mean_out)/sqrt((var_in+var_out)/2),0,repository/results/protocol_a_full_rerun_20260711/inputs/seqFISH_plus_cortex_svz_zeisel_sccortex_ref_shared10000/fold1/mode_a_split.json,repository/results/protocol_a_full_rerun_20260711/inputs/seqFISH_plus_cortex_svz_zeisel_sccortex_ref_shared10000/fold1/full_truth.npy,repository/results/protocol_a_full_rerun_20260711/baselines/Tangram/seqFISH_plus_cortex_svz_zeisel_sccortex_ref_shared10000/fold1/imputed_expression.npy,repository/results/protocol_a_full_rerun_20260711/baselines/Tangram/seqFISH_plus_cortex_svz_zeisel_sccortex_ref_shared10000/fold1/adapter_run_audit.json,archive/label_provenance/matched_labels/seqfish_plus_cortex_svz_matched_cell_types.csv,2000,1957,43,764,495,0.23255821329556212,0.29995726313412008,20,20,0,50,50,4
seqFISH+ cortex/SVZ,seqFISH_plus_cortex_svz_zeisel_sccortex_ref_shared10000,Tangram,raw_identity,1,Endothelial,68,845,seqFISH_plus_cortex_svz_zeisel_sccortex_ref_shared10000.fold1.Tangram,(mean_in-mean_out)/sqrt((var_in+var_out)/2),0,repository/results/protocol_a_full_rerun_20260711/inputs/seqFISH_plus_cortex_svz_zeisel_sccortex_ref_shared10000/fold1/mode_a_split.json,repository/results/protocol_a_full_rerun_20260711/inputs/seqFISH_plus_cortex_svz_zeisel_sccortex_ref_shared10000/fold1/full_truth.npy,repository/results/protocol_a_full_rerun_20260711/baselines/Tangram/seqFISH_plus_cortex_svz_zeisel_sccortex_ref_shared10000/fold1/imputed_expression.npy,repository/results/protocol_a_full_rerun_20260711/baselines/Tangram/seqFISH_plus_cortex_svz_zeisel_sccortex_ref_shared10000/fold1/adapter_run_audit.json,archive/label_provenance/matched_labels/seqfish_plus_cortex_svz_matched_cell_types.csv,2000,1957,43,254,102,0.2940913341255551,0.66702002331431942,20,20,2,50,50,10
seqFISH+ cortex/SVZ,seqFISH_plus_cortex_svz_zeisel_sccortex_ref_shared10000,Tangram,raw_identity,1,Ependymal,20,893,seqFISH_plus_cortex_svz_zeisel_sccortex_ref_shared10000.fold1.Tangram,(mean_in-mean_out)/sqrt((var_in+var_out)/2),0,repository/results/protocol_a_full_rerun_20260711/inputs/seqFISH_plus_cortex_svz_zeisel_sccortex_ref_shared10000/fold1/mode_a_split.json,repository/results/protocol_a_full_rerun_20260711/inputs/seqFISH_plus_cortex_svz_zeisel_sccortex_ref_shared10000/fold1/full_truth.npy,repository/results/protocol_a_full_rerun_20260711/baselines/Tangram/seqFISH_plus_cortex_svz_zeisel_sccortex_ref_shared10000/fold1/imputed_expression.npy,repository/results/protocol_a_full_rerun_20260711/baselines/Tangram/seqFISH_plus_cortex_svz_zeisel_sccortex_ref_shared10000/fold1/adapter_run_audit.json,archive/label_provenance/matched_labels/seqfish_plus_cortex_svz_matched_cell_types.csv,2000,1957,43,230,0,-0.016396122542789569,0.97188909490073716,20,0,0,50,0,0
seqFISH+ cortex/SVZ,seqFISH_plus_cortex_svz_zeisel_sccortex_ref_shared10000,Tangram,raw_identity,1,Excitatory neuron,337,576,seqFISH_plus_cortex_svz_zeisel_sccortex_ref_shared10000.fold1.Tangram,(mean_in-mean_out)/sqrt((var_in+var_out)/2),0,repository/results/protocol_a_full_rerun_20260711/inputs/seqFISH_plus_cortex_svz_zeisel_sccortex_ref_shared10000/fold1/mode_a_split.json,repository/results/protocol_a_full_rerun_20260711/inputs/seqFISH_plus_cortex_svz_zeisel_sccortex_ref_shared10000/fold1/full_truth.npy,repository/results/protocol_a_full_rerun_20260711/baselines/Tangram/seqFISH_plus_cortex_svz_zeisel_sccortex_ref_shared10000/fold1/imputed_expression.npy,repository/results/protocol_a_full_rerun_20260711/baselines/Tangram/seqFISH_plus_cortex_svz_zeisel_sccortex_ref_shared10000/fold1/adapter_run_audit.json,archive/label_provenance/matched_labels/seqfish_plus_cortex_svz_matched_cell_types.csv,2000,1957,43,1869,1957,0.4419887876222226,1.2765384119135474,20,20,0,50,50,2
seqFISH+ cortex/SVZ,seqFISH_plus_cortex_svz_zeisel_sccortex_ref_shared10000,Tangram,raw_identity,1,Interneuron,60,853,seqFISH_plus_cortex_svz_zeisel_sccortex_ref_shared10000.fold1.Tangram,(mean_in-mean_out)/sqrt((var_in+var_out)/2),0,repository/results/protocol_a_full_rerun_20260711/inputs/seqFISH_plus_cortex_svz_zeisel_sccortex_ref_shared10000/fold1/mode_a_split.json,repository/results/protocol_a_full_rerun_20260711/inputs/seqFISH_plus_cortex_svz_zeisel_sccortex_ref_shared10000/fold1/full_truth.npy,repository/results/protocol_a_full_rerun_20260711/baselines/Tangram/seqFISH_plus_cortex_svz_zeisel_sccortex_ref_shared10000/fold1/imputed_expression.npy,repository/results/protocol_a_full_rerun_20260711/baselines/Tangram/seqFISH_plus_cortex_svz_zeisel_sccortex_ref_shared10000/fold1/adapter_run_audit.json,archive/label_provenance/matched_labels/seqfish_plus_cortex_svz_matched_cell_types.csv,2000,1957,43,1536,1957,0.28512555432502351,0.50829241357060062,20,20,0,50,50,5
seqFISH+ cortex/SVZ,seqFISH_plus_cortex_svz_zeisel_sccortex_ref_shared10000,Tangram,raw_identity,1,Microglia,30,883,seqFISH_plus_cortex_svz_zeisel_sccortex_ref_shared10000.fold1.Tangram,(mean_in-mean_out)/sqrt((var_in+var_out)/2),0,repository/results/protocol_a_full_rerun_20260711/inputs/seqFISH_plus_cortex_svz_zeisel_sccortex_ref_shared10000/fold1/mode_a_split.json,repository/results/protocol_a_full_rerun_20260711/inputs/seqFISH_plus_cortex_svz_zeisel_sccortex_ref_shared10000/fold1/full_truth.npy,repository/results/protocol_a_full_rerun_20260711/baselines/Tangram/seqFISH_plus_cortex_svz_zeisel_sccortex_ref_shared10000/fold1/imputed_expression.npy,repository/results/protocol_a_full_rerun_20260711/baselines/Tangram/seqFISH_plus_cortex_svz_zeisel_sccortex_ref_shared10000/fold1/adapter_run_audit.json,archive/label_provenance/matched_labels/seqfish_plus_cortex_svz_matched_cell_types.csv,2000,1957,43,207,28,0.068636985666010369,0.7788769631393333,20,20,4,50,28,5
seqFISH+ cortex/SVZ,seqFISH_plus_cortex_svz_zeisel_sccortex_ref_shared10000,Tangram,raw_identity,1,Neural Stem,68,845,seqFISH_plus_cortex_svz_zeisel_sccortex_ref_shared10000.fold1.Tangram,(mean_in-mean_out)/sqrt((var_in+var_out)/2),0,repository/results/protocol_a_full_rerun_20260711/inputs/seqFISH_plus_cortex_svz_zeisel_sccortex_ref_shared10000/fold1/mode_a_split.json,repository/results/protocol_a_full_rerun_20260711/inputs/seqFISH_plus_cortex_svz_zeisel_sccortex_ref_shared10000/fold1/full_truth.npy,repository/results/protocol_a_full_rerun_20260711/baselines/Tangram/seqFISH_plus_cortex_svz_zeisel_sccortex_ref_shared10000/fold1/imputed_expression.npy,repository/results/protocol_a_full_rerun_20260711/baselines/Tangram/seqFISH_plus_cortex_svz_zeisel_sccortex_ref_shared10000/fold1/adapter_run_audit.json,archive/label_provenance/matched_labels/seqfish_plus_cortex_svz_matched_cell_types.csv,2000,1957,43,89,0,0.0073150548763805303,0.93327042756467415,20,0,0,50,0,0
seqFISH+ cortex/SVZ,seqFISH_plus_cortex_svz_zeisel_sccortex_ref_shared10000,Tangram,raw_identity,1,Neuroblast,128,785,seqFISH_plus_cortex_svz_zeisel_sccortex_ref_shared10000.fold1.Tangram,(mean_in-mean_out)/sqrt((var_in+var_out)/2),0,repository/results/protocol_a_full_rerun_20260711/inputs/seqFISH_plus_cortex_svz_zeisel_sccortex_ref_shared10000/fold1/mode_a_split.json,repository/results/protocol_a_full_rerun_20260711/inputs/seqFISH_plus_cortex_svz_zeisel_sccortex_ref_shared10000/fold1/full_truth.npy,repository/results/protocol_a_full_rerun_20260711/baselines/Tangram/seqFISH_plus_cortex_svz_zeisel_sccortex_ref_shared10000/fold1/imputed_expression.npy,repository/results/protocol_a_full_rerun_20260711/baselines/Tangram/seqFISH_plus_cortex_svz_zeisel_sccortex_ref_shared10000/fold1/adapter_run_audit.json,archive/label_provenance/matched_labels/seqfish_plus_cortex_svz_matched_cell_types.csv,2000,1957,43,62,0,-0.086139208560224362,1.1665385772970021,20,0,0,50,0,0
seqFISH+ cortex/SVZ,seqFISH_plus_cortex_svz_zeisel_sccortex_ref_shared10000,Tangram,raw_identity,1,Oligodendrocyte,41,872,seqFISH_plus_cortex_svz_zeisel_sccortex_ref_shared10000.fold1.Tangram,(mean_in-mean_out)/sqrt((var_in+var_out)/2),0,repository/results/protocol_a_full_rerun_20260711/inputs/seqFISH_plus_cortex_svz_zeisel_sccortex_ref_shared10000/fold1/mode_a_split.json,repository/results/protocol_a_full_rerun_20260711/inputs/seqFISH_plus_cortex_svz_zeisel_sccortex_ref_shared10000/fold1/full_truth.npy,repository/results/protocol_a_full_rerun_20260711/baselines/Tangram/seqFISH_plus_cortex_svz_zeisel_sccortex_ref_shared10000/fold1/imputed_expression.npy,repository/results/protocol_a_full_rerun_20260711/baselines/Tangram/seqFISH_plus_cortex_svz_zeisel_sccortex_ref_shared10000/fold1/adapter_run_audit.json,archive/label_provenance/matched_labels/seqfish_plus_cortex_svz_matched_cell_types.csv,2000,1957,43,1106,1269,0.31283881711175299,0.27326636441530694,20,20,0,50,50,10
seqFISH+ cortex/SVZ,seqFISH_plus_cortex_svz_zeisel_sccortex_ref_shared10000,TransImp,raw_identity,1,Astrocyte,62,851,seqFISH_plus_cortex_svz_zeisel_sccortex_ref_shared10000.fold1.TransImp,(mean_in-mean_out)/sqrt((var_in+var_out)/2),0,repository/results/protocol_a_full_rerun_20260711/inputs/seqFISH_plus_cortex_svz_zeisel_sccortex_ref_shared10000/fold1/mode_a_split.json,repository/results/protocol_a_full_rerun_20260711/inputs/seqFISH_plus_cortex_svz_zeisel_sccortex_ref_shared10000/fold1/full_truth.npy,repository/results/protocol_a_full_rerun_20260711/baselines/TransImp/seqFISH_plus_cortex_svz_zeisel_sccortex_ref_shared10000/fold1/imputed_expression.npy,repository/results/protocol_a_full_rerun_20260711/baselines/TransImp/seqFISH_plus_cortex_svz_zeisel_sccortex_ref_shared10000/fold1/adapter_run_audit.json,archive/label_provenance/matched_labels/seqfish_plus_cortex_svz_matched_cell_types.csv,2000,1957,43,1003,1039,0.2276408488718237,0.24630955397090346,20,20,7,50,50,18
seqFISH+ cortex/SVZ,seqFISH_plus_cortex_svz_zeisel_sccortex_ref_shared10000,TransImp,raw_identity,1,Choroid Plexus,99,814,seqFISH_plus_cortex_svz_zeisel_sccortex_ref_shared10000.fold1.TransImp,(mean_in-mean_out)/sqrt((var_in+var_out)/2),0,repository/results/protocol_a_full_rerun_20260711/inputs/seqFISH_plus_cortex_svz_zeisel_sccortex_ref_shared10000/fold1/mode_a_split.json,repository/results/protocol_a_full_rerun_20260711/inputs/seqFISH_plus_cortex_svz_zeisel_sccortex_ref_shared10000/fold1/full_truth.npy,repository/results/protocol_a_full_rerun_20260711/baselines/TransImp/seqFISH_plus_cortex_svz_zeisel_sccortex_ref_shared10000/fold1/imputed_expression.npy,repository/results/protocol_a_full_rerun_20260711/baselines/TransImp/seqFISH_plus_cortex_svz_zeisel_sccortex_ref_shared10000/fold1/adapter_run_audit.json,archive/label_provenance/matched_labels/seqfish_plus_cortex_svz_matched_cell_types.csv,2000,1957,43,764,601,0.3227088734518429,0.50810264002247651,20,20,5,50,50,10
seqFISH+ cortex/SVZ,seqFISH_plus_cortex_svz_zeisel_sccortex_ref_shared10000,TransImp,raw_identity,1,Endothelial,68,845,seqFISH_plus_cortex_svz_zeisel_sccortex_ref_shared10000.fold1.TransImp,(mean_in-mean_out)/sqrt((var_in+var_out)/2),0,repository/results/protocol_a_full_rerun_20260711/inputs/seqFISH_plus_cortex_svz_zeisel_sccortex_ref_shared10000/fold1/mode_a_split.json,repository/results/protocol_a_full_rerun_20260711/inputs/seqFISH_plus_cortex_svz_zeisel_sccortex_ref_shared10000/fold1/full_truth.npy,repository/results/protocol_a_full_rerun_20260711/baselines/TransImp/seqFISH_plus_cortex_svz_zeisel_sccortex_ref_shared10000/fold1/imputed_expression.npy,repository/results/protocol_a_full_rerun_20260711/baselines/TransImp/seqFISH_plus_cortex_svz_zeisel_sccortex_ref_shared10000/fold1/adapter_run_audit.json,archive/label_provenance/matched_labels/seqfish_plus_cortex_svz_matched_cell_types.csv,2000,1957,43,254,176,0.26030032086393301,0.62954336836176217,20,20,3,50,50,12
seqFISH+ cortex/SVZ,seqFISH_plus_cortex_svz_zeisel_sccortex_ref_shared10000,TransImp,raw_identity,1,Ependymal,20,893,seqFISH_plus_cortex_svz_zeisel_sccortex_ref_shared10000.fold1.TransImp,(mean_in-mean_out)/sqrt((var_in+var_out)/2),0,repository/results/protocol_a_full_rerun_20260711/inputs/seqFISH_plus_cortex_svz_zeisel_sccortex_ref_shared10000/fold1/mode_a_split.json,repository/results/protocol_a_full_rerun_20260711/inputs/seqFISH_plus_cortex_svz_zeisel_sccortex_ref_shared10000/fold1/full_truth.npy,repository/results/protocol_a_full_rerun_20260711/baselines/TransImp/seqFISH_plus_cortex_svz_zeisel_sccortex_ref_shared10000/fold1/imputed_expression.npy,repository/results/protocol_a_full_rerun_20260711/baselines/TransImp/seqFISH_plus_cortex_svz_zeisel_sccortex_ref_shared10000/fold1/adapter_run_audit.json,archive/label_provenance/matched_labels/seqfish_plus_cortex_svz_matched_cell_types.csv,2000,1957,43,230,19,0.13836013202366712,0.82276376993350897,20,19,0,50,19,0
seqFISH+ cortex/SVZ,seqFISH_plus_cortex_svz_zeisel_sccortex_ref_shared10000,TransImp,raw_identity,1,Excitatory neuron,337,576,seqFISH_plus_cortex_svz_zeisel_sccortex_ref_shared10000.fold1.TransImp,(mean_in-mean_out)/sqrt((var_in+var_out)/2),0,repository/results/protocol_a_full_rerun_20260711/inputs/seqFISH_plus_cortex_svz_zeisel_sccortex_ref_shared10000/fold1/mode_a_split.json,repository/results/protocol_a_full_rerun_20260711/inputs/seqFISH_plus_cortex_svz_zeisel_sccortex_ref_shared10000/fold1/full_truth.npy,repository/results/protocol_a_full_rerun_20260711/baselines/TransImp/seqFISH_plus_cortex_svz_zeisel_sccortex_ref_shared10000/fold1/imputed_expression.npy,repository/results/protocol_a_full_rerun_20260711/baselines/TransImp/seqFISH_plus_cortex_svz_zeisel_sccortex_ref_shared10000/fold1/adapter_run_audit.json,archive/label_provenance/matched_labels/seqfish_plus_cortex_svz_matched_cell_types.csv,2000,1957,43,1869,1895,0.42858319456718791,0.99319140473129441,20,20,4,50,50,15
seqFISH+ cortex/SVZ,seqFISH_plus_cortex_svz_zeisel_sccortex_ref_shared10000,TransImp,raw_identity,1,Interneuron,60,853,seqFISH_plus_cortex_svz_zeisel_sccortex_ref_shared10000.fold1.TransImp,(mean_in-mean_out)/sqrt((var_in+var_out)/2),0,repository/results/protocol_a_full_rerun_20260711/inputs/seqFISH_plus_cortex_svz_zeisel_sccortex_ref_shared10000/fold1/mode_a_split.json,repository/results/protocol_a_full_rerun_20260711/inputs/seqFISH_plus_cortex_svz_zeisel_sccortex_ref_shared10000/fold1/full_truth.npy,repository/results/protocol_a_full_rerun_20260711/baselines/TransImp/seqFISH_plus_cortex_svz_zeisel_sccortex_ref_shared10000/fold1/imputed_expression.npy,repository/results/protocol_a_full_rerun_20260711/baselines/TransImp/seqFISH_plus_cortex_svz_zeisel_sccortex_ref_shared10000/fold1/adapter_run_audit.json,archive/label_provenance/matched_labels/seqfish_plus_cortex_svz_matched_cell_types.csv,2000,1957,43,1536,1822,0.28037936453159257,0.41275797167155082,20,20,1,50,50,8
seqFISH+ cortex/SVZ,seqFISH_plus_cortex_svz_zeisel_sccortex_ref_shared10000,TransImp,raw_identity,1,Microglia,30,883,seqFISH_plus_cortex_svz_zeisel_sccortex_ref_shared10000.fold1.TransImp,(mean_in-mean_out)/sqrt((var_in+var_out)/2),0,repository/results/protocol_a_full_rerun_20260711/inputs/seqFISH_plus_cortex_svz_zeisel_sccortex_ref_shared10000/fold1/mode_a_split.json,repository/results/protocol_a_full_rerun_20260711/inputs/seqFISH_plus_cortex_svz_zeisel_sccortex_ref_shared10000/fold1/full_truth.npy,repository/results/protocol_a_full_rerun_20260711/baselines/TransImp/seqFISH_plus_cortex_svz_zeisel_sccortex_ref_shared10000/fold1/imputed_expression.npy,repository/results/protocol_a_full_rerun_20260711/baselines/TransImp/seqFISH_plus_cortex_svz_zeisel_sccortex_ref_shared10000/fold1/adapter_run_audit.json,archive/label_provenance/matched_labels/seqfish_plus_cortex_svz_matched_cell_types.csv,2000,1957,43,207,58,0.11291571240675509,0.71058219585609284,20,20,4,50,50,8
seqFISH+ cortex/SVZ,seqFISH_plus_cortex_svz_zeisel_sccortex_ref_shared10000,TransImp,raw_identity,1,Neural Stem,68,845,seqFISH_plus_cortex_svz_zeisel_sccortex_ref_shared10000.fold1.TransImp,(mean_in-mean_out)/sqrt((var_in+var_out)/2),0,repository/results/protocol_a_full_rerun_20260711/inputs/seqFISH_plus_cortex_svz_zeisel_sccortex_ref_shared10000/fold1/mode_a_split.json,repository/results/protocol_a_full_rerun_20260711/inputs/seqFISH_plus_cortex_svz_zeisel_sccortex_ref_shared10000/fold1/full_truth.npy,repository/results/protocol_a_full_rerun_20260711/baselines/TransImp/seqFISH_plus_cortex_svz_zeisel_sccortex_ref_shared10000/fold1/imputed_expression.npy,repository/results/protocol_a_full_rerun_20260711/baselines/TransImp/seqFISH_plus_cortex_svz_zeisel_sccortex_ref_shared10000/fold1/adapter_run_audit.json,archive/label_provenance/matched_labels/seqfish_plus_cortex_svz_matched_cell_types.csv,2000,1957,43,89,36,0.11980522990282029,0.76377988739940772,20,20,1,50,36,6
seqFISH+ cortex/SVZ,seqFISH_plus_cortex_svz_zeisel_sccortex_ref_shared10000,TransImp,raw_identity,1,Neuroblast,128,785,seqFISH_plus_cortex_svz_zeisel_sccortex_ref_shared10000.fold1.TransImp,(mean_in-mean_out)/sqrt((var_in+var_out)/2),0,repository/results/protocol_a_full_rerun_20260711/inputs/seqFISH_plus_cortex_svz_zeisel_sccortex_ref_shared10000/fold1/mode_a_split.json,repository/results/protocol_a_full_rerun_20260711/inputs/seqFISH_plus_cortex_svz_zeisel_sccortex_ref_shared10000/fold1/full_truth.npy,repository/results/protocol_a_full_rerun_20260711/baselines/TransImp/seqFISH_plus_cortex_svz_zeisel_sccortex_ref_shared10000/fold1/imputed_expression.npy,repository/results/protocol_a_full_rerun_20260711/baselines/TransImp/seqFISH_plus_cortex_svz_zeisel_sccortex_ref_shared10000/fold1/adapter_run_audit.json,archive/label_provenance/matched_labels/seqfish_plus_cortex_svz_matched_cell_types.csv,2000,1957,43,62,18,0.080977214258791466,0.86444290552359737,20,18,0,50,18,0
seqFISH+ cortex/SVZ,seqFISH_plus_cortex_svz_zeisel_sccortex_ref_shared10000,TransImp,raw_identity,1,Oligodendrocyte,41,872,seqFISH_plus_cortex_svz_zeisel_sccortex_ref_shared10000.fold1.TransImp,(mean_in-mean_out)/sqrt((var_in+var_out)/2),0,repository/results/protocol_a_full_rerun_20260711/inputs/seqFISH_plus_cortex_svz_zeisel_sccortex_ref_shared10000/fold1/mode_a_split.json,repository/results/protocol_a_full_rerun_20260711/inputs/seqFISH_plus_cortex_svz_zeisel_sccortex_ref_shared10000/fold1/full_truth.npy,repository/results/protocol_a_full_rerun_20260711/baselines/TransImp/seqFISH_plus_cortex_svz_zeisel_sccortex_ref_shared10000/fold1/imputed_expression.npy,repository/results/protocol_a_full_rerun_20260711/baselines/TransImp/seqFISH_plus_cortex_svz_zeisel_sccortex_ref_shared10000/fold1/adapter_run_audit.json,archive/label_provenance/matched_labels/seqfish_plus_cortex_svz_matched_cell_types.csv,2000,1957,43,1106,1196,0.31118639666008424,0.34401826931964402,20,20,6,50,50,23
seqFISH+ cortex/SVZ,seqFISH_plus_cortex_svz_zeisel_sccortex_ref_shared10000,SpaIM,raw_identity,1,Astrocyte,62,851,seqFISH_plus_cortex_svz_zeisel_sccortex_ref_shared10000.fold1.SpaIM,(mean_in-mean_out)/sqrt((var_in+var_out)/2),0,repository/results/protocol_a_full_rerun_20260711/inputs/seqFISH_plus_cortex_svz_zeisel_sccortex_ref_shared10000/fold1/mode_a_split.json,repository/results/protocol_a_full_rerun_20260711/inputs/seqFISH_plus_cortex_svz_zeisel_sccortex_ref_shared10000/fold1/full_truth.npy,repository/results/protocol_a_full_rerun_20260711/baselines/SpaIM/seqFISH_plus_cortex_svz_zeisel_sccortex_ref_shared10000/fold1/imputed_expression.npy,repository/results/protocol_a_full_rerun_20260711/baselines/SpaIM/seqFISH_plus_cortex_svz_zeisel_sccortex_ref_shared10000/fold1/adapter_run_audit.json,archive/label_provenance/matched_labels/seqfish_plus_cortex_svz_matched_cell_types.csv,2000,2000,0,1015,2000,0.14773598424417847,0.17137562843182735,20,20,5,50,50,13
seqFISH+ cortex/SVZ,seqFISH_plus_cortex_svz_zeisel_sccortex_ref_shared10000,SpaIM,raw_identity,1,Choroid Plexus,99,814,seqFISH_plus_cortex_svz_zeisel_sccortex_ref_shared10000.fold1.SpaIM,(mean_in-mean_out)/sqrt((var_in+var_out)/2),0,repository/results/protocol_a_full_rerun_20260711/inputs/seqFISH_plus_cortex_svz_zeisel_sccortex_ref_shared10000/fold1/mode_a_split.json,repository/results/protocol_a_full_rerun_20260711/inputs/seqFISH_plus_cortex_svz_zeisel_sccortex_ref_shared10000/fold1/full_truth.npy,repository/results/protocol_a_full_rerun_20260711/baselines/SpaIM/seqFISH_plus_cortex_svz_zeisel_sccortex_ref_shared10000/fold1/imputed_expression.npy,repository/results/protocol_a_full_rerun_20260711/baselines/SpaIM/seqFISH_plus_cortex_svz_zeisel_sccortex_ref_shared10000/fold1/adapter_run_audit.json,archive/label_provenance/matched_labels/seqfish_plus_cortex_svz_matched_cell_types.csv,2000,2000,0,772,15,0.23247891078077285,0.22388168394097943,20,15,0,50,15,0
seqFISH+ cortex/SVZ,seqFISH_plus_cortex_svz_zeisel_sccortex_ref_shared10000,SpaIM,raw_identity,1,Endothelial,68,845,seqFISH_plus_cortex_svz_zeisel_sccortex_ref_shared10000.fold1.SpaIM,(mean_in-mean_out)/sqrt((var_in+var_out)/2),0,repository/results/protocol_a_full_rerun_20260711/inputs/seqFISH_plus_cortex_svz_zeisel_sccortex_ref_shared10000/fold1/mode_a_split.json,repository/results/protocol_a_full_rerun_20260711/inputs/seqFISH_plus_cortex_svz_zeisel_sccortex_ref_shared10000/fold1/full_truth.npy,repository/results/protocol_a_full_rerun_20260711/baselines/SpaIM/seqFISH_plus_cortex_svz_zeisel_sccortex_ref_shared10000/fold1/imputed_expression.npy,repository/results/protocol_a_full_rerun_20260711/baselines/SpaIM/seqFISH_plus_cortex_svz_zeisel_sccortex_ref_shared10000/fold1/adapter_run_audit.json,archive/label_provenance/matched_labels/seqfish_plus_cortex_svz_matched_cell_types.csv,2000,2000,0,257,0,0.26089632048299394,0.64011477892510293,20,0,0,50,0,0
seqFISH+ cortex/SVZ,seqFISH_plus_cortex_svz_zeisel_sccortex_ref_shared10000,SpaIM,raw_identity,1,Ependymal,20,893,seqFISH_plus_cortex_svz_zeisel_sccortex_ref_shared10000.fold1.SpaIM,(mean_in-mean_out)/sqrt((var_in+var_out)/2),0,repository/results/protocol_a_full_rerun_20260711/inputs/seqFISH_plus_cortex_svz_zeisel_sccortex_ref_shared10000/fold1/mode_a_split.json,repository/results/protocol_a_full_rerun_20260711/inputs/seqFISH_plus_cortex_svz_zeisel_sccortex_ref_shared10000/fold1/full_truth.npy,repository/results/protocol_a_full_rerun_20260711/baselines/SpaIM/seqFISH_plus_cortex_svz_zeisel_sccortex_ref_shared10000/fold1/imputed_expression.npy,repository/results/protocol_a_full_rerun_20260711/baselines/SpaIM/seqFISH_plus_cortex_svz_zeisel_sccortex_ref_shared10000/fold1/adapter_run_audit.json,archive/label_provenance/matched_labels/seqfish_plus_cortex_svz_matched_cell_types.csv,2000,2000,0,233,0,-0.024344917400453733,0.9649904731076786,20,0,0,50,0,0
seqFISH+ cortex/SVZ,seqFISH_plus_cortex_svz_zeisel_sccortex_ref_shared10000,SpaIM,raw_identity,1,Excitatory neuron,337,576,seqFISH_plus_cortex_svz_zeisel_sccortex_ref_shared10000.fold1.SpaIM,(mean_in-mean_out)/sqrt((var_in+var_out)/2),0,repository/results/protocol_a_full_rerun_20260711/inputs/seqFISH_plus_cortex_svz_zeisel_sccortex_ref_shared10000/fold1/mode_a_split.json,repository/results/protocol_a_full_rerun_20260711/inputs/seqFISH_plus_cortex_svz_zeisel_sccortex_ref_shared10000/fold1/full_truth.npy,repository/results/protocol_a_full_rerun_20260711/baselines/SpaIM/seqFISH_plus_cortex_svz_zeisel_sccortex_ref_shared10000/fold1/imputed_expression.npy,repository/results/protocol_a_full_rerun_20260711/baselines/SpaIM/seqFISH_plus_cortex_svz_zeisel_sccortex_ref_shared10000/fold1/adapter_run_audit.json,archive/label_provenance/matched_labels/seqfish_plus_cortex_svz_matched_cell_types.csv,2000,2000,0,1912,2000,0.36619361415262897,1.2674574737697017,20,20,3,50,50,11
seqFISH+ cortex/SVZ,seqFISH_plus_cortex_svz_zeisel_sccortex_ref_shared10000,SpaIM,raw_identity,1,Interneuron,60,853,seqFISH_plus_cortex_svz_zeisel_sccortex_ref_shared10000.fold1.SpaIM,(mean_in-mean_out)/sqrt((var_in+var_out)/2),0,repository/results/protocol_a_full_rerun_20260711/inputs/seqFISH_plus_cortex_svz_zeisel_sccortex_ref_shared10000/fold1/mode_a_split.json,repository/results/protocol_a_full_rerun_20260711/inputs/seqFISH_plus_cortex_svz_zeisel_sccortex_ref_shared10000/fold1/full_truth.npy,repository/results/protocol_a_full_rerun_20260711/baselines/SpaIM/seqFISH_plus_cortex_svz_zeisel_sccortex_ref_shared10000/fold1/imputed_expression.npy,repository/results/protocol_a_full_rerun_20260711/baselines/SpaIM/seqFISH_plus_cortex_svz_zeisel_sccortex_ref_shared10000/fold1/adapter_run_audit.json,archive/label_provenance/matched_labels/seqfish_plus_cortex_svz_matched_cell_types.csv,2000,2000,0,1575,2000,0.27654838478416144,0.47131465310389442,20,20,4,50,50,18
seqFISH+ cortex/SVZ,seqFISH_plus_cortex_svz_zeisel_sccortex_ref_shared10000,SpaIM,raw_identity,1,Microglia,30,883,seqFISH_plus_cortex_svz_zeisel_sccortex_ref_shared10000.fold1.SpaIM,(mean_in-mean_out)/sqrt((var_in+var_out)/2),0,repository/results/protocol_a_full_rerun_20260711/inputs/seqFISH_plus_cortex_svz_zeisel_sccortex_ref_shared10000/fold1/mode_a_split.json,repository/results/protocol_a_full_rerun_20260711/inputs/seqFISH_plus_cortex_svz_zeisel_sccortex_ref_shared10000/fold1/full_truth.npy,repository/results/protocol_a_full_rerun_20260711/baselines/SpaIM/seqFISH_plus_cortex_svz_zeisel_sccortex_ref_shared10000/fold1/imputed_expression.npy,repository/results/protocol_a_full_rerun_20260711/baselines/SpaIM/seqFISH_plus_cortex_svz_zeisel_sccortex_ref_shared10000/fold1/adapter_run_audit.json,archive/label_provenance/matched_labels/seqfish_plus_cortex_svz_matched_cell_types.csv,2000,2000,0,215,0,-0.020092695029946844,0.77225126383035991,20,0,0,50,0,0
seqFISH+ cortex/SVZ,seqFISH_plus_cortex_svz_zeisel_sccortex_ref_shared10000,SpaIM,raw_identity,1,Neural Stem,68,845,seqFISH_plus_cortex_svz_zeisel_sccortex_ref_shared10000.fold1.SpaIM,(mean_in-mean_out)/sqrt((var_in+var_out)/2),0,repository/results/protocol_a_full_rerun_20260711/inputs/seqFISH_plus_cortex_svz_zeisel_sccortex_ref_shared10000/fold1/mode_a_split.json,repository/results/protocol_a_full_rerun_20260711/inputs/seqFISH_plus_cortex_svz_zeisel_sccortex_ref_shared10000/fold1/full_truth.npy,repository/results/protocol_a_full_rerun_20260711/baselines/SpaIM/seqFISH_plus_cortex_svz_zeisel_sccortex_ref_shared10000/fold1/imputed_expression.npy,repository/results/protocol_a_full_rerun_20260711/baselines/SpaIM/seqFISH_plus_cortex_svz_zeisel_sccortex_ref_shared10000/fold1/adapter_run_audit.json,archive/label_provenance/matched_labels/seqfish_plus_cortex_svz_matched_cell_types.csv,2000,2000,0,89,0,0.089116637460528308,0.95972272562738703,20,0,0,50,0,0
seqFISH+ cortex/SVZ,seqFISH_plus_cortex_svz_zeisel_sccortex_ref_shared10000,SpaIM,raw_identity,1,Neuroblast,128,785,seqFISH_plus_cortex_svz_zeisel_sccortex_ref_shared10000.fold1.SpaIM,(mean_in-mean_out)/sqrt((var_in+var_out)/2),0,repository/results/protocol_a_full_rerun_20260711/inputs/seqFISH_plus_cortex_svz_zeisel_sccortex_ref_shared10000/fold1/mode_a_split.json,repository/results/protocol_a_full_rerun_20260711/inputs/seqFISH_plus_cortex_svz_zeisel_sccortex_ref_shared10000/fold1/full_truth.npy,repository/results/protocol_a_full_rerun_20260711/baselines/SpaIM/seqFISH_plus_cortex_svz_zeisel_sccortex_ref_shared10000/fold1/imputed_expression.npy,repository/results/protocol_a_full_rerun_20260711/baselines/SpaIM/seqFISH_plus_cortex_svz_zeisel_sccortex_ref_shared10000/fold1/adapter_run_audit.json,archive/label_provenance/matched_labels/seqfish_plus_cortex_svz_matched_cell_types.csv,2000,2000,0,62,0,-0.029216654593088701,1.1744402136203029,20,0,0,50,0,0
seqFISH+ cortex/SVZ,seqFISH_plus_cortex_svz_zeisel_sccortex_ref_shared10000,SpaIM,raw_identity,1,Oligodendrocyte,41,872,seqFISH_plus_cortex_svz_zeisel_sccortex_ref_shared10000.fold1.SpaIM,(mean_in-mean_out)/sqrt((var_in+var_out)/2),0,repository/results/protocol_a_full_rerun_20260711/inputs/seqFISH_plus_cortex_svz_zeisel_sccortex_ref_shared10000/fold1/mode_a_split.json,repository/results/protocol_a_full_rerun_20260711/inputs/seqFISH_plus_cortex_svz_zeisel_sccortex_ref_shared10000/fold1/full_truth.npy,repository/results/protocol_a_full_rerun_20260711/baselines/SpaIM/seqFISH_plus_cortex_svz_zeisel_sccortex_ref_shared10000/fold1/imputed_expression.npy,repository/results/protocol_a_full_rerun_20260711/baselines/SpaIM/seqFISH_plus_cortex_svz_zeisel_sccortex_ref_shared10000/fold1/adapter_run_audit.json,archive/label_provenance/matched_labels/seqfish_plus_cortex_svz_matched_cell_types.csv,2000,2000,0,1130,2000,0.24285888981556603,0.27561896267694519,20,20,2,50,50,13
seqFISH+ cortex/SVZ,seqFISH_plus_cortex_svz_zeisel_sccortex_ref_shared10000,SpaGE,raw_identity,1,Astrocyte,62,851,seqFISH_plus_cortex_svz_zeisel_sccortex_ref_shared10000.fold1.SpaGE,(mean_in-mean_out)/sqrt((var_in+var_out)/2),0,repository/results/protocol_a_full_rerun_20260711/inputs/seqFISH_plus_cortex_svz_zeisel_sccortex_ref_shared10000/fold1/mode_a_split.json,repository/results/protocol_a_full_rerun_20260711/inputs/seqFISH_plus_cortex_svz_zeisel_sccortex_ref_shared10000/fold1/full_truth.npy,repository/results/protocol_a_full_rerun_20260711/baselines/SpaGE/seqFISH_plus_cortex_svz_zeisel_sccortex_ref_shared10000/fold1/imputed_expression.npy,repository/results/protocol_a_full_rerun_20260711/baselines/SpaGE/seqFISH_plus_cortex_svz_zeisel_sccortex_ref_shared10000/fold1/adapter_run_audit.json,archive/label_provenance/matched_labels/seqfish_plus_cortex_svz_matched_cell_types.csv,2000,1953,47,1000,642,0.1879136043353351,0.36423085148513856,20,20,5,50,50,20
seqFISH+ cortex/SVZ,seqFISH_plus_cortex_svz_zeisel_sccortex_ref_shared10000,SpaGE,raw_identity,1,Choroid Plexus,99,814,seqFISH_plus_cortex_svz_zeisel_sccortex_ref_shared10000.fold1.SpaGE,(mean_in-mean_out)/sqrt((var_in+var_out)/2),0,repository/results/protocol_a_full_rerun_20260711/inputs/seqFISH_plus_cortex_svz_zeisel_sccortex_ref_shared10000/fold1/mode_a_split.json,repository/results/protocol_a_full_rerun_20260711/inputs/seqFISH_plus_cortex_svz_zeisel_sccortex_ref_shared10000/fold1/full_truth.npy,repository/results/protocol_a_full_rerun_20260711/baselines/SpaGE/seqFISH_plus_cortex_svz_zeisel_sccortex_ref_shared10000/fold1/imputed_expression.npy,repository/results/protocol_a_full_rerun_20260711/baselines/SpaGE/seqFISH_plus_cortex_svz_zeisel_sccortex_ref_shared10000/fold1/adapter_run_audit.json,archive/label_provenance/matched_labels/seqfish_plus_cortex_svz_matched_cell_types.csv,2000,1953,47,763,677,0.28846500020993543,0.73757044003218986,20,20,6,50,50,12
seqFISH+ cortex/SVZ,seqFISH_plus_cortex_svz_zeisel_sccortex_ref_shared10000,SpaGE,raw_identity,1,Endothelial,68,845,seqFISH_plus_cortex_svz_zeisel_sccortex_ref_shared10000.fold1.SpaGE,(mean_in-mean_out)/sqrt((var_in+var_out)/2),0,repository/results/protocol_a_full_rerun_20260711/inputs/seqFISH_plus_cortex_svz_zeisel_sccortex_ref_shared10000/fold1/mode_a_split.json,repository/results/protocol_a_full_rerun_20260711/inputs/seqFISH_plus_cortex_svz_zeisel_sccortex_ref_shared10000/fold1/full_truth.npy,repository/results/protocol_a_full_rerun_20260711/baselines/SpaGE/seqFISH_plus_cortex_svz_zeisel_sccortex_ref_shared10000/fold1/imputed_expression.npy,repository/results/protocol_a_full_rerun_20260711/baselines/SpaGE/seqFISH_plus_cortex_svz_zeisel_sccortex_ref_shared10000/fold1/adapter_run_audit.json,archive/label_provenance/matched_labels/seqfish_plus_cortex_svz_matched_cell_types.csv,2000,1953,47,254,351,0.28920572006596179,0.80459323937784166,20,20,4,50,50,13
seqFISH+ cortex/SVZ,seqFISH_plus_cortex_svz_zeisel_sccortex_ref_shared10000,SpaGE,raw_identity,1,Ependymal,20,893,seqFISH_plus_cortex_svz_zeisel_sccortex_ref_shared10000.fold1.SpaGE,(mean_in-mean_out)/sqrt((var_in+var_out)/2),0,repository/results/protocol_a_full_rerun_20260711/inputs/seqFISH_plus_cortex_svz_zeisel_sccortex_ref_shared10000/fold1/mode_a_split.json,repository/results/protocol_a_full_rerun_20260711/inputs/seqFISH_plus_cortex_svz_zeisel_sccortex_ref_shared10000/fold1/full_truth.npy,repository/results/protocol_a_full_rerun_20260711/baselines/SpaGE/seqFISH_plus_cortex_svz_zeisel_sccortex_ref_shared10000/fold1/imputed_expression.npy,repository/results/protocol_a_full_rerun_20260711/baselines/SpaGE/seqFISH_plus_cortex_svz_zeisel_sccortex_ref_shared10000/fold1/adapter_run_audit.json,archive/label_provenance/matched_labels/seqfish_plus_cortex_svz_matched_cell_types.csv,2000,1953,47,230,184,0.060932221289090031,0.60953602517059491,20,20,0,50,50,0
seqFISH+ cortex/SVZ,seqFISH_plus_cortex_svz_zeisel_sccortex_ref_shared10000,SpaGE,raw_identity,1,Excitatory neuron,337,576,seqFISH_plus_cortex_svz_zeisel_sccortex_ref_shared10000.fold1.SpaGE,(mean_in-mean_out)/sqrt((var_in+var_out)/2),0,repository/results/protocol_a_full_rerun_20260711/inputs/seqFISH_plus_cortex_svz_zeisel_sccortex_ref_shared10000/fold1/mode_a_split.json,repository/results/protocol_a_full_rerun_20260711/inputs/seqFISH_plus_cortex_svz_zeisel_sccortex_ref_shared10000/fold1/full_truth.npy,repository/results/protocol_a_full_rerun_20260711/baselines/SpaGE/seqFISH_plus_cortex_svz_zeisel_sccortex_ref_shared10000/fold1/imputed_expression.npy,repository/results/protocol_a_full_rerun_20260711/baselines/SpaGE/seqFISH_plus_cortex_svz_zeisel_sccortex_ref_shared10000/fold1/adapter_run_audit.json,archive/label_provenance/matched_labels/seqfish_plus_cortex_svz_matched_cell_types.csv,2000,1953,47,1865,1412,0.48548121197916982,0.99220298178958632,20,20,3,50,50,16
seqFISH+ cortex/SVZ,seqFISH_plus_cortex_svz_zeisel_sccortex_ref_shared10000,SpaGE,raw_identity,1,Interneuron,60,853,seqFISH_plus_cortex_svz_zeisel_sccortex_ref_shared10000.fold1.SpaGE,(mean_in-mean_out)/sqrt((var_in+var_out)/2),0,repository/results/protocol_a_full_rerun_20260711/inputs/seqFISH_plus_cortex_svz_zeisel_sccortex_ref_shared10000/fold1/mode_a_split.json,repository/results/protocol_a_full_rerun_20260711/inputs/seqFISH_plus_cortex_svz_zeisel_sccortex_ref_shared10000/fold1/full_truth.npy,repository/results/protocol_a_full_rerun_20260711/baselines/SpaGE/seqFISH_plus_cortex_svz_zeisel_sccortex_ref_shared10000/fold1/imputed_expression.npy,repository/results/protocol_a_full_rerun_20260711/baselines/SpaGE/seqFISH_plus_cortex_svz_zeisel_sccortex_ref_shared10000/fold1/adapter_run_audit.json,archive/label_provenance/matched_labels/seqfish_plus_cortex_svz_matched_cell_types.csv,2000,1953,47,1534,1284,0.29271379041362999,0.59727291446523734,20,20,5,50,50,13
seqFISH+ cortex/SVZ,seqFISH_plus_cortex_svz_zeisel_sccortex_ref_shared10000,SpaGE,raw_identity,1,Microglia,30,883,seqFISH_plus_cortex_svz_zeisel_sccortex_ref_shared10000.fold1.SpaGE,(mean_in-mean_out)/sqrt((var_in+var_out)/2),0,repository/results/protocol_a_full_rerun_20260711/inputs/seqFISH_plus_cortex_svz_zeisel_sccortex_ref_shared10000/fold1/mode_a_split.json,repository/results/protocol_a_full_rerun_20260711/inputs/seqFISH_plus_cortex_svz_zeisel_sccortex_ref_shared10000/fold1/full_truth.npy,repository/results/protocol_a_full_rerun_20260711/baselines/SpaGE/seqFISH_plus_cortex_svz_zeisel_sccortex_ref_shared10000/fold1/imputed_expression.npy,repository/results/protocol_a_full_rerun_20260711/baselines/SpaGE/seqFISH_plus_cortex_svz_zeisel_sccortex_ref_shared10000/fold1/adapter_run_audit.json,archive/label_provenance/matched_labels/seqfish_plus_cortex_svz_matched_cell_types.csv,2000,1953,47,205,227,0.1459650536281234,0.55620306566751643,20,20,5,50,50,11
seqFISH+ cortex/SVZ,seqFISH_plus_cortex_svz_zeisel_sccortex_ref_shared10000,SpaGE,raw_identity,1,Neural Stem,68,845,seqFISH_plus_cortex_svz_zeisel_sccortex_ref_shared10000.fold1.SpaGE,(mean_in-mean_out)/sqrt((var_in+var_out)/2),0,repository/results/protocol_a_full_rerun_20260711/inputs/seqFISH_plus_cortex_svz_zeisel_sccortex_ref_shared10000/fold1/mode_a_split.json,repository/results/protocol_a_full_rerun_20260711/inputs/seqFISH_plus_cortex_svz_zeisel_sccortex_ref_shared10000/fold1/full_truth.npy,repository/results/protocol_a_full_rerun_20260711/baselines/SpaGE/seqFISH_plus_cortex_svz_zeisel_sccortex_ref_shared10000/fold1/imputed_expression.npy,repository/results/protocol_a_full_rerun_20260711/baselines/SpaGE/seqFISH_plus_cortex_svz_zeisel_sccortex_ref_shared10000/fold1/adapter_run_audit.json,archive/label_provenance/matched_labels/seqfish_plus_cortex_svz_matched_cell_types.csv,2000,1953,47,89,217,0.13830501112606133,0.51866494865822421,20,20,1,50,50,3
seqFISH+ cortex/SVZ,seqFISH_plus_cortex_svz_zeisel_sccortex_ref_shared10000,SpaGE,raw_identity,1,Neuroblast,128,785,seqFISH_plus_cortex_svz_zeisel_sccortex_ref_shared10000.fold1.SpaGE,(mean_in-mean_out)/sqrt((var_in+var_out)/2),0,repository/results/protocol_a_full_rerun_20260711/inputs/seqFISH_plus_cortex_svz_zeisel_sccortex_ref_shared10000/fold1/mode_a_split.json,repository/results/protocol_a_full_rerun_20260711/inputs/seqFISH_plus_cortex_svz_zeisel_sccortex_ref_shared10000/fold1/full_truth.npy,repository/results/protocol_a_full_rerun_20260711/baselines/SpaGE/seqFISH_plus_cortex_svz_zeisel_sccortex_ref_shared10000/fold1/imputed_expression.npy,repository/results/protocol_a_full_rerun_20260711/baselines/SpaGE/seqFISH_plus_cortex_svz_zeisel_sccortex_ref_shared10000/fold1/adapter_run_audit.json,archive/label_provenance/matched_labels/seqfish_plus_cortex_svz_matched_cell_types.csv,2000,1953,47,62,196,0.10073426940040979,0.7129870624458452,20,20,0,50,50,0
seqFISH+ cortex/SVZ,seqFISH_plus_cortex_svz_zeisel_sccortex_ref_shared10000,SpaGE,raw_identity,1,Oligodendrocyte,41,872,seqFISH_plus_cortex_svz_zeisel_sccortex_ref_shared10000.fold1.SpaGE,(mean_in-mean_out)/sqrt((var_in+var_out)/2),0,repository/results/protocol_a_full_rerun_20260711/inputs/seqFISH_plus_cortex_svz_zeisel_sccortex_ref_shared10000/fold1/mode_a_split.json,repository/results/protocol_a_full_rerun_20260711/inputs/seqFISH_plus_cortex_svz_zeisel_sccortex_ref_shared10000/fold1/full_truth.npy,repository/results/protocol_a_full_rerun_20260711/baselines/SpaGE/seqFISH_plus_cortex_svz_zeisel_sccortex_ref_shared10000/fold1/imputed_expression.npy,repository/results/protocol_a_full_rerun_20260711/baselines/SpaGE/seqFISH_plus_cortex_svz_zeisel_sccortex_ref_shared10000/fold1/adapter_run_audit.json,archive/label_provenance/matched_labels/seqfish_plus_cortex_svz_matched_cell_types.csv,2000,1953,47,1104,676,0.34776244774586468,0.60085041569814002,20,20,7,50,50,21
seqFISH+ cortex/SVZ,seqFISH_plus_cortex_svz_zeisel_sccortex_ref_shared10000,stPlus,raw_identity,1,Astrocyte,62,851,seqFISH_plus_cortex_svz_zeisel_sccortex_ref_shared10000.fold1.stPlus,(mean_in-mean_out)/sqrt((var_in+var_out)/2),0,repository/results/protocol_a_full_rerun_20260711/inputs/seqFISH_plus_cortex_svz_zeisel_sccortex_ref_shared10000/fold1/mode_a_split.json,repository/results/protocol_a_full_rerun_20260711/inputs/seqFISH_plus_cortex_svz_zeisel_sccortex_ref_shared10000/fold1/full_truth.npy,repository/results/protocol_a_full_rerun_20260711/baselines/stPlus/seqFISH_plus_cortex_svz_zeisel_sccortex_ref_shared10000/fold1/imputed_expression.npy,repository/results/protocol_a_full_rerun_20260711/baselines/stPlus/seqFISH_plus_cortex_svz_zeisel_sccortex_ref_shared10000/fold1/adapter_run_audit.json,archive/label_provenance/matched_labels/seqfish_plus_cortex_svz_matched_cell_types.csv,2000,1849,151,941,635,0.11658188843835535,0.31682192723031855,20,20,0,50,50,0
seqFISH+ cortex/SVZ,seqFISH_plus_cortex_svz_zeisel_sccortex_ref_shared10000,stPlus,raw_identity,1,Choroid Plexus,99,814,seqFISH_plus_cortex_svz_zeisel_sccortex_ref_shared10000.fold1.stPlus,(mean_in-mean_out)/sqrt((var_in+var_out)/2),0,repository/results/protocol_a_full_rerun_20260711/inputs/seqFISH_plus_cortex_svz_zeisel_sccortex_ref_shared10000/fold1/mode_a_split.json,repository/results/protocol_a_full_rerun_20260711/inputs/seqFISH_plus_cortex_svz_zeisel_sccortex_ref_shared10000/fold1/full_truth.npy,repository/results/protocol_a_full_rerun_20260711/baselines/stPlus/seqFISH_plus_cortex_svz_zeisel_sccortex_ref_shared10000/fold1/imputed_expression.npy,repository/results/protocol_a_full_rerun_20260711/baselines/stPlus/seqFISH_plus_cortex_svz_zeisel_sccortex_ref_shared10000/fold1/adapter_run_audit.json,archive/label_provenance/matched_labels/seqfish_plus_cortex_svz_matched_cell_types.csv,2000,1849,151,735,1255,-0.13596669541598114,0.66234982982847246,20,20,0,50,50,0
seqFISH+ cortex/SVZ,seqFISH_plus_cortex_svz_zeisel_sccortex_ref_shared10000,stPlus,raw_identity,1,Endothelial,68,845,seqFISH_plus_cortex_svz_zeisel_sccortex_ref_shared10000.fold1.stPlus,(mean_in-mean_out)/sqrt((var_in+var_out)/2),0,repository/results/protocol_a_full_rerun_20260711/inputs/seqFISH_plus_cortex_svz_zeisel_sccortex_ref_shared10000/fold1/mode_a_split.json,repository/results/protocol_a_full_rerun_20260711/inputs/seqFISH_plus_cortex_svz_zeisel_sccortex_ref_shared10000/fold1/full_truth.npy,repository/results/protocol_a_full_rerun_20260711/baselines/stPlus/seqFISH_plus_cortex_svz_zeisel_sccortex_ref_shared10000/fold1/imputed_expression.npy,repository/results/protocol_a_full_rerun_20260711/baselines/stPlus/seqFISH_plus_cortex_svz_zeisel_sccortex_ref_shared10000/fold1/adapter_run_audit.json,archive/label_provenance/matched_labels/seqfish_plus_cortex_svz_matched_cell_types.csv,2000,1849,151,251,622,0.21681857695546156,0.33667554099484664,20,20,0,50,50,1
seqFISH+ cortex/SVZ,seqFISH_plus_cortex_svz_zeisel_sccortex_ref_shared10000,stPlus,raw_identity,1,Ependymal,20,893,seqFISH_plus_cortex_svz_zeisel_sccortex_ref_shared10000.fold1.stPlus,(mean_in-mean_out)/sqrt((var_in+var_out)/2),0,repository/results/protocol_a_full_rerun_20260711/inputs/seqFISH_plus_cortex_svz_zeisel_sccortex_ref_shared10000/fold1/mode_a_split.json,repository/results/protocol_a_full_rerun_20260711/inputs/seqFISH_plus_cortex_svz_zeisel_sccortex_ref_shared10000/fold1/full_truth.npy,repository/results/protocol_a_full_rerun_20260711/baselines/stPlus/seqFISH_plus_cortex_svz_zeisel_sccortex_ref_shared10000/fold1/imputed_expression.npy,repository/results/protocol_a_full_rerun_20260711/baselines/stPlus/seqFISH_plus_cortex_svz_zeisel_sccortex_ref_shared10000/fold1/adapter_run_audit.json,archive/label_provenance/matched_labels/seqfish_plus_cortex_svz_matched_cell_types.csv,2000,1849,151,221,526,0.13265905906084377,0.36752768655979778,20,20,0,50,50,5
seqFISH+ cortex/SVZ,seqFISH_plus_cortex_svz_zeisel_sccortex_ref_shared10000,stPlus,raw_identity,1,Excitatory neuron,337,576,seqFISH_plus_cortex_svz_zeisel_sccortex_ref_shared10000.fold1.stPlus,(mean_in-mean_out)/sqrt((var_in+var_out)/2),0,repository/results/protocol_a_full_rerun_20260711/inputs/seqFISH_plus_cortex_svz_zeisel_sccortex_ref_shared10000/fold1/mode_a_split.json,repository/results/protocol_a_full_rerun_20260711/inputs/seqFISH_plus_cortex_svz_zeisel_sccortex_ref_shared10000/fold1/full_truth.npy,repository/results/protocol_a_full_rerun_20260711/baselines/stPlus/seqFISH_plus_cortex_svz_zeisel_sccortex_ref_shared10000/fold1/imputed_expression.npy,repository/results/protocol_a_full_rerun_20260711/baselines/stPlus/seqFISH_plus_cortex_svz_zeisel_sccortex_ref_shared10000/fold1/adapter_run_audit.json,archive/label_provenance/matched_labels/seqfish_plus_cortex_svz_matched_cell_types.csv,2000,1849,151,1762,1275,0.40876570835970671,0.7291324359418816,20,20,0,50,50,0
seqFISH+ cortex/SVZ,seqFISH_plus_cortex_svz_zeisel_sccortex_ref_shared10000,stPlus,raw_identity,1,Interneuron,60,853,seqFISH_plus_cortex_svz_zeisel_sccortex_ref_shared10000.fold1.stPlus,(mean_in-mean_out)/sqrt((var_in+var_out)/2),0,repository/results/protocol_a_full_rerun_20260711/inputs/seqFISH_plus_cortex_svz_zeisel_sccortex_ref_shared10000/fold1/mode_a_split.json,repository/results/protocol_a_full_rerun_20260711/inputs/seqFISH_plus_cortex_svz_zeisel_sccortex_ref_shared10000/fold1/full_truth.npy,repository/results/protocol_a_full_rerun_20260711/baselines/stPlus/seqFISH_plus_cortex_svz_zeisel_sccortex_ref_shared10000/fold1/imputed_expression.npy,repository/results/protocol_a_full_rerun_20260711/baselines/stPlus/seqFISH_plus_cortex_svz_zeisel_sccortex_ref_shared10000/fold1/adapter_run_audit.json,archive/label_provenance/matched_labels/seqfish_plus_cortex_svz_matched_cell_types.csv,2000,1849,151,1455,1268,0.24488831342464334,0.39364581860140058,20,20,0,50,50,0
seqFISH+ cortex/SVZ,seqFISH_plus_cortex_svz_zeisel_sccortex_ref_shared10000,stPlus,raw_identity,1,Microglia,30,883,seqFISH_plus_cortex_svz_zeisel_sccortex_ref_shared10000.fold1.stPlus,(mean_in-mean_out)/sqrt((var_in+var_out)/2),0,repository/results/protocol_a_full_rerun_20260711/inputs/seqFISH_plus_cortex_svz_zeisel_sccortex_ref_shared10000/fold1/mode_a_split.json,repository/results/protocol_a_full_rerun_20260711/inputs/seqFISH_plus_cortex_svz_zeisel_sccortex_ref_shared10000/fold1/full_truth.npy,repository/results/protocol_a_full_rerun_20260711/baselines/stPlus/seqFISH_plus_cortex_svz_zeisel_sccortex_ref_shared10000/fold1/imputed_expression.npy,repository/results/protocol_a_full_rerun_20260711/baselines/stPlus/seqFISH_plus_cortex_svz_zeisel_sccortex_ref_shared10000/fold1/adapter_run_audit.json,archive/label_provenance/matched_labels/seqfish_plus_cortex_svz_matched_cell_types.csv,2000,1849,151,196,571,0.16200072285570805,0.35491846842120395,20,20,1,50,50,3
seqFISH+ cortex/SVZ,seqFISH_plus_cortex_svz_zeisel_sccortex_ref_shared10000,stPlus,raw_identity,1,Neural Stem,68,845,seqFISH_plus_cortex_svz_zeisel_sccortex_ref_shared10000.fold1.stPlus,(mean_in-mean_out)/sqrt((var_in+var_out)/2),0,repository/results/protocol_a_full_rerun_20260711/inputs/seqFISH_plus_cortex_svz_zeisel_sccortex_ref_shared10000/fold1/mode_a_split.json,repository/results/protocol_a_full_rerun_20260711/inputs/seqFISH_plus_cortex_svz_zeisel_sccortex_ref_shared10000/fold1/full_truth.npy,repository/results/protocol_a_full_rerun_20260711/baselines/stPlus/seqFISH_plus_cortex_svz_zeisel_sccortex_ref_shared10000/fold1/imputed_expression.npy,repository/results/protocol_a_full_rerun_20260711/baselines/stPlus/seqFISH_plus_cortex_svz_zeisel_sccortex_ref_shared10000/fold1/adapter_run_audit.json,archive/label_provenance/matched_labels/seqfish_plus_cortex_svz_matched_cell_types.csv,2000,1849,151,83,482,0.26585728997274549,1.0312110022979752,20,20,1,50,50,10
seqFISH+ cortex/SVZ,seqFISH_plus_cortex_svz_zeisel_sccortex_ref_shared10000,stPlus,raw_identity,1,Neuroblast,128,785,seqFISH_plus_cortex_svz_zeisel_sccortex_ref_shared10000.fold1.stPlus,(mean_in-mean_out)/sqrt((var_in+var_out)/2),0,repository/results/protocol_a_full_rerun_20260711/inputs/seqFISH_plus_cortex_svz_zeisel_sccortex_ref_shared10000/fold1/mode_a_split.json,repository/results/protocol_a_full_rerun_20260711/inputs/seqFISH_plus_cortex_svz_zeisel_sccortex_ref_shared10000/fold1/full_truth.npy,repository/results/protocol_a_full_rerun_20260711/baselines/stPlus/seqFISH_plus_cortex_svz_zeisel_sccortex_ref_shared10000/fold1/imputed_expression.npy,repository/results/protocol_a_full_rerun_20260711/baselines/stPlus/seqFISH_plus_cortex_svz_zeisel_sccortex_ref_shared10000/fold1/adapter_run_audit.json,archive/label_provenance/matched_labels/seqfish_plus_cortex_svz_matched_cell_types.csv,2000,1849,151,61,574,0.14804662029590687,0.59869867309585423,20,20,0,50,50,1
seqFISH+ cortex/SVZ,seqFISH_plus_cortex_svz_zeisel_sccortex_ref_shared10000,stPlus,raw_identity,1,Oligodendrocyte,41,872,seqFISH_plus_cortex_svz_zeisel_sccortex_ref_shared10000.fold1.stPlus,(mean_in-mean_out)/sqrt((var_in+var_out)/2),0,repository/results/protocol_a_full_rerun_20260711/inputs/seqFISH_plus_cortex_svz_zeisel_sccortex_ref_shared10000/fold1/mode_a_split.json,repository/results/protocol_a_full_rerun_20260711/inputs/seqFISH_plus_cortex_svz_zeisel_sccortex_ref_shared10000/fold1/full_truth.npy,repository/results/protocol_a_full_rerun_20260711/baselines/stPlus/seqFISH_plus_cortex_svz_zeisel_sccortex_ref_shared10000/fold1/imputed_expression.npy,repository/results/protocol_a_full_rerun_20260711/baselines/stPlus/seqFISH_plus_cortex_svz_zeisel_sccortex_ref_shared10000/fold1/adapter_run_audit.json,archive/label_provenance/matched_labels/seqfish_plus_cortex_svz_matched_cell_types.csv,2000,1849,151,1053,827,0.03843853652656129,0.37022798825112524,20,20,0,50,50,1
seqFISH+ cortex/SVZ,seqFISH_plus_cortex_svz_zeisel_sccortex_ref_shared10000,stAI,raw_identity,1,Astrocyte,62,851,seqFISH_plus_cortex_svz_zeisel_sccortex_ref_shared10000.fold1.stAI,(mean_in-mean_out)/sqrt((var_in+var_out)/2),0,repository/results/protocol_a_full_rerun_20260711/inputs/seqFISH_plus_cortex_svz_zeisel_sccortex_ref_shared10000/fold1/mode_a_split.json,repository/results/protocol_a_full_rerun_20260711/inputs/seqFISH_plus_cortex_svz_zeisel_sccortex_ref_shared10000/fold1/full_truth.npy,repository/results/protocol_a_full_rerun_20260711/baselines/stAI/seqFISH_plus_cortex_svz_zeisel_sccortex_ref_shared10000/fold1/imputed_expression.npy,repository/results/protocol_a_full_rerun_20260711/baselines/stAI/seqFISH_plus_cortex_svz_zeisel_sccortex_ref_shared10000/fold1/adapter_run_audit.json,archive/label_provenance/matched_labels/seqfish_plus_cortex_svz_matched_cell_types.csv,2000,1925,75,987,434,0.14344190882933766,0.25300453719478372,20,20,2,50,50,12
seqFISH+ cortex/SVZ,seqFISH_plus_cortex_svz_zeisel_sccortex_ref_shared10000,stAI,raw_identity,1,Choroid Plexus,99,814,seqFISH_plus_cortex_svz_zeisel_sccortex_ref_shared10000.fold1.stAI,(mean_in-mean_out)/sqrt((var_in+var_out)/2),0,repository/results/protocol_a_full_rerun_20260711/inputs/seqFISH_plus_cortex_svz_zeisel_sccortex_ref_shared10000/fold1/mode_a_split.json,repository/results/protocol_a_full_rerun_20260711/inputs/seqFISH_plus_cortex_svz_zeisel_sccortex_ref_shared10000/fold1/full_truth.npy,repository/results/protocol_a_full_rerun_20260711/baselines/stAI/seqFISH_plus_cortex_svz_zeisel_sccortex_ref_shared10000/fold1/imputed_expression.npy,repository/results/protocol_a_full_rerun_20260711/baselines/stAI/seqFISH_plus_cortex_svz_zeisel_sccortex_ref_shared10000/fold1/adapter_run_audit.json,archive/label_provenance/matched_labels/seqfish_plus_cortex_svz_matched_cell_types.csv,2000,1925,75,758,297,0.19229210723279083,0.63036516088460004,20,20,0,50,50,3
seqFISH+ cortex/SVZ,seqFISH_plus_cortex_svz_zeisel_sccortex_ref_shared10000,stAI,raw_identity,1,Endothelial,68,845,seqFISH_plus_cortex_svz_zeisel_sccortex_ref_shared10000.fold1.stAI,(mean_in-mean_out)/sqrt((var_in+var_out)/2),0,repository/results/protocol_a_full_rerun_20260711/inputs/seqFISH_plus_cortex_svz_zeisel_sccortex_ref_shared10000/fold1/mode_a_split.json,repository/results/protocol_a_full_rerun_20260711/inputs/seqFISH_plus_cortex_svz_zeisel_sccortex_ref_shared10000/fold1/full_truth.npy,repository/results/protocol_a_full_rerun_20260711/baselines/stAI/seqFISH_plus_cortex_svz_zeisel_sccortex_ref_shared10000/fold1/imputed_expression.npy,repository/results/protocol_a_full_rerun_20260711/baselines/stAI/seqFISH_plus_cortex_svz_zeisel_sccortex_ref_shared10000/fold1/adapter_run_audit.json,archive/label_provenance/matched_labels/seqfish_plus_cortex_svz_matched_cell_types.csv,2000,1925,75,253,197,0.20068237740229056,0.61912517612481133,20,20,1,50,50,7
seqFISH+ cortex/SVZ,seqFISH_plus_cortex_svz_zeisel_sccortex_ref_shared10000,stAI,raw_identity,1,Ependymal,20,893,seqFISH_plus_cortex_svz_zeisel_sccortex_ref_shared10000.fold1.stAI,(mean_in-mean_out)/sqrt((var_in+var_out)/2),0,repository/results/protocol_a_full_rerun_20260711/inputs/seqFISH_plus_cortex_svz_zeisel_sccortex_ref_shared10000/fold1/mode_a_split.json,repository/results/protocol_a_full_rerun_20260711/inputs/seqFISH_plus_cortex_svz_zeisel_sccortex_ref_shared10000/fold1/full_truth.npy,repository/results/protocol_a_full_rerun_20260711/baselines/stAI/seqFISH_plus_cortex_svz_zeisel_sccortex_ref_shared10000/fold1/imputed_expression.npy,repository/results/protocol_a_full_rerun_20260711/baselines/stAI/seqFISH_plus_cortex_svz_zeisel_sccortex_ref_shared10000/fold1/adapter_run_audit.json,archive/label_provenance/matched_labels/seqfish_plus_cortex_svz_matched_cell_types.csv,2000,1925,75,226,161,0.023103330122392268,0.51473441820377419,20,20,0,50,50,4
seqFISH+ cortex/SVZ,seqFISH_plus_cortex_svz_zeisel_sccortex_ref_shared10000,stAI,raw_identity,1,Excitatory neuron,337,576,seqFISH_plus_cortex_svz_zeisel_sccortex_ref_shared10000.fold1.stAI,(mean_in-mean_out)/sqrt((var_in+var_out)/2),0,repository/results/protocol_a_full_rerun_20260711/inputs/seqFISH_plus_cortex_svz_zeisel_sccortex_ref_shared10000/fold1/mode_a_split.json,repository/results/protocol_a_full_rerun_20260711/inputs/seqFISH_plus_cortex_svz_zeisel_sccortex_ref_shared10000/fold1/full_truth.npy,repository/results/protocol_a_full_rerun_20260711/baselines/stAI/seqFISH_plus_cortex_svz_zeisel_sccortex_ref_shared10000/fold1/imputed_expression.npy,repository/results/protocol_a_full_rerun_20260711/baselines/stAI/seqFISH_plus_cortex_svz_zeisel_sccortex_ref_shared10000/fold1/adapter_run_audit.json,archive/label_provenance/matched_labels/seqfish_plus_cortex_svz_matched_cell_types.csv,2000,1925,75,1837,1719,0.34303786149988674,0.7950778147630293,20,20,0,50,50,1
seqFISH+ cortex/SVZ,seqFISH_plus_cortex_svz_zeisel_sccortex_ref_shared10000,stAI,raw_identity,1,Interneuron,60,853,seqFISH_plus_cortex_svz_zeisel_sccortex_ref_shared10000.fold1.stAI,(mean_in-mean_out)/sqrt((var_in+var_out)/2),0,repository/results/protocol_a_full_rerun_20260711/inputs/seqFISH_plus_cortex_svz_zeisel_sccortex_ref_shared10000/fold1/mode_a_split.json,repository/results/protocol_a_full_rerun_20260711/inputs/seqFISH_plus_cortex_svz_zeisel_sccortex_ref_shared10000/fold1/full_truth.npy,repository/results/protocol_a_full_rerun_20260711/baselines/stAI/seqFISH_plus_cortex_svz_zeisel_sccortex_ref_shared10000/fold1/imputed_expression.npy,repository/results/protocol_a_full_rerun_20260711/baselines/stAI/seqFISH_plus_cortex_svz_zeisel_sccortex_ref_shared10000/fold1/adapter_run_audit.json,archive/label_provenance/matched_labels/seqfish_plus_cortex_svz_matched_cell_types.csv,2000,1925,75,1510,1574,0.063399649968369443,0.28466697107573496,20,20,1,50,50,2
seqFISH+ cortex/SVZ,seqFISH_plus_cortex_svz_zeisel_sccortex_ref_shared10000,stAI,raw_identity,1,Microglia,30,883,seqFISH_plus_cortex_svz_zeisel_sccortex_ref_shared10000.fold1.stAI,(mean_in-mean_out)/sqrt((var_in+var_out)/2),0,repository/results/protocol_a_full_rerun_20260711/inputs/seqFISH_plus_cortex_svz_zeisel_sccortex_ref_shared10000/fold1/mode_a_split.json,repository/results/protocol_a_full_rerun_20260711/inputs/seqFISH_plus_cortex_svz_zeisel_sccortex_ref_shared10000/fold1/full_truth.npy,repository/results/protocol_a_full_rerun_20260711/baselines/stAI/seqFISH_plus_cortex_svz_zeisel_sccortex_ref_shared10000/fold1/imputed_expression.npy,repository/results/protocol_a_full_rerun_20260711/baselines/stAI/seqFISH_plus_cortex_svz_zeisel_sccortex_ref_shared10000/fold1/adapter_run_audit.json,archive/label_provenance/matched_labels/seqfish_plus_cortex_svz_matched_cell_types.csv,2000,1925,75,203,147,0.028532067422571566,0.47755306060060887,20,20,2,50,50,5
seqFISH+ cortex/SVZ,seqFISH_plus_cortex_svz_zeisel_sccortex_ref_shared10000,stAI,raw_identity,1,Neural Stem,68,845,seqFISH_plus_cortex_svz_zeisel_sccortex_ref_shared10000.fold1.stAI,(mean_in-mean_out)/sqrt((var_in+var_out)/2),0,repository/results/protocol_a_full_rerun_20260711/inputs/seqFISH_plus_cortex_svz_zeisel_sccortex_ref_shared10000/fold1/mode_a_split.json,repository/results/protocol_a_full_rerun_20260711/inputs/seqFISH_plus_cortex_svz_zeisel_sccortex_ref_shared10000/fold1/full_truth.npy,repository/results/protocol_a_full_rerun_20260711/baselines/stAI/seqFISH_plus_cortex_svz_zeisel_sccortex_ref_shared10000/fold1/imputed_expression.npy,repository/results/protocol_a_full_rerun_20260711/baselines/stAI/seqFISH_plus_cortex_svz_zeisel_sccortex_ref_shared10000/fold1/adapter_run_audit.json,archive/label_provenance/matched_labels/seqfish_plus_cortex_svz_matched_cell_types.csv,2000,1925,75,88,159,-0.024998186971317053,0.39977210863708296,20,20,1,50,50,1
seqFISH+ cortex/SVZ,seqFISH_plus_cortex_svz_zeisel_sccortex_ref_shared10000,stAI,raw_identity,1,Neuroblast,128,785,seqFISH_plus_cortex_svz_zeisel_sccortex_ref_shared10000.fold1.stAI,(mean_in-mean_out)/sqrt((var_in+var_out)/2),0,repository/results/protocol_a_full_rerun_20260711/inputs/seqFISH_plus_cortex_svz_zeisel_sccortex_ref_shared10000/fold1/mode_a_split.json,repository/results/protocol_a_full_rerun_20260711/inputs/seqFISH_plus_cortex_svz_zeisel_sccortex_ref_shared10000/fold1/full_truth.npy,repository/results/protocol_a_full_rerun_20260711/baselines/stAI/seqFISH_plus_cortex_svz_zeisel_sccortex_ref_shared10000/fold1/imputed_expression.npy,repository/results/protocol_a_full_rerun_20260711/baselines/stAI/seqFISH_plus_cortex_svz_zeisel_sccortex_ref_shared10000/fold1/adapter_run_audit.json,archive/label_provenance/matched_labels/seqfish_plus_cortex_svz_matched_cell_types.csv,2000,1925,75,62,150,0.028557962214832387,0.62035096901605946,20,20,0,50,50,0
seqFISH+ cortex/SVZ,seqFISH_plus_cortex_svz_zeisel_sccortex_ref_shared10000,stAI,raw_identity,1,Oligodendrocyte,41,872,seqFISH_plus_cortex_svz_zeisel_sccortex_ref_shared10000.fold1.stAI,(mean_in-mean_out)/sqrt((var_in+var_out)/2),0,repository/results/protocol_a_full_rerun_20260711/inputs/seqFISH_plus_cortex_svz_zeisel_sccortex_ref_shared10000/fold1/mode_a_split.json,repository/results/protocol_a_full_rerun_20260711/inputs/seqFISH_plus_cortex_svz_zeisel_sccortex_ref_shared10000/fold1/full_truth.npy,repository/results/protocol_a_full_rerun_20260711/baselines/stAI/seqFISH_plus_cortex_svz_zeisel_sccortex_ref_shared10000/fold1/imputed_expression.npy,repository/results/protocol_a_full_rerun_20260711/baselines/stAI/seqFISH_plus_cortex_svz_zeisel_sccortex_ref_shared10000/fold1/adapter_run_audit.json,archive/label_provenance/matched_labels/seqfish_plus_cortex_svz_matched_cell_types.csv,2000,1925,75,1092,689,0.31120842545145699,0.4517876940630956,20,20,10,50,50,21
seqFISH+ cortex/SVZ,seqFISH_plus_cortex_svz_zeisel_sccortex_ref_shared10000,GeneSPT,validation_selected_readout_genespt57,2,Astrocyte,62,851,seqFISH_plus_cortex_svz_zeisel_sccortex_ref_shared10000.fold2.GeneSPT,(mean_in-mean_out)/sqrt((var_in+var_out)/2),0,repository/results/protocol_a_full_rerun_20260711/inputs/seqFISH_plus_cortex_svz_zeisel_sccortex_ref_shared10000/fold2/mode_a_split.json,repository/results/protocol_a_full_rerun_20260711/inputs/seqFISH_plus_cortex_svz_zeisel_sccortex_ref_shared10000/fold2/full_truth.npy,repository/results/protocol_a_full_rerun_20260711/evaluation/validation_selected_readout_genespt57/test_predictions/seqFISH_plus_cortex_svz_zeisel_sccortex_ref_shared10000/fold2/GeneSPT.npz,repository/results/protocol_a_full_rerun_20260711/evaluation/validation_selected_readout_genespt57/test_predictions/seqFISH_plus_cortex_svz_zeisel_sccortex_ref_shared10000/fold2/apply_manifest.json,archive/label_provenance/matched_labels/seqfish_plus_cortex_svz_matched_cell_types.csv,2000,2000,0,1012,754,0.26372950059093725,0.24288835076812235,20,20,11,50,50,22
seqFISH+ cortex/SVZ,seqFISH_plus_cortex_svz_zeisel_sccortex_ref_shared10000,GeneSPT,validation_selected_readout_genespt57,2,Choroid Plexus,99,814,seqFISH_plus_cortex_svz_zeisel_sccortex_ref_shared10000.fold2.GeneSPT,(mean_in-mean_out)/sqrt((var_in+var_out)/2),0,repository/results/protocol_a_full_rerun_20260711/inputs/seqFISH_plus_cortex_svz_zeisel_sccortex_ref_shared10000/fold2/mode_a_split.json,repository/results/protocol_a_full_rerun_20260711/inputs/seqFISH_plus_cortex_svz_zeisel_sccortex_ref_shared10000/fold2/full_truth.npy,repository/results/protocol_a_full_rerun_20260711/evaluation/validation_selected_readout_genespt57/test_predictions/seqFISH_plus_cortex_svz_zeisel_sccortex_ref_shared10000/fold2/GeneSPT.npz,repository/results/protocol_a_full_rerun_20260711/evaluation/validation_selected_readout_genespt57/test_predictions/seqFISH_plus_cortex_svz_zeisel_sccortex_ref_shared10000/fold2/apply_manifest.json,archive/label_provenance/matched_labels/seqfish_plus_cortex_svz_matched_cell_types.csv,2000,2000,0,749,540,0.33065544052949725,0.57849156470891716,20,20,7,50,50,18
seqFISH+ cortex/SVZ,seqFISH_plus_cortex_svz_zeisel_sccortex_ref_shared10000,GeneSPT,validation_selected_readout_genespt57,2,Endothelial,68,845,seqFISH_plus_cortex_svz_zeisel_sccortex_ref_shared10000.fold2.GeneSPT,(mean_in-mean_out)/sqrt((var_in+var_out)/2),0,repository/results/protocol_a_full_rerun_20260711/inputs/seqFISH_plus_cortex_svz_zeisel_sccortex_ref_shared10000/fold2/mode_a_split.json,repository/results/protocol_a_full_rerun_20260711/inputs/seqFISH_plus_cortex_svz_zeisel_sccortex_ref_shared10000/fold2/full_truth.npy,repository/results/protocol_a_full_rerun_20260711/evaluation/validation_selected_readout_genespt57/test_predictions/seqFISH_plus_cortex_svz_zeisel_sccortex_ref_shared10000/fold2/GeneSPT.npz,repository/results/protocol_a_full_rerun_20260711/evaluation/validation_selected_readout_genespt57/test_predictions/seqFISH_plus_cortex_svz_zeisel_sccortex_ref_shared10000/fold2/apply_manifest.json,archive/label_provenance/matched_labels/seqfish_plus_cortex_svz_matched_cell_types.csv,2000,2000,0,256,114,0.24005654054163789,0.76947638275763841,20,20,8,50,50,25
seqFISH+ cortex/SVZ,seqFISH_plus_cortex_svz_zeisel_sccortex_ref_shared10000,GeneSPT,validation_selected_readout_genespt57,2,Ependymal,20,893,seqFISH_plus_cortex_svz_zeisel_sccortex_ref_shared10000.fold2.GeneSPT,(mean_in-mean_out)/sqrt((var_in+var_out)/2),0,repository/results/protocol_a_full_rerun_20260711/inputs/seqFISH_plus_cortex_svz_zeisel_sccortex_ref_shared10000/fold2/mode_a_split.json,repository/results/protocol_a_full_rerun_20260711/inputs/seqFISH_plus_cortex_svz_zeisel_sccortex_ref_shared10000/fold2/full_truth.npy,repository/results/protocol_a_full_rerun_20260711/evaluation/validation_selected_readout_genespt57/test_predictions/seqFISH_plus_cortex_svz_zeisel_sccortex_ref_shared10000/fold2/GeneSPT.npz,repository/results/protocol_a_full_rerun_20260711/evaluation/validation_selected_readout_genespt57/test_predictions/seqFISH_plus_cortex_svz_zeisel_sccortex_ref_shared10000/fold2/apply_manifest.json,archive/label_provenance/matched_labels/seqfish_plus_cortex_svz_matched_cell_types.csv,2000,2000,0,236,0,0.082793945519356371,0.85387815266214273,20,0,0,50,0,0
seqFISH+ cortex/SVZ,seqFISH_plus_cortex_svz_zeisel_sccortex_ref_shared10000,GeneSPT,validation_selected_readout_genespt57,2,Excitatory neuron,337,576,seqFISH_plus_cortex_svz_zeisel_sccortex_ref_shared10000.fold2.GeneSPT,(mean_in-mean_out)/sqrt((var_in+var_out)/2),0,repository/results/protocol_a_full_rerun_20260711/inputs/seqFISH_plus_cortex_svz_zeisel_sccortex_ref_shared10000/fold2/mode_a_split.json,repository/results/protocol_a_full_rerun_20260711/inputs/seqFISH_plus_cortex_svz_zeisel_sccortex_ref_shared10000/fold2/full_truth.npy,repository/results/protocol_a_full_rerun_20260711/evaluation/validation_selected_readout_genespt57/test_predictions/seqFISH_plus_cortex_svz_zeisel_sccortex_ref_shared10000/fold2/GeneSPT.npz,repository/results/protocol_a_full_rerun_20260711/evaluation/validation_selected_readout_genespt57/test_predictions/seqFISH_plus_cortex_svz_zeisel_sccortex_ref_shared10000/fold2/apply_manifest.json,archive/label_provenance/matched_labels/seqfish_plus_cortex_svz_matched_cell_types.csv,2000,2000,0,1928,1959,0.4576691543496495,1.2202472867928595,20,20,4,50,50,16
seqFISH+ cortex/SVZ,seqFISH_plus_cortex_svz_zeisel_sccortex_ref_shared10000,GeneSPT,validation_selected_readout_genespt57,2,Interneuron,60,853,seqFISH_plus_cortex_svz_zeisel_sccortex_ref_shared10000.fold2.GeneSPT,(mean_in-mean_out)/sqrt((var_in+var_out)/2),0,repository/results/protocol_a_full_rerun_20260711/inputs/seqFISH_plus_cortex_svz_zeisel_sccortex_ref_shared10000/fold2/mode_a_split.json,repository/results/protocol_a_full_rerun_20260711/inputs/seqFISH_plus_cortex_svz_zeisel_sccortex_ref_shared10000/fold2/full_truth.npy,repository/results/protocol_a_full_rerun_20260711/evaluation/validation_selected_readout_genespt57/test_predictions/seqFISH_plus_cortex_svz_zeisel_sccortex_ref_shared10000/fold2/GeneSPT.npz,repository/results/protocol_a_full_rerun_20260711/evaluation/validation_selected_readout_genespt57/test_predictions/seqFISH_plus_cortex_svz_zeisel_sccortex_ref_shared10000/fold2/apply_manifest.json,archive/label_provenance/matched_labels/seqfish_plus_cortex_svz_matched_cell_types.csv,2000,2000,0,1566,1916,0.27137987292385402,0.499351825198942,20,20,6,50,50,10
seqFISH+ cortex/SVZ,seqFISH_plus_cortex_svz_zeisel_sccortex_ref_shared10000,GeneSPT,validation_selected_readout_genespt57,2,Microglia,30,883,seqFISH_plus_cortex_svz_zeisel_sccortex_ref_shared10000.fold2.GeneSPT,(mean_in-mean_out)/sqrt((var_in+var_out)/2),0,repository/results/protocol_a_full_rerun_20260711/inputs/seqFISH_plus_cortex_svz_zeisel_sccortex_ref_shared10000/fold2/mode_a_split.json,repository/results/protocol_a_full_rerun_20260711/inputs/seqFISH_plus_cortex_svz_zeisel_sccortex_ref_shared10000/fold2/full_truth.npy,repository/results/protocol_a_full_rerun_20260711/evaluation/validation_selected_readout_genespt57/test_predictions/seqFISH_plus_cortex_svz_zeisel_sccortex_ref_shared10000/fold2/GeneSPT.npz,repository/results/protocol_a_full_rerun_20260711/evaluation/validation_selected_readout_genespt57/test_predictions/seqFISH_plus_cortex_svz_zeisel_sccortex_ref_shared10000/fold2/apply_manifest.json,archive/label_provenance/matched_labels/seqfish_plus_cortex_svz_matched_cell_types.csv,2000,2000,0,238,5,0.077911244340056335,0.74841028220794559,20,5,2,50,5,2
seqFISH+ cortex/SVZ,seqFISH_plus_cortex_svz_zeisel_sccortex_ref_shared10000,GeneSPT,validation_selected_readout_genespt57,2,Neural Stem,68,845,seqFISH_plus_cortex_svz_zeisel_sccortex_ref_shared10000.fold2.GeneSPT,(mean_in-mean_out)/sqrt((var_in+var_out)/2),0,repository/results/protocol_a_full_rerun_20260711/inputs/seqFISH_plus_cortex_svz_zeisel_sccortex_ref_shared10000/fold2/mode_a_split.json,repository/results/protocol_a_full_rerun_20260711/inputs/seqFISH_plus_cortex_svz_zeisel_sccortex_ref_shared10000/fold2/full_truth.npy,repository/results/protocol_a_full_rerun_20260711/evaluation/validation_selected_readout_genespt57/test_predictions/seqFISH_plus_cortex_svz_zeisel_sccortex_ref_shared10000/fold2/GeneSPT.npz,repository/results/protocol_a_full_rerun_20260711/evaluation/validation_selected_readout_genespt57/test_predictions/seqFISH_plus_cortex_svz_zeisel_sccortex_ref_shared10000/fold2/apply_manifest.json,archive/label_provenance/matched_labels/seqfish_plus_cortex_svz_matched_cell_types.csv,2000,2000,0,81,9,0.042605723774759539,0.81231931859775974,20,9,3,50,9,5
seqFISH+ cortex/SVZ,seqFISH_plus_cortex_svz_zeisel_sccortex_ref_shared10000,GeneSPT,validation_selected_readout_genespt57,2,Neuroblast,128,785,seqFISH_plus_cortex_svz_zeisel_sccortex_ref_shared10000.fold2.GeneSPT,(mean_in-mean_out)/sqrt((var_in+var_out)/2),0,repository/results/protocol_a_full_rerun_20260711/inputs/seqFISH_plus_cortex_svz_zeisel_sccortex_ref_shared10000/fold2/mode_a_split.json,repository/results/protocol_a_full_rerun_20260711/inputs/seqFISH_plus_cortex_svz_zeisel_sccortex_ref_shared10000/fold2/full_truth.npy,repository/results/protocol_a_full_rerun_20260711/evaluation/validation_selected_readout_genespt57/test_predictions/seqFISH_plus_cortex_svz_zeisel_sccortex_ref_shared10000/fold2/GeneSPT.npz,repository/results/protocol_a_full_rerun_20260711/evaluation/validation_selected_readout_genespt57/test_predictions/seqFISH_plus_cortex_svz_zeisel_sccortex_ref_shared10000/fold2/apply_manifest.json,archive/label_provenance/matched_labels/seqfish_plus_cortex_svz_matched_cell_types.csv,2000,2000,0,56,0,0.030806275842481891,1.104223568375986,20,0,0,50,0,0
seqFISH+ cortex/SVZ,seqFISH_plus_cortex_svz_zeisel_sccortex_ref_shared10000,GeneSPT,validation_selected_readout_genespt57,2,Oligodendrocyte,41,872,seqFISH_plus_cortex_svz_zeisel_sccortex_ref_shared10000.fold2.GeneSPT,(mean_in-mean_out)/sqrt((var_in+var_out)/2),0,repository/results/protocol_a_full_rerun_20260711/inputs/seqFISH_plus_cortex_svz_zeisel_sccortex_ref_shared10000/fold2/mode_a_split.json,repository/results/protocol_a_full_rerun_20260711/inputs/seqFISH_plus_cortex_svz_zeisel_sccortex_ref_shared10000/fold2/full_truth.npy,repository/results/protocol_a_full_rerun_20260711/evaluation/validation_selected_readout_genespt57/test_predictions/seqFISH_plus_cortex_svz_zeisel_sccortex_ref_shared10000/fold2/GeneSPT.npz,repository/results/protocol_a_full_rerun_20260711/evaluation/validation_selected_readout_genespt57/test_predictions/seqFISH_plus_cortex_svz_zeisel_sccortex_ref_shared10000/fold2/apply_manifest.json,archive/label_provenance/matched_labels/seqfish_plus_cortex_svz_matched_cell_types.csv,2000,2000,0,1085,1176,0.37103946526250065,0.32348597340999607,20,20,9,50,50,28
seqFISH+ cortex/SVZ,seqFISH_plus_cortex_svz_zeisel_sccortex_ref_shared10000,Tangram,raw_identity,2,Astrocyte,62,851,seqFISH_plus_cortex_svz_zeisel_sccortex_ref_shared10000.fold2.Tangram,(mean_in-mean_out)/sqrt((var_in+var_out)/2),0,repository/results/protocol_a_full_rerun_20260711/inputs/seqFISH_plus_cortex_svz_zeisel_sccortex_ref_shared10000/fold2/mode_a_split.json,repository/results/protocol_a_full_rerun_20260711/inputs/seqFISH_plus_cortex_svz_zeisel_sccortex_ref_shared10000/fold2/full_truth.npy,repository/results/protocol_a_full_rerun_20260711/baselines/Tangram/seqFISH_plus_cortex_svz_zeisel_sccortex_ref_shared10000/fold2/imputed_expression.npy,repository/results/protocol_a_full_rerun_20260711/baselines/Tangram/seqFISH_plus_cortex_svz_zeisel_sccortex_ref_shared10000/fold2/adapter_run_audit.json,archive/label_provenance/matched_labels/seqfish_plus_cortex_svz_matched_cell_types.csv,2000,1967,33,999,1598,0.18324434912753937,0.20755340605348283,20,20,3,50,50,10
seqFISH+ cortex/SVZ,seqFISH_plus_cortex_svz_zeisel_sccortex_ref_shared10000,Tangram,raw_identity,2,Choroid Plexus,99,814,seqFISH_plus_cortex_svz_zeisel_sccortex_ref_shared10000.fold2.Tangram,(mean_in-mean_out)/sqrt((var_in+var_out)/2),0,repository/results/protocol_a_full_rerun_20260711/inputs/seqFISH_plus_cortex_svz_zeisel_sccortex_ref_shared10000/fold2/mode_a_split.json,repository/results/protocol_a_full_rerun_20260711/inputs/seqFISH_plus_cortex_svz_zeisel_sccortex_ref_shared10000/fold2/full_truth.npy,repository/results/protocol_a_full_rerun_20260711/baselines/Tangram/seqFISH_plus_cortex_svz_zeisel_sccortex_ref_shared10000/fold2/imputed_expression.npy,repository/results/protocol_a_full_rerun_20260711/baselines/Tangram/seqFISH_plus_cortex_svz_zeisel_sccortex_ref_shared10000/fold2/adapter_run_audit.json,archive/label_provenance/matched_labels/seqfish_plus_cortex_svz_matched_cell_types.csv,2000,1967,33,735,437,0.15789300490576552,0.32610368993626571,20,20,0,50,50,5
seqFISH+ cortex/SVZ,seqFISH_plus_cortex_svz_zeisel_sccortex_ref_shared10000,Tangram,raw_identity,2,Endothelial,68,845,seqFISH_plus_cortex_svz_zeisel_sccortex_ref_shared10000.fold2.Tangram,(mean_in-mean_out)/sqrt((var_in+var_out)/2),0,repository/results/protocol_a_full_rerun_20260711/inputs/seqFISH_plus_cortex_svz_zeisel_sccortex_ref_shared10000/fold2/mode_a_split.json,repository/results/protocol_a_full_rerun_20260711/inputs/seqFISH_plus_cortex_svz_zeisel_sccortex_ref_shared10000/fold2/full_truth.npy,repository/results/protocol_a_full_rerun_20260711/baselines/Tangram/seqFISH_plus_cortex_svz_zeisel_sccortex_ref_shared10000/fold2/imputed_expression.npy,repository/results/protocol_a_full_rerun_20260711/baselines/Tangram/seqFISH_plus_cortex_svz_zeisel_sccortex_ref_shared10000/fold2/adapter_run_audit.json,archive/label_provenance/matched_labels/seqfish_plus_cortex_svz_matched_cell_types.csv,2000,1967,33,255,103,0.29079888363393103,0.64630704551266671,20,20,2,50,50,10
seqFISH+ cortex/SVZ,seqFISH_plus_cortex_svz_zeisel_sccortex_ref_shared10000,Tangram,raw_identity,2,Ependymal,20,893,seqFISH_plus_cortex_svz_zeisel_sccortex_ref_shared10000.fold2.Tangram,(mean_in-mean_out)/sqrt((var_in+var_out)/2),0,repository/results/protocol_a_full_rerun_20260711/inputs/seqFISH_plus_cortex_svz_zeisel_sccortex_ref_shared10000/fold2/mode_a_split.json,repository/results/protocol_a_full_rerun_20260711/inputs/seqFISH_plus_cortex_svz_zeisel_sccortex_ref_shared10000/fold2/full_truth.npy,repository/results/protocol_a_full_rerun_20260711/baselines/Tangram/seqFISH_plus_cortex_svz_zeisel_sccortex_ref_shared10000/fold2/imputed_expression.npy,repository/results/protocol_a_full_rerun_20260711/baselines/Tangram/seqFISH_plus_cortex_svz_zeisel_sccortex_ref_shared10000/fold2/adapter_run_audit.json,archive/label_provenance/matched_labels/seqfish_plus_cortex_svz_matched_cell_types.csv,2000,1967,33,231,0,0.0012296052574003512,0.97869008356031717,20,0,0,50,0,0
seqFISH+ cortex/SVZ,seqFISH_plus_cortex_svz_zeisel_sccortex_ref_shared10000,Tangram,raw_identity,2,Excitatory neuron,337,576,seqFISH_plus_cortex_svz_zeisel_sccortex_ref_shared10000.fold2.Tangram,(mean_in-mean_out)/sqrt((var_in+var_out)/2),0,repository/results/protocol_a_full_rerun_20260711/inputs/seqFISH_plus_cortex_svz_zeisel_sccortex_ref_shared10000/fold2/mode_a_split.json,repository/results/protocol_a_full_rerun_20260711/inputs/seqFISH_plus_cortex_svz_zeisel_sccortex_ref_shared10000/fold2/full_truth.npy,repository/results/protocol_a_full_rerun_20260711/baselines/Tangram/seqFISH_plus_cortex_svz_zeisel_sccortex_ref_shared10000/fold2/imputed_expression.npy,repository/results/protocol_a_full_rerun_20260711/baselines/Tangram/seqFISH_plus_cortex_svz_zeisel_sccortex_ref_shared10000/fold2/adapter_run_audit.json,archive/label_provenance/matched_labels/seqfish_plus_cortex_svz_matched_cell_types.csv,2000,1967,33,1895,1967,0.39366314150238135,1.3019685248863979,20,20,0,50,50,0
seqFISH+ cortex/SVZ,seqFISH_plus_cortex_svz_zeisel_sccortex_ref_shared10000,Tangram,raw_identity,2,Interneuron,60,853,seqFISH_plus_cortex_svz_zeisel_sccortex_ref_shared10000.fold2.Tangram,(mean_in-mean_out)/sqrt((var_in+var_out)/2),0,repository/results/protocol_a_full_rerun_20260711/inputs/seqFISH_plus_cortex_svz_zeisel_sccortex_ref_shared10000/fold2/mode_a_split.json,repository/results/protocol_a_full_rerun_20260711/inputs/seqFISH_plus_cortex_svz_zeisel_sccortex_ref_shared10000/fold2/full_truth.npy,repository/results/protocol_a_full_rerun_20260711/baselines/Tangram/seqFISH_plus_cortex_svz_zeisel_sccortex_ref_shared10000/fold2/imputed_expression.npy,repository/results/protocol_a_full_rerun_20260711/baselines/Tangram/seqFISH_plus_cortex_svz_zeisel_sccortex_ref_shared10000/fold2/adapter_run_audit.json,archive/label_provenance/matched_labels/seqfish_plus_cortex_svz_matched_cell_types.csv,2000,1967,33,1537,1967,0.2748907101566716,0.51203428760954595,20,20,2,50,50,3
seqFISH+ cortex/SVZ,seqFISH_plus_cortex_svz_zeisel_sccortex_ref_shared10000,Tangram,raw_identity,2,Microglia,30,883,seqFISH_plus_cortex_svz_zeisel_sccortex_ref_shared10000.fold2.Tangram,(mean_in-mean_out)/sqrt((var_in+var_out)/2),0,repository/results/protocol_a_full_rerun_20260711/inputs/seqFISH_plus_cortex_svz_zeisel_sccortex_ref_shared10000/fold2/mode_a_split.json,repository/results/protocol_a_full_rerun_20260711/inputs/seqFISH_plus_cortex_svz_zeisel_sccortex_ref_shared10000/fold2/full_truth.npy,repository/results/protocol_a_full_rerun_20260711/baselines/Tangram/seqFISH_plus_cortex_svz_zeisel_sccortex_ref_shared10000/fold2/imputed_expression.npy,repository/results/protocol_a_full_rerun_20260711/baselines/Tangram/seqFISH_plus_cortex_svz_zeisel_sccortex_ref_shared10000/fold2/adapter_run_audit.json,archive/label_provenance/matched_labels/seqfish_plus_cortex_svz_matched_cell_types.csv,2000,1967,33,236,14,0.11791162149506274,0.75794668238227814,20,14,1,50,14,1
seqFISH+ cortex/SVZ,seqFISH_plus_cortex_svz_zeisel_sccortex_ref_shared10000,Tangram,raw_identity,2,Neural Stem,68,845,seqFISH_plus_cortex_svz_zeisel_sccortex_ref_shared10000.fold2.Tangram,(mean_in-mean_out)/sqrt((var_in+var_out)/2),0,repository/results/protocol_a_full_rerun_20260711/inputs/seqFISH_plus_cortex_svz_zeisel_sccortex_ref_shared10000/fold2/mode_a_split.json,repository/results/protocol_a_full_rerun_20260711/inputs/seqFISH_plus_cortex_svz_zeisel_sccortex_ref_shared10000/fold2/full_truth.npy,repository/results/protocol_a_full_rerun_20260711/baselines/Tangram/seqFISH_plus_cortex_svz_zeisel_sccortex_ref_shared10000/fold2/imputed_expression.npy,repository/results/protocol_a_full_rerun_20260711/baselines/Tangram/seqFISH_plus_cortex_svz_zeisel_sccortex_ref_shared10000/fold2/adapter_run_audit.json,archive/label_provenance/matched_labels/seqfish_plus_cortex_svz_matched_cell_types.csv,2000,1967,33,81,0,0.059736367354103613,0.94394237273859194,20,0,0,50,0,0
seqFISH+ cortex/SVZ,seqFISH_plus_cortex_svz_zeisel_sccortex_ref_shared10000,Tangram,raw_identity,2,Neuroblast,128,785,seqFISH_plus_cortex_svz_zeisel_sccortex_ref_shared10000.fold2.Tangram,(mean_in-mean_out)/sqrt((var_in+var_out)/2),0,repository/results/protocol_a_full_rerun_20260711/inputs/seqFISH_plus_cortex_svz_zeisel_sccortex_ref_shared10000/fold2/mode_a_split.json,repository/results/protocol_a_full_rerun_20260711/inputs/seqFISH_plus_cortex_svz_zeisel_sccortex_ref_shared10000/fold2/full_truth.npy,repository/results/protocol_a_full_rerun_20260711/baselines/Tangram/seqFISH_plus_cortex_svz_zeisel_sccortex_ref_shared10000/fold2/imputed_expression.npy,repository/results/protocol_a_full_rerun_20260711/baselines/Tangram/seqFISH_plus_cortex_svz_zeisel_sccortex_ref_shared10000/fold2/adapter_run_audit.json,archive/label_provenance/matched_labels/seqfish_plus_cortex_svz_matched_cell_types.csv,2000,1967,33,55,0,-0.086081385564215462,1.1684043371238129,20,0,0,50,0,0
seqFISH+ cortex/SVZ,seqFISH_plus_cortex_svz_zeisel_sccortex_ref_shared10000,Tangram,raw_identity,2,Oligodendrocyte,41,872,seqFISH_plus_cortex_svz_zeisel_sccortex_ref_shared10000.fold2.Tangram,(mean_in-mean_out)/sqrt((var_in+var_out)/2),0,repository/results/protocol_a_full_rerun_20260711/inputs/seqFISH_plus_cortex_svz_zeisel_sccortex_ref_shared10000/fold2/mode_a_split.json,repository/results/protocol_a_full_rerun_20260711/inputs/seqFISH_plus_cortex_svz_zeisel_sccortex_ref_shared10000/fold2/full_truth.npy,repository/results/protocol_a_full_rerun_20260711/baselines/Tangram/seqFISH_plus_cortex_svz_zeisel_sccortex_ref_shared10000/fold2/imputed_expression.npy,repository/results/protocol_a_full_rerun_20260711/baselines/Tangram/seqFISH_plus_cortex_svz_zeisel_sccortex_ref_shared10000/fold2/adapter_run_audit.json,archive/label_provenance/matched_labels/seqfish_plus_cortex_svz_matched_cell_types.csv,2000,1967,33,1067,1207,0.30723082769781601,0.28914411569868403,20,20,0,50,50,10
seqFISH+ cortex/SVZ,seqFISH_plus_cortex_svz_zeisel_sccortex_ref_shared10000,TransImp,raw_identity,2,Astrocyte,62,851,seqFISH_plus_cortex_svz_zeisel_sccortex_ref_shared10000.fold2.TransImp,(mean_in-mean_out)/sqrt((var_in+var_out)/2),0,repository/results/protocol_a_full_rerun_20260711/inputs/seqFISH_plus_cortex_svz_zeisel_sccortex_ref_shared10000/fold2/mode_a_split.json,repository/results/protocol_a_full_rerun_20260711/inputs/seqFISH_plus_cortex_svz_zeisel_sccortex_ref_shared10000/fold2/full_truth.npy,repository/results/protocol_a_full_rerun_20260711/baselines/TransImp/seqFISH_plus_cortex_svz_zeisel_sccortex_ref_shared10000/fold2/imputed_expression.npy,repository/results/protocol_a_full_rerun_20260711/baselines/TransImp/seqFISH_plus_cortex_svz_zeisel_sccortex_ref_shared10000/fold2/adapter_run_audit.json,archive/label_provenance/matched_labels/seqfish_plus_cortex_svz_matched_cell_types.csv,2000,1967,33,999,974,0.23123401600666249,0.26503688798186986,20,20,6,50,50,16
seqFISH+ cortex/SVZ,seqFISH_plus_cortex_svz_zeisel_sccortex_ref_shared10000,TransImp,raw_identity,2,Choroid Plexus,99,814,seqFISH_plus_cortex_svz_zeisel_sccortex_ref_shared10000.fold2.TransImp,(mean_in-mean_out)/sqrt((var_in+var_out)/2),0,repository/results/protocol_a_full_rerun_20260711/inputs/seqFISH_plus_cortex_svz_zeisel_sccortex_ref_shared10000/fold2/mode_a_split.json,repository/results/protocol_a_full_rerun_20260711/inputs/seqFISH_plus_cortex_svz_zeisel_sccortex_ref_shared10000/fold2/full_truth.npy,repository/results/protocol_a_full_rerun_20260711/baselines/TransImp/seqFISH_plus_cortex_svz_zeisel_sccortex_ref_shared10000/fold2/imputed_expression.npy,repository/results/protocol_a_full_rerun_20260711/baselines/TransImp/seqFISH_plus_cortex_svz_zeisel_sccortex_ref_shared10000/fold2/adapter_run_audit.json,archive/label_provenance/matched_labels/seqfish_plus_cortex_svz_matched_cell_types.csv,2000,1967,33,735,582,0.2612316607580959,0.55766493828192942,20,20,5,50,50,15
seqFISH+ cortex/SVZ,seqFISH_plus_cortex_svz_zeisel_sccortex_ref_shared10000,TransImp,raw_identity,2,Endothelial,68,845,seqFISH_plus_cortex_svz_zeisel_sccortex_ref_shared10000.fold2.TransImp,(mean_in-mean_out)/sqrt((var_in+var_out)/2),0,repository/results/protocol_a_full_rerun_20260711/inputs/seqFISH_plus_cortex_svz_zeisel_sccortex_ref_shared10000/fold2/mode_a_split.json,repository/results/protocol_a_full_rerun_20260711/inputs/seqFISH_plus_cortex_svz_zeisel_sccortex_ref_shared10000/fold2/full_truth.npy,repository/results/protocol_a_full_rerun_20260711/baselines/TransImp/seqFISH_plus_cortex_svz_zeisel_sccortex_ref_shared10000/fold2/imputed_expression.npy,repository/results/protocol_a_full_rerun_20260711/baselines/TransImp/seqFISH_plus_cortex_svz_zeisel_sccortex_ref_shared10000/fold2/adapter_run_audit.json,archive/label_provenance/matched_labels/seqfish_plus_cortex_svz_matched_cell_types.csv,2000,1967,33,255,191,0.24185592226295566,0.61400476934171755,20,20,5,50,50,15
seqFISH+ cortex/SVZ,seqFISH_plus_cortex_svz_zeisel_sccortex_ref_shared10000,TransImp,raw_identity,2,Ependymal,20,893,seqFISH_plus_cortex_svz_zeisel_sccortex_ref_shared10000.fold2.TransImp,(mean_in-mean_out)/sqrt((var_in+var_out)/2),0,repository/results/protocol_a_full_rerun_20260711/inputs/seqFISH_plus_cortex_svz_zeisel_sccortex_ref_shared10000/fold2/mode_a_split.json,repository/results/protocol_a_full_rerun_20260711/inputs/seqFISH_plus_cortex_svz_zeisel_sccortex_ref_shared10000/fold2/full_truth.npy,repository/results/protocol_a_full_rerun_20260711/baselines/TransImp/seqFISH_plus_cortex_svz_zeisel_sccortex_ref_shared10000/fold2/imputed_expression.npy,repository/results/protocol_a_full_rerun_20260711/baselines/TransImp/seqFISH_plus_cortex_svz_zeisel_sccortex_ref_shared10000/fold2/adapter_run_audit.json,archive/label_provenance/matched_labels/seqfish_plus_cortex_svz_matched_cell_types.csv,2000,1967,33,231,18,0.13788371086511542,0.7732355381642716,20,18,0,50,18,0
seqFISH+ cortex/SVZ,seqFISH_plus_cortex_svz_zeisel_sccortex_ref_shared10000,TransImp,raw_identity,2,Excitatory neuron,337,576,seqFISH_plus_cortex_svz_zeisel_sccortex_ref_shared10000.fold2.TransImp,(mean_in-mean_out)/sqrt((var_in+var_out)/2),0,repository/results/protocol_a_full_rerun_20260711/inputs/seqFISH_plus_cortex_svz_zeisel_sccortex_ref_shared10000/fold2/mode_a_split.json,repository/results/protocol_a_full_rerun_20260711/inputs/seqFISH_plus_cortex_svz_zeisel_sccortex_ref_shared10000/fold2/full_truth.npy,repository/results/protocol_a_full_rerun_20260711/baselines/TransImp/seqFISH_plus_cortex_svz_zeisel_sccortex_ref_shared10000/fold2/imputed_expression.npy,repository/results/protocol_a_full_rerun_20260711/baselines/TransImp/seqFISH_plus_cortex_svz_zeisel_sccortex_ref_shared10000/fold2/adapter_run_audit.json,archive/label_provenance/matched_labels/seqfish_plus_cortex_svz_matched_cell_types.csv,2000,1967,33,1895,1899,0.36740958776344756,0.98610842669805543,20,20,6,50,50,17
seqFISH+ cortex/SVZ,seqFISH_plus_cortex_svz_zeisel_sccortex_ref_shared10000,TransImp,raw_identity,2,Interneuron,60,853,seqFISH_plus_cortex_svz_zeisel_sccortex_ref_shared10000.fold2.TransImp,(mean_in-mean_out)/sqrt((var_in+var_out)/2),0,repository/results/protocol_a_full_rerun_20260711/inputs/seqFISH_plus_cortex_svz_zeisel_sccortex_ref_shared10000/fold2/mode_a_split.json,repository/results/protocol_a_full_rerun_20260711/inputs/seqFISH_plus_cortex_svz_zeisel_sccortex_ref_shared10000/fold2/full_truth.npy,repository/results/protocol_a_full_rerun_20260711/baselines/TransImp/seqFISH_plus_cortex_svz_zeisel_sccortex_ref_shared10000/fold2/imputed_expression.npy,repository/results/protocol_a_full_rerun_20260711/baselines/TransImp/seqFISH_plus_cortex_svz_zeisel_sccortex_ref_shared10000/fold2/adapter_run_audit.json,archive/label_provenance/matched_labels/seqfish_plus_cortex_svz_matched_cell_types.csv,2000,1967,33,1537,1793,0.25093299466537133,0.39743566177096923,20,20,4,50,50,8
seqFISH+ cortex/SVZ,seqFISH_plus_cortex_svz_zeisel_sccortex_ref_shared10000,TransImp,raw_identity,2,Microglia,30,883,seqFISH_plus_cortex_svz_zeisel_sccortex_ref_shared10000.fold2.TransImp,(mean_in-mean_out)/sqrt((var_in+var_out)/2),0,repository/results/protocol_a_full_rerun_20260711/inputs/seqFISH_plus_cortex_svz_zeisel_sccortex_ref_shared10000/fold2/mode_a_split.json,repository/results/protocol_a_full_rerun_20260711/inputs/seqFISH_plus_cortex_svz_zeisel_sccortex_ref_shared10000/fold2/full_truth.npy,repository/results/protocol_a_full_rerun_20260711/baselines/TransImp/seqFISH_plus_cortex_svz_zeisel_sccortex_ref_shared10000/fold2/imputed_expression.npy,repository/results/protocol_a_full_rerun_20260711/baselines/TransImp/seqFISH_plus_cortex_svz_zeisel_sccortex_ref_shared10000/fold2/adapter_run_audit.json,archive/label_provenance/matched_labels/seqfish_plus_cortex_svz_matched_cell_types.csv,2000,1967,33,236,80,0.12436897295260381,0.63225819583109988,20,20,6,50,50,12
seqFISH+ cortex/SVZ,seqFISH_plus_cortex_svz_zeisel_sccortex_ref_shared10000,TransImp,raw_identity,2,Neural Stem,68,845,seqFISH_plus_cortex_svz_zeisel_sccortex_ref_shared10000.fold2.TransImp,(mean_in-mean_out)/sqrt((var_in+var_out)/2),0,repository/results/protocol_a_full_rerun_20260711/inputs/seqFISH_plus_cortex_svz_zeisel_sccortex_ref_shared10000/fold2/mode_a_split.json,repository/results/protocol_a_full_rerun_20260711/inputs/seqFISH_plus_cortex_svz_zeisel_sccortex_ref_shared10000/fold2/full_truth.npy,repository/results/protocol_a_full_rerun_20260711/baselines/TransImp/seqFISH_plus_cortex_svz_zeisel_sccortex_ref_shared10000/fold2/imputed_expression.npy,repository/results/protocol_a_full_rerun_20260711/baselines/TransImp/seqFISH_plus_cortex_svz_zeisel_sccortex_ref_shared10000/fold2/adapter_run_audit.json,archive/label_provenance/matched_labels/seqfish_plus_cortex_svz_matched_cell_types.csv,2000,1967,33,81,31,0.14047520132441532,0.77394094244919676,20,20,1,50,31,1
seqFISH+ cortex/SVZ,seqFISH_plus_cortex_svz_zeisel_sccortex_ref_shared10000,TransImp,raw_identity,2,Neuroblast,128,785,seqFISH_plus_cortex_svz_zeisel_sccortex_ref_shared10000.fold2.TransImp,(mean_in-mean_out)/sqrt((var_in+var_out)/2),0,repository/results/protocol_a_full_rerun_20260711/inputs/seqFISH_plus_cortex_svz_zeisel_sccortex_ref_shared10000/fold2/mode_a_split.json,repository/results/protocol_a_full_rerun_20260711/inputs/seqFISH_plus_cortex_svz_zeisel_sccortex_ref_shared10000/fold2/full_truth.npy,repository/results/protocol_a_full_rerun_20260711/baselines/TransImp/seqFISH_plus_cortex_svz_zeisel_sccortex_ref_shared10000/fold2/imputed_expression.npy,repository/results/protocol_a_full_rerun_20260711/baselines/TransImp/seqFISH_plus_cortex_svz_zeisel_sccortex_ref_shared10000/fold2/adapter_run_audit.json,archive/label_provenance/matched_labels/seqfish_plus_cortex_svz_matched_cell_types.csv,2000,1967,33,55,19,0.050051342204967098,0.8552075617829844,20,19,0,50,19,1
seqFISH+ cortex/SVZ,seqFISH_plus_cortex_svz_zeisel_sccortex_ref_shared10000,TransImp,raw_identity,2,Oligodendrocyte,41,872,seqFISH_plus_cortex_svz_zeisel_sccortex_ref_shared10000.fold2.TransImp,(mean_in-mean_out)/sqrt((var_in+var_out)/2),0,repository/results/protocol_a_full_rerun_20260711/inputs/seqFISH_plus_cortex_svz_zeisel_sccortex_ref_shared10000/fold2/mode_a_split.json,repository/results/protocol_a_full_rerun_20260711/inputs/seqFISH_plus_cortex_svz_zeisel_sccortex_ref_shared10000/fold2/full_truth.npy,repository/results/protocol_a_full_rerun_20260711/baselines/TransImp/seqFISH_plus_cortex_svz_zeisel_sccortex_ref_shared10000/fold2/imputed_expression.npy,repository/results/protocol_a_full_rerun_20260711/baselines/TransImp/seqFISH_plus_cortex_svz_zeisel_sccortex_ref_shared10000/fold2/adapter_run_audit.json,archive/label_provenance/matched_labels/seqfish_plus_cortex_svz_matched_cell_types.csv,2000,1967,33,1067,1123,0.32877815892634338,0.36773743802352726,20,20,11,50,50,25
seqFISH+ cortex/SVZ,seqFISH_plus_cortex_svz_zeisel_sccortex_ref_shared10000,SpaIM,raw_identity,2,Astrocyte,62,851,seqFISH_plus_cortex_svz_zeisel_sccortex_ref_shared10000.fold2.SpaIM,(mean_in-mean_out)/sqrt((var_in+var_out)/2),0,repository/results/protocol_a_full_rerun_20260711/inputs/seqFISH_plus_cortex_svz_zeisel_sccortex_ref_shared10000/fold2/mode_a_split.json,repository/results/protocol_a_full_rerun_20260711/inputs/seqFISH_plus_cortex_svz_zeisel_sccortex_ref_shared10000/fold2/full_truth.npy,repository/results/protocol_a_full_rerun_20260711/baselines/SpaIM/seqFISH_plus_cortex_svz_zeisel_sccortex_ref_shared10000/fold2/imputed_expression.npy,repository/results/protocol_a_full_rerun_20260711/baselines/SpaIM/seqFISH_plus_cortex_svz_zeisel_sccortex_ref_shared10000/fold2/adapter_run_audit.json,archive/label_provenance/matched_labels/seqfish_plus_cortex_svz_matched_cell_types.csv,2000,2000,0,1012,2000,0.14076380260234503,0.18885589608724074,20,20,9,50,50,15
seqFISH+ cortex/SVZ,seqFISH_plus_cortex_svz_zeisel_sccortex_ref_shared10000,SpaIM,raw_identity,2,Choroid Plexus,99,814,seqFISH_plus_cortex_svz_zeisel_sccortex_ref_shared10000.fold2.SpaIM,(mean_in-mean_out)/sqrt((var_in+var_out)/2),0,repository/results/protocol_a_full_rerun_20260711/inputs/seqFISH_plus_cortex_svz_zeisel_sccortex_ref_shared10000/fold2/mode_a_split.json,repository/results/protocol_a_full_rerun_20260711/inputs/seqFISH_plus_cortex_svz_zeisel_sccortex_ref_shared10000/fold2/full_truth.npy,repository/results/protocol_a_full_rerun_20260711/baselines/SpaIM/seqFISH_plus_cortex_svz_zeisel_sccortex_ref_shared10000/fold2/imputed_expression.npy,repository/results/protocol_a_full_rerun_20260711/baselines/SpaIM/seqFISH_plus_cortex_svz_zeisel_sccortex_ref_shared10000/fold2/adapter_run_audit.json,archive/label_provenance/matched_labels/seqfish_plus_cortex_svz_matched_cell_types.csv,2000,2000,0,749,6,0.16704567122513753,0.25757076639303861,20,6,0,50,6,1
seqFISH+ cortex/SVZ,seqFISH_plus_cortex_svz_zeisel_sccortex_ref_shared10000,SpaIM,raw_identity,2,Endothelial,68,845,seqFISH_plus_cortex_svz_zeisel_sccortex_ref_shared10000.fold2.SpaIM,(mean_in-mean_out)/sqrt((var_in+var_out)/2),0,repository/results/protocol_a_full_rerun_20260711/inputs/seqFISH_plus_cortex_svz_zeisel_sccortex_ref_shared10000/fold2/mode_a_split.json,repository/results/protocol_a_full_rerun_20260711/inputs/seqFISH_plus_cortex_svz_zeisel_sccortex_ref_shared10000/fold2/full_truth.npy,repository/results/protocol_a_full_rerun_20260711/baselines/SpaIM/seqFISH_plus_cortex_svz_zeisel_sccortex_ref_shared10000/fold2/imputed_expression.npy,repository/results/protocol_a_full_rerun_20260711/baselines/SpaIM/seqFISH_plus_cortex_svz_zeisel_sccortex_ref_shared10000/fold2/adapter_run_audit.json,archive/label_provenance/matched_labels/seqfish_plus_cortex_svz_matched_cell_types.csv,2000,2000,0,256,0,0.28696428444343319,0.68327654077154532,20,0,0,50,0,0
seqFISH+ cortex/SVZ,seqFISH_plus_cortex_svz_zeisel_sccortex_ref_shared10000,SpaIM,raw_identity,2,Ependymal,20,893,seqFISH_plus_cortex_svz_zeisel_sccortex_ref_shared10000.fold2.SpaIM,(mean_in-mean_out)/sqrt((var_in+var_out)/2),0,repository/results/protocol_a_full_rerun_20260711/inputs/seqFISH_plus_cortex_svz_zeisel_sccortex_ref_shared10000/fold2/mode_a_split.json,repository/results/protocol_a_full_rerun_20260711/inputs/seqFISH_plus_cortex_svz_zeisel_sccortex_ref_shared10000/fold2/full_truth.npy,repository/results/protocol_a_full_rerun_20260711/baselines/SpaIM/seqFISH_plus_cortex_svz_zeisel_sccortex_ref_shared10000/fold2/imputed_expression.npy,repository/results/protocol_a_full_rerun_20260711/baselines/SpaIM/seqFISH_plus_cortex_svz_zeisel_sccortex_ref_shared10000/fold2/adapter_run_audit.json,archive/label_provenance/matched_labels/seqfish_plus_cortex_svz_matched_cell_types.csv,2000,2000,0,236,0,-0.024200631091925405,0.88827192856770287,20,0,0,50,0,0
seqFISH+ cortex/SVZ,seqFISH_plus_cortex_svz_zeisel_sccortex_ref_shared10000,SpaIM,raw_identity,2,Excitatory neuron,337,576,seqFISH_plus_cortex_svz_zeisel_sccortex_ref_shared10000.fold2.SpaIM,(mean_in-mean_out)/sqrt((var_in+var_out)/2),0,repository/results/protocol_a_full_rerun_20260711/inputs/seqFISH_plus_cortex_svz_zeisel_sccortex_ref_shared10000/fold2/mode_a_split.json,repository/results/protocol_a_full_rerun_20260711/inputs/seqFISH_plus_cortex_svz_zeisel_sccortex_ref_shared10000/fold2/full_truth.npy,repository/results/protocol_a_full_rerun_20260711/baselines/SpaIM/seqFISH_plus_cortex_svz_zeisel_sccortex_ref_shared10000/fold2/imputed_expression.npy,repository/results/protocol_a_full_rerun_20260711/baselines/SpaIM/seqFISH_plus_cortex_svz_zeisel_sccortex_ref_shared10000/fold2/adapter_run_audit.json,archive/label_provenance/matched_labels/seqfish_plus_cortex_svz_matched_cell_types.csv,2000,2000,0,1928,2000,0.35578288027849436,1.315648059484511,20,20,4,50,50,17
seqFISH+ cortex/SVZ,seqFISH_plus_cortex_svz_zeisel_sccortex_ref_shared10000,SpaIM,raw_identity,2,Interneuron,60,853,seqFISH_plus_cortex_svz_zeisel_sccortex_ref_shared10000.fold2.SpaIM,(mean_in-mean_out)/sqrt((var_in+var_out)/2),0,repository/results/protocol_a_full_rerun_20260711/inputs/seqFISH_plus_cortex_svz_zeisel_sccortex_ref_shared10000/fold2/mode_a_split.json,repository/results/protocol_a_full_rerun_20260711/inputs/seqFISH_plus_cortex_svz_zeisel_sccortex_ref_shared10000/fold2/full_truth.npy,repository/results/protocol_a_full_rerun_20260711/baselines/SpaIM/seqFISH_plus_cortex_svz_zeisel_sccortex_ref_shared10000/fold2/imputed_expression.npy,repository/results/protocol_a_full_rerun_20260711/baselines/SpaIM/seqFISH_plus_cortex_svz_zeisel_sccortex_ref_shared10000/fold2/adapter_run_audit.json,archive/label_provenance/matched_labels/seqfish_plus_cortex_svz_matched_cell_types.csv,2000,2000,0,1566,2000,0.25269441972119844,0.49757525969375377,20,20,4,50,50,11
seqFISH+ cortex/SVZ,seqFISH_plus_cortex_svz_zeisel_sccortex_ref_shared10000,SpaIM,raw_identity,2,Microglia,30,883,seqFISH_plus_cortex_svz_zeisel_sccortex_ref_shared10000.fold2.SpaIM,(mean_in-mean_out)/sqrt((var_in+var_out)/2),0,repository/results/protocol_a_full_rerun_20260711/inputs/seqFISH_plus_cortex_svz_zeisel_sccortex_ref_shared10000/fold2/mode_a_split.json,repository/results/protocol_a_full_rerun_20260711/inputs/seqFISH_plus_cortex_svz_zeisel_sccortex_ref_shared10000/fold2/full_truth.npy,repository/results/protocol_a_full_rerun_20260711/baselines/SpaIM/seqFISH_plus_cortex_svz_zeisel_sccortex_ref_shared10000/fold2/imputed_expression.npy,repository/results/protocol_a_full_rerun_20260711/baselines/SpaIM/seqFISH_plus_cortex_svz_zeisel_sccortex_ref_shared10000/fold2/adapter_run_audit.json,archive/label_provenance/matched_labels/seqfish_plus_cortex_svz_matched_cell_types.csv,2000,2000,0,238,0,0.078273872055032348,0.86567908664567972,20,0,0,50,0,0
seqFISH+ cortex/SVZ,seqFISH_plus_cortex_svz_zeisel_sccortex_ref_shared10000,SpaIM,raw_identity,2,Neural Stem,68,845,seqFISH_plus_cortex_svz_zeisel_sccortex_ref_shared10000.fold2.SpaIM,(mean_in-mean_out)/sqrt((var_in+var_out)/2),0,repository/results/protocol_a_full_rerun_20260711/inputs/seqFISH_plus_cortex_svz_zeisel_sccortex_ref_shared10000/fold2/mode_a_split.json,repository/results/protocol_a_full_rerun_20260711/inputs/seqFISH_plus_cortex_svz_zeisel_sccortex_ref_shared10000/fold2/full_truth.npy,repository/results/protocol_a_full_rerun_20260711/baselines/SpaIM/seqFISH_plus_cortex_svz_zeisel_sccortex_ref_shared10000/fold2/imputed_expression.npy,repository/results/protocol_a_full_rerun_20260711/baselines/SpaIM/seqFISH_plus_cortex_svz_zeisel_sccortex_ref_shared10000/fold2/adapter_run_audit.json,archive/label_provenance/matched_labels/seqfish_plus_cortex_svz_matched_cell_types.csv,2000,2000,0,81,0,0.079711461107357134,0.94011142548710225,20,0,0,50,0,0
seqFISH+ cortex/SVZ,seqFISH_plus_cortex_svz_zeisel_sccortex_ref_shared10000,SpaIM,raw_identity,2,Neuroblast,128,785,seqFISH_plus_cortex_svz_zeisel_sccortex_ref_shared10000.fold2.SpaIM,(mean_in-mean_out)/sqrt((var_in+var_out)/2),0,repository/results/protocol_a_full_rerun_20260711/inputs/seqFISH_plus_cortex_svz_zeisel_sccortex_ref_shared10000/fold2/mode_a_split.json,repository/results/protocol_a_full_rerun_20260711/inputs/seqFISH_plus_cortex_svz_zeisel_sccortex_ref_shared10000/fold2/full_truth.npy,repository/results/protocol_a_full_rerun_20260711/baselines/SpaIM/seqFISH_plus_cortex_svz_zeisel_sccortex_ref_shared10000/fold2/imputed_expression.npy,repository/results/protocol_a_full_rerun_20260711/baselines/SpaIM/seqFISH_plus_cortex_svz_zeisel_sccortex_ref_shared10000/fold2/adapter_run_audit.json,archive/label_provenance/matched_labels/seqfish_plus_cortex_svz_matched_cell_types.csv,2000,2000,0,56,0,-0.06517503496533876,1.1890309896714506,20,0,0,50,0,0
seqFISH+ cortex/SVZ,seqFISH_plus_cortex_svz_zeisel_sccortex_ref_shared10000,SpaIM,raw_identity,2,Oligodendrocyte,41,872,seqFISH_plus_cortex_svz_zeisel_sccortex_ref_shared10000.fold2.SpaIM,(mean_in-mean_out)/sqrt((var_in+var_out)/2),0,repository/results/protocol_a_full_rerun_20260711/inputs/seqFISH_plus_cortex_svz_zeisel_sccortex_ref_shared10000/fold2/mode_a_split.json,repository/results/protocol_a_full_rerun_20260711/inputs/seqFISH_plus_cortex_svz_zeisel_sccortex_ref_shared10000/fold2/full_truth.npy,repository/results/protocol_a_full_rerun_20260711/baselines/SpaIM/seqFISH_plus_cortex_svz_zeisel_sccortex_ref_shared10000/fold2/imputed_expression.npy,repository/results/protocol_a_full_rerun_20260711/baselines/SpaIM/seqFISH_plus_cortex_svz_zeisel_sccortex_ref_shared10000/fold2/adapter_run_audit.json,archive/label_provenance/matched_labels/seqfish_plus_cortex_svz_matched_cell_types.csv,2000,2000,0,1085,2000,0.27596821293405943,0.29229142795486179,20,20,6,50,50,12
seqFISH+ cortex/SVZ,seqFISH_plus_cortex_svz_zeisel_sccortex_ref_shared10000,SpaGE,raw_identity,2,Astrocyte,62,851,seqFISH_plus_cortex_svz_zeisel_sccortex_ref_shared10000.fold2.SpaGE,(mean_in-mean_out)/sqrt((var_in+var_out)/2),0,repository/results/protocol_a_full_rerun_20260711/inputs/seqFISH_plus_cortex_svz_zeisel_sccortex_ref_shared10000/fold2/mode_a_split.json,repository/results/protocol_a_full_rerun_20260711/inputs/seqFISH_plus_cortex_svz_zeisel_sccortex_ref_shared10000/fold2/full_truth.npy,repository/results/protocol_a_full_rerun_20260711/baselines/SpaGE/seqFISH_plus_cortex_svz_zeisel_sccortex_ref_shared10000/fold2/imputed_expression.npy,repository/results/protocol_a_full_rerun_20260711/baselines/SpaGE/seqFISH_plus_cortex_svz_zeisel_sccortex_ref_shared10000/fold2/adapter_run_audit.json,archive/label_provenance/matched_labels/seqfish_plus_cortex_svz_matched_cell_types.csv,2000,1962,38,997,721,0.18801834388751926,0.3753261195933873,20,20,8,50,50,19
seqFISH+ cortex/SVZ,seqFISH_plus_cortex_svz_zeisel_sccortex_ref_shared10000,SpaGE,raw_identity,2,Choroid Plexus,99,814,seqFISH_plus_cortex_svz_zeisel_sccortex_ref_shared10000.fold2.SpaGE,(mean_in-mean_out)/sqrt((var_in+var_out)/2),0,repository/results/protocol_a_full_rerun_20260711/inputs/seqFISH_plus_cortex_svz_zeisel_sccortex_ref_shared10000/fold2/mode_a_split.json,repository/results/protocol_a_full_rerun_20260711/inputs/seqFISH_plus_cortex_svz_zeisel_sccortex_ref_shared10000/fold2/full_truth.npy,repository/results/protocol_a_full_rerun_20260711/baselines/SpaGE/seqFISH_plus_cortex_svz_zeisel_sccortex_ref_shared10000/fold2/imputed_expression.npy,repository/results/protocol_a_full_rerun_20260711/baselines/SpaGE/seqFISH_plus_cortex_svz_zeisel_sccortex_ref_shared10000/fold2/adapter_run_audit.json,archive/label_provenance/matched_labels/seqfish_plus_cortex_svz_matched_cell_types.csv,2000,1962,38,733,688,0.26629781088674731,0.80236013553546282,20,20,2,50,50,6
seqFISH+ cortex/SVZ,seqFISH_plus_cortex_svz_zeisel_sccortex_ref_shared10000,SpaGE,raw_identity,2,Endothelial,68,845,seqFISH_plus_cortex_svz_zeisel_sccortex_ref_shared10000.fold2.SpaGE,(mean_in-mean_out)/sqrt((var_in+var_out)/2),0,repository/results/protocol_a_full_rerun_20260711/inputs/seqFISH_plus_cortex_svz_zeisel_sccortex_ref_shared10000/fold2/mode_a_split.json,repository/results/protocol_a_full_rerun_20260711/inputs/seqFISH_plus_cortex_svz_zeisel_sccortex_ref_shared10000/fold2/full_truth.npy,repository/results/protocol_a_full_rerun_20260711/baselines/SpaGE/seqFISH_plus_cortex_svz_zeisel_sccortex_ref_shared10000/fold2/imputed_expression.npy,repository/results/protocol_a_full_rerun_20260711/baselines/SpaGE/seqFISH_plus_cortex_svz_zeisel_sccortex_ref_shared10000/fold2/adapter_run_audit.json,archive/label_provenance/matched_labels/seqfish_plus_cortex_svz_matched_cell_types.csv,2000,1962,38,255,398,0.26151382870788242,0.75490681634693635,20,20,7,50,50,20
seqFISH+ cortex/SVZ,seqFISH_plus_cortex_svz_zeisel_sccortex_ref_shared10000,SpaGE,raw_identity,2,Ependymal,20,893,seqFISH_plus_cortex_svz_zeisel_sccortex_ref_shared10000.fold2.SpaGE,(mean_in-mean_out)/sqrt((var_in+var_out)/2),0,repository/results/protocol_a_full_rerun_20260711/inputs/seqFISH_plus_cortex_svz_zeisel_sccortex_ref_shared10000/fold2/mode_a_split.json,repository/results/protocol_a_full_rerun_20260711/inputs/seqFISH_plus_cortex_svz_zeisel_sccortex_ref_shared10000/fold2/full_truth.npy,repository/results/protocol_a_full_rerun_20260711/baselines/SpaGE/seqFISH_plus_cortex_svz_zeisel_sccortex_ref_shared10000/fold2/imputed_expression.npy,repository/results/protocol_a_full_rerun_20260711/baselines/SpaGE/seqFISH_plus_cortex_svz_zeisel_sccortex_ref_shared10000/fold2/adapter_run_audit.json,archive/label_provenance/matched_labels/seqfish_plus_cortex_svz_matched_cell_types.csv,2000,1962,38,229,243,0.08494135937811656,0.61748029529808068,20,20,0,50,50,1
seqFISH+ cortex/SVZ,seqFISH_plus_cortex_svz_zeisel_sccortex_ref_shared10000,SpaGE,raw_identity,2,Excitatory neuron,337,576,seqFISH_plus_cortex_svz_zeisel_sccortex_ref_shared10000.fold2.SpaGE,(mean_in-mean_out)/sqrt((var_in+var_out)/2),0,repository/results/protocol_a_full_rerun_20260711/inputs/seqFISH_plus_cortex_svz_zeisel_sccortex_ref_shared10000/fold2/mode_a_split.json,repository/results/protocol_a_full_rerun_20260711/inputs/seqFISH_plus_cortex_svz_zeisel_sccortex_ref_shared10000/fold2/full_truth.npy,repository/results/protocol_a_full_rerun_20260711/baselines/SpaGE/seqFISH_plus_cortex_svz_zeisel_sccortex_ref_shared10000/fold2/imputed_expression.npy,repository/results/protocol_a_full_rerun_20260711/baselines/SpaGE/seqFISH_plus_cortex_svz_zeisel_sccortex_ref_shared10000/fold2/adapter_run_audit.json,archive/label_provenance/matched_labels/seqfish_plus_cortex_svz_matched_cell_types.csv,2000,1962,38,1890,1379,0.43086823082830894,0.99114450126665676,20,20,3,50,50,17
seqFISH+ cortex/SVZ,seqFISH_plus_cortex_svz_zeisel_sccortex_ref_shared10000,SpaGE,raw_identity,2,Interneuron,60,853,seqFISH_plus_cortex_svz_zeisel_sccortex_ref_shared10000.fold2.SpaGE,(mean_in-mean_out)/sqrt((var_in+var_out)/2),0,repository/results/protocol_a_full_rerun_20260711/inputs/seqFISH_plus_cortex_svz_zeisel_sccortex_ref_shared10000/fold2/mode_a_split.json,repository/results/protocol_a_full_rerun_20260711/inputs/seqFISH_plus_cortex_svz_zeisel_sccortex_ref_shared10000/fold2/full_truth.npy,repository/results/protocol_a_full_rerun_20260711/baselines/SpaGE/seqFISH_plus_cortex_svz_zeisel_sccortex_ref_shared10000/fold2/imputed_expression.npy,repository/results/protocol_a_full_rerun_20260711/baselines/SpaGE/seqFISH_plus_cortex_svz_zeisel_sccortex_ref_shared10000/fold2/adapter_run_audit.json,archive/label_provenance/matched_labels/seqfish_plus_cortex_svz_matched_cell_types.csv,2000,1962,38,1532,1219,0.29108203523893922,0.61213577808352937,20,20,3,50,50,10
seqFISH+ cortex/SVZ,seqFISH_plus_cortex_svz_zeisel_sccortex_ref_shared10000,SpaGE,raw_identity,2,Microglia,30,883,seqFISH_plus_cortex_svz_zeisel_sccortex_ref_shared10000.fold2.SpaGE,(mean_in-mean_out)/sqrt((var_in+var_out)/2),0,repository/results/protocol_a_full_rerun_20260711/inputs/seqFISH_plus_cortex_svz_zeisel_sccortex_ref_shared10000/fold2/mode_a_split.json,repository/results/protocol_a_full_rerun_20260711/inputs/seqFISH_plus_cortex_svz_zeisel_sccortex_ref_shared10000/fold2/full_truth.npy,repository/results/protocol_a_full_rerun_20260711/baselines/SpaGE/seqFISH_plus_cortex_svz_zeisel_sccortex_ref_shared10000/fold2/imputed_expression.npy,repository/results/protocol_a_full_rerun_20260711/baselines/SpaGE/seqFISH_plus_cortex_svz_zeisel_sccortex_ref_shared10000/fold2/adapter_run_audit.json,archive/label_provenance/matched_labels/seqfish_plus_cortex_svz_matched_cell_types.csv,2000,1962,38,236,265,0.11527024627919914,0.53941025674649723,20,20,1,50,50,7
seqFISH+ cortex/SVZ,seqFISH_plus_cortex_svz_zeisel_sccortex_ref_shared10000,SpaGE,raw_identity,2,Neural Stem,68,845,seqFISH_plus_cortex_svz_zeisel_sccortex_ref_shared10000.fold2.SpaGE,(mean_in-mean_out)/sqrt((var_in+var_out)/2),0,repository/results/protocol_a_full_rerun_20260711/inputs/seqFISH_plus_cortex_svz_zeisel_sccortex_ref_shared10000/fold2/mode_a_split.json,repository/results/protocol_a_full_rerun_20260711/inputs/seqFISH_plus_cortex_svz_zeisel_sccortex_ref_shared10000/fold2/full_truth.npy,repository/results/protocol_a_full_rerun_20260711/baselines/SpaGE/seqFISH_plus_cortex_svz_zeisel_sccortex_ref_shared10000/fold2/imputed_expression.npy,repository/results/protocol_a_full_rerun_20260711/baselines/SpaGE/seqFISH_plus_cortex_svz_zeisel_sccortex_ref_shared10000/fold2/adapter_run_audit.json,archive/label_provenance/matched_labels/seqfish_plus_cortex_svz_matched_cell_types.csv,2000,1962,38,81,257,0.084720208195846705,0.53889754443698723,20,20,0,50,50,3
seqFISH+ cortex/SVZ,seqFISH_plus_cortex_svz_zeisel_sccortex_ref_shared10000,SpaGE,raw_identity,2,Neuroblast,128,785,seqFISH_plus_cortex_svz_zeisel_sccortex_ref_shared10000.fold2.SpaGE,(mean_in-mean_out)/sqrt((var_in+var_out)/2),0,repository/results/protocol_a_full_rerun_20260711/inputs/seqFISH_plus_cortex_svz_zeisel_sccortex_ref_shared10000/fold2/mode_a_split.json,repository/results/protocol_a_full_rerun_20260711/inputs/seqFISH_plus_cortex_svz_zeisel_sccortex_ref_shared10000/fold2/full_truth.npy,repository/results/protocol_a_full_rerun_20260711/baselines/SpaGE/seqFISH_plus_cortex_svz_zeisel_sccortex_ref_shared10000/fold2/imputed_expression.npy,repository/results/protocol_a_full_rerun_20260711/baselines/SpaGE/seqFISH_plus_cortex_svz_zeisel_sccortex_ref_shared10000/fold2/adapter_run_audit.json,archive/label_provenance/matched_labels/seqfish_plus_cortex_svz_matched_cell_types.csv,2000,1962,38,55,273,0.045296752405636978,0.72461100022128588,20,20,0,50,50,0
seqFISH+ cortex/SVZ,seqFISH_plus_cortex_svz_zeisel_sccortex_ref_shared10000,SpaGE,raw_identity,2,Oligodendrocyte,41,872,seqFISH_plus_cortex_svz_zeisel_sccortex_ref_shared10000.fold2.SpaGE,(mean_in-mean_out)/sqrt((var_in+var_out)/2),0,repository/results/protocol_a_full_rerun_20260711/inputs/seqFISH_plus_cortex_svz_zeisel_sccortex_ref_shared10000/fold2/mode_a_split.json,repository/results/protocol_a_full_rerun_20260711/inputs/seqFISH_plus_cortex_svz_zeisel_sccortex_ref_shared10000/fold2/full_truth.npy,repository/results/protocol_a_full_rerun_20260711/baselines/SpaGE/seqFISH_plus_cortex_svz_zeisel_sccortex_ref_shared10000/fold2/imputed_expression.npy,repository/results/protocol_a_full_rerun_20260711/baselines/SpaGE/seqFISH_plus_cortex_svz_zeisel_sccortex_ref_shared10000/fold2/adapter_run_audit.json,archive/label_provenance/matched_labels/seqfish_plus_cortex_svz_matched_cell_types.csv,2000,1962,38,1065,664,0.34696743345030662,0.64795813606675901,20,20,8,50,50,25
seqFISH+ cortex/SVZ,seqFISH_plus_cortex_svz_zeisel_sccortex_ref_shared10000,stPlus,raw_identity,2,Astrocyte,62,851,seqFISH_plus_cortex_svz_zeisel_sccortex_ref_shared10000.fold2.stPlus,(mean_in-mean_out)/sqrt((var_in+var_out)/2),0,repository/results/protocol_a_full_rerun_20260711/inputs/seqFISH_plus_cortex_svz_zeisel_sccortex_ref_shared10000/fold2/mode_a_split.json,repository/results/protocol_a_full_rerun_20260711/inputs/seqFISH_plus_cortex_svz_zeisel_sccortex_ref_shared10000/fold2/full_truth.npy,repository/results/protocol_a_full_rerun_20260711/baselines/stPlus/seqFISH_plus_cortex_svz_zeisel_sccortex_ref_shared10000/fold2/imputed_expression.npy,repository/results/protocol_a_full_rerun_20260711/baselines/stPlus/seqFISH_plus_cortex_svz_zeisel_sccortex_ref_shared10000/fold2/adapter_run_audit.json,archive/label_provenance/matched_labels/seqfish_plus_cortex_svz_matched_cell_types.csv,2000,1872,128,958,859,0.13608608252683757,0.24119132520789474,20,20,0,50,50,5
seqFISH+ cortex/SVZ,seqFISH_plus_cortex_svz_zeisel_sccortex_ref_shared10000,stPlus,raw_identity,2,Choroid Plexus,99,814,seqFISH_plus_cortex_svz_zeisel_sccortex_ref_shared10000.fold2.stPlus,(mean_in-mean_out)/sqrt((var_in+var_out)/2),0,repository/results/protocol_a_full_rerun_20260711/inputs/seqFISH_plus_cortex_svz_zeisel_sccortex_ref_shared10000/fold2/mode_a_split.json,repository/results/protocol_a_full_rerun_20260711/inputs/seqFISH_plus_cortex_svz_zeisel_sccortex_ref_shared10000/fold2/full_truth.npy,repository/results/protocol_a_full_rerun_20260711/baselines/stPlus/seqFISH_plus_cortex_svz_zeisel_sccortex_ref_shared10000/fold2/imputed_expression.npy,repository/results/protocol_a_full_rerun_20260711/baselines/stPlus/seqFISH_plus_cortex_svz_zeisel_sccortex_ref_shared10000/fold2/adapter_run_audit.json,archive/label_provenance/matched_labels/seqfish_plus_cortex_svz_matched_cell_types.csv,2000,1872,128,698,516,0.10654947068130624,1.3775726401735611,20,20,0,50,50,1
seqFISH+ cortex/SVZ,seqFISH_plus_cortex_svz_zeisel_sccortex_ref_shared10000,stPlus,raw_identity,2,Endothelial,68,845,seqFISH_plus_cortex_svz_zeisel_sccortex_ref_shared10000.fold2.stPlus,(mean_in-mean_out)/sqrt((var_in+var_out)/2),0,repository/results/protocol_a_full_rerun_20260711/inputs/seqFISH_plus_cortex_svz_zeisel_sccortex_ref_shared10000/fold2/mode_a_split.json,repository/results/protocol_a_full_rerun_20260711/inputs/seqFISH_plus_cortex_svz_zeisel_sccortex_ref_shared10000/fold2/full_truth.npy,repository/results/protocol_a_full_rerun_20260711/baselines/stPlus/seqFISH_plus_cortex_svz_zeisel_sccortex_ref_shared10000/fold2/imputed_expression.npy,repository/results/protocol_a_full_rerun_20260711/baselines/stPlus/seqFISH_plus_cortex_svz_zeisel_sccortex_ref_shared10000/fold2/adapter_run_audit.json,archive/label_provenance/matched_labels/seqfish_plus_cortex_svz_matched_cell_types.csv,2000,1872,128,248,575,0.24330847145448359,0.31484192820811596,20,20,0,50,50,8
seqFISH+ cortex/SVZ,seqFISH_plus_cortex_svz_zeisel_sccortex_ref_shared10000,stPlus,raw_identity,2,Ependymal,20,893,seqFISH_plus_cortex_svz_zeisel_sccortex_ref_shared10000.fold2.stPlus,(mean_in-mean_out)/sqrt((var_in+var_out)/2),0,repository/results/protocol_a_full_rerun_20260711/inputs/seqFISH_plus_cortex_svz_zeisel_sccortex_ref_shared10000/fold2/mode_a_split.json,repository/results/protocol_a_full_rerun_20260711/inputs/seqFISH_plus_cortex_svz_zeisel_sccortex_ref_shared10000/fold2/full_truth.npy,repository/results/protocol_a_full_rerun_20260711/baselines/stPlus/seqFISH_plus_cortex_svz_zeisel_sccortex_ref_shared10000/fold2/imputed_expression.npy,repository/results/protocol_a_full_rerun_20260711/baselines/stPlus/seqFISH_plus_cortex_svz_zeisel_sccortex_ref_shared10000/fold2/adapter_run_audit.json,archive/label_provenance/matched_labels/seqfish_plus_cortex_svz_matched_cell_types.csv,2000,1872,128,219,418,0.16317039455258248,0.46766041181940682,20,20,1,50,50,2
seqFISH+ cortex/SVZ,seqFISH_plus_cortex_svz_zeisel_sccortex_ref_shared10000,stPlus,raw_identity,2,Excitatory neuron,337,576,seqFISH_plus_cortex_svz_zeisel_sccortex_ref_shared10000.fold2.stPlus,(mean_in-mean_out)/sqrt((var_in+var_out)/2),0,repository/results/protocol_a_full_rerun_20260711/inputs/seqFISH_plus_cortex_svz_zeisel_sccortex_ref_shared10000/fold2/mode_a_split.json,repository/results/protocol_a_full_rerun_20260711/inputs/seqFISH_plus_cortex_svz_zeisel_sccortex_ref_shared10000/fold2/full_truth.npy,repository/results/protocol_a_full_rerun_20260711/baselines/stPlus/seqFISH_plus_cortex_svz_zeisel_sccortex_ref_shared10000/fold2/imputed_expression.npy,repository/results/protocol_a_full_rerun_20260711/baselines/stPlus/seqFISH_plus_cortex_svz_zeisel_sccortex_ref_shared10000/fold2/adapter_run_audit.json,archive/label_provenance/matched_labels/seqfish_plus_cortex_svz_matched_cell_types.csv,2000,1872,128,1800,1290,0.36692284063085678,0.93966692610514368,20,20,1,50,50,5
seqFISH+ cortex/SVZ,seqFISH_plus_cortex_svz_zeisel_sccortex_ref_shared10000,stPlus,raw_identity,2,Interneuron,60,853,seqFISH_plus_cortex_svz_zeisel_sccortex_ref_shared10000.fold2.stPlus,(mean_in-mean_out)/sqrt((var_in+var_out)/2),0,repository/results/protocol_a_full_rerun_20260711/inputs/seqFISH_plus_cortex_svz_zeisel_sccortex_ref_shared10000/fold2/mode_a_split.json,repository/results/protocol_a_full_rerun_20260711/inputs/seqFISH_plus_cortex_svz_zeisel_sccortex_ref_shared10000/fold2/full_truth.npy,repository/results/protocol_a_full_rerun_20260711/baselines/stPlus/seqFISH_plus_cortex_svz_zeisel_sccortex_ref_shared10000/fold2/imputed_expression.npy,repository/results/protocol_a_full_rerun_20260711/baselines/stPlus/seqFISH_plus_cortex_svz_zeisel_sccortex_ref_shared10000/fold2/adapter_run_audit.json,archive/label_provenance/matched_labels/seqfish_plus_cortex_svz_matched_cell_types.csv,2000,1872,128,1465,1283,0.21088992195356907,0.5119350163180838,20,20,0,50,50,2
seqFISH+ cortex/SVZ,seqFISH_plus_cortex_svz_zeisel_sccortex_ref_shared10000,stPlus,raw_identity,2,Microglia,30,883,seqFISH_plus_cortex_svz_zeisel_sccortex_ref_shared10000.fold2.stPlus,(mean_in-mean_out)/sqrt((var_in+var_out)/2),0,repository/results/protocol_a_full_rerun_20260711/inputs/seqFISH_plus_cortex_svz_zeisel_sccortex_ref_shared10000/fold2/mode_a_split.json,repository/results/protocol_a_full_rerun_20260711/inputs/seqFISH_plus_cortex_svz_zeisel_sccortex_ref_shared10000/fold2/full_truth.npy,repository/results/protocol_a_full_rerun_20260711/baselines/stPlus/seqFISH_plus_cortex_svz_zeisel_sccortex_ref_shared10000/fold2/imputed_expression.npy,repository/results/protocol_a_full_rerun_20260711/baselines/stPlus/seqFISH_plus_cortex_svz_zeisel_sccortex_ref_shared10000/fold2/adapter_run_audit.json,archive/label_provenance/matched_labels/seqfish_plus_cortex_svz_matched_cell_types.csv,2000,1872,128,228,435,0.091965504042816601,0.42424277465586224,20,20,0,50,50,1
seqFISH+ cortex/SVZ,seqFISH_plus_cortex_svz_zeisel_sccortex_ref_shared10000,stPlus,raw_identity,2,Neural Stem,68,845,seqFISH_plus_cortex_svz_zeisel_sccortex_ref_shared10000.fold2.stPlus,(mean_in-mean_out)/sqrt((var_in+var_out)/2),0,repository/results/protocol_a_full_rerun_20260711/inputs/seqFISH_plus_cortex_svz_zeisel_sccortex_ref_shared10000/fold2/mode_a_split.json,repository/results/protocol_a_full_rerun_20260711/inputs/seqFISH_plus_cortex_svz_zeisel_sccortex_ref_shared10000/fold2/full_truth.npy,repository/results/protocol_a_full_rerun_20260711/baselines/stPlus/seqFISH_plus_cortex_svz_zeisel_sccortex_ref_shared10000/fold2/imputed_expression.npy,repository/results/protocol_a_full_rerun_20260711/baselines/stPlus/seqFISH_plus_cortex_svz_zeisel_sccortex_ref_shared10000/fold2/adapter_run_audit.json,archive/label_provenance/matched_labels/seqfish_plus_cortex_svz_matched_cell_types.csv,2000,1872,128,80,455,0.19576710533738412,0.53099422901573479,20,20,2,50,50,7
seqFISH+ cortex/SVZ,seqFISH_plus_cortex_svz_zeisel_sccortex_ref_shared10000,stPlus,raw_identity,2,Neuroblast,128,785,seqFISH_plus_cortex_svz_zeisel_sccortex_ref_shared10000.fold2.stPlus,(mean_in-mean_out)/sqrt((var_in+var_out)/2),0,repository/results/protocol_a_full_rerun_20260711/inputs/seqFISH_plus_cortex_svz_zeisel_sccortex_ref_shared10000/fold2/mode_a_split.json,repository/results/protocol_a_full_rerun_20260711/inputs/seqFISH_plus_cortex_svz_zeisel_sccortex_ref_shared10000/fold2/full_truth.npy,repository/results/protocol_a_full_rerun_20260711/baselines/stPlus/seqFISH_plus_cortex_svz_zeisel_sccortex_ref_shared10000/fold2/imputed_expression.npy,repository/results/protocol_a_full_rerun_20260711/baselines/stPlus/seqFISH_plus_cortex_svz_zeisel_sccortex_ref_shared10000/fold2/adapter_run_audit.json,archive/label_provenance/matched_labels/seqfish_plus_cortex_svz_matched_cell_types.csv,2000,1872,128,54,548,0.091274778363367753,0.39763763597642415,20,20,0,50,50,2
seqFISH+ cortex/SVZ,seqFISH_plus_cortex_svz_zeisel_sccortex_ref_shared10000,stPlus,raw_identity,2,Oligodendrocyte,41,872,seqFISH_plus_cortex_svz_zeisel_sccortex_ref_shared10000.fold2.stPlus,(mean_in-mean_out)/sqrt((var_in+var_out)/2),0,repository/results/protocol_a_full_rerun_20260711/inputs/seqFISH_plus_cortex_svz_zeisel_sccortex_ref_shared10000/fold2/mode_a_split.json,repository/results/protocol_a_full_rerun_20260711/inputs/seqFISH_plus_cortex_svz_zeisel_sccortex_ref_shared10000/fold2/full_truth.npy,repository/results/protocol_a_full_rerun_20260711/baselines/stPlus/seqFISH_plus_cortex_svz_zeisel_sccortex_ref_shared10000/fold2/imputed_expression.npy,repository/results/protocol_a_full_rerun_20260711/baselines/stPlus/seqFISH_plus_cortex_svz_zeisel_sccortex_ref_shared10000/fold2/adapter_run_audit.json,archive/label_provenance/matched_labels/seqfish_plus_cortex_svz_matched_cell_types.csv,2000,1872,128,1027,1263,0.069634182381719187,0.41519133044078471,20,20,0,50,50,3
seqFISH+ cortex/SVZ,seqFISH_plus_cortex_svz_zeisel_sccortex_ref_shared10000,stAI,raw_identity,2,Astrocyte,62,851,seqFISH_plus_cortex_svz_zeisel_sccortex_ref_shared10000.fold2.stAI,(mean_in-mean_out)/sqrt((var_in+var_out)/2),0,repository/results/protocol_a_full_rerun_20260711/inputs/seqFISH_plus_cortex_svz_zeisel_sccortex_ref_shared10000/fold2/mode_a_split.json,repository/results/protocol_a_full_rerun_20260711/inputs/seqFISH_plus_cortex_svz_zeisel_sccortex_ref_shared10000/fold2/full_truth.npy,repository/results/protocol_a_full_rerun_20260711/baselines/stAI/seqFISH_plus_cortex_svz_zeisel_sccortex_ref_shared10000/fold2/imputed_expression.npy,repository/results/protocol_a_full_rerun_20260711/baselines/stAI/seqFISH_plus_cortex_svz_zeisel_sccortex_ref_shared10000/fold2/adapter_run_audit.json,archive/label_provenance/matched_labels/seqfish_plus_cortex_svz_matched_cell_types.csv,2000,1914,86,975,487,0.15113567974532857,0.25806071067059105,20,20,4,50,50,11
seqFISH+ cortex/SVZ,seqFISH_plus_cortex_svz_zeisel_sccortex_ref_shared10000,stAI,raw_identity,2,Choroid Plexus,99,814,seqFISH_plus_cortex_svz_zeisel_sccortex_ref_shared10000.fold2.stAI,(mean_in-mean_out)/sqrt((var_in+var_out)/2),0,repository/results/protocol_a_full_rerun_20260711/inputs/seqFISH_plus_cortex_svz_zeisel_sccortex_ref_shared10000/fold2/mode_a_split.json,repository/results/protocol_a_full_rerun_20260711/inputs/seqFISH_plus_cortex_svz_zeisel_sccortex_ref_shared10000/fold2/full_truth.npy,repository/results/protocol_a_full_rerun_20260711/baselines/stAI/seqFISH_plus_cortex_svz_zeisel_sccortex_ref_shared10000/fold2/imputed_expression.npy,repository/results/protocol_a_full_rerun_20260711/baselines/stAI/seqFISH_plus_cortex_svz_zeisel_sccortex_ref_shared10000/fold2/adapter_run_audit.json,archive/label_provenance/matched_labels/seqfish_plus_cortex_svz_matched_cell_types.csv,2000,1914,86,717,319,0.16742620973378186,0.67148136498546074,20,20,0,50,50,3
seqFISH+ cortex/SVZ,seqFISH_plus_cortex_svz_zeisel_sccortex_ref_shared10000,stAI,raw_identity,2,Endothelial,68,845,seqFISH_plus_cortex_svz_zeisel_sccortex_ref_shared10000.fold2.stAI,(mean_in-mean_out)/sqrt((var_in+var_out)/2),0,repository/results/protocol_a_full_rerun_20260711/inputs/seqFISH_plus_cortex_svz_zeisel_sccortex_ref_shared10000/fold2/mode_a_split.json,repository/results/protocol_a_full_rerun_20260711/inputs/seqFISH_plus_cortex_svz_zeisel_sccortex_ref_shared10000/fold2/full_truth.npy,repository/results/protocol_a_full_rerun_20260711/baselines/stAI/seqFISH_plus_cortex_svz_zeisel_sccortex_ref_shared10000/fold2/imputed_expression.npy,repository/results/protocol_a_full_rerun_20260711/baselines/stAI/seqFISH_plus_cortex_svz_zeisel_sccortex_ref_shared10000/fold2/adapter_run_audit.json,archive/label_provenance/matched_labels/seqfish_plus_cortex_svz_matched_cell_types.csv,2000,1914,86,252,235,0.16772738035530205,0.66134595293590515,20,20,4,50,50,15
seqFISH+ cortex/SVZ,seqFISH_plus_cortex_svz_zeisel_sccortex_ref_shared10000,stAI,raw_identity,2,Ependymal,20,893,seqFISH_plus_cortex_svz_zeisel_sccortex_ref_shared10000.fold2.stAI,(mean_in-mean_out)/sqrt((var_in+var_out)/2),0,repository/results/protocol_a_full_rerun_20260711/inputs/seqFISH_plus_cortex_svz_zeisel_sccortex_ref_shared10000/fold2/mode_a_split.json,repository/results/protocol_a_full_rerun_20260711/inputs/seqFISH_plus_cortex_svz_zeisel_sccortex_ref_shared10000/fold2/full_truth.npy,repository/results/protocol_a_full_rerun_20260711/baselines/stAI/seqFISH_plus_cortex_svz_zeisel_sccortex_ref_shared10000/fold2/imputed_expression.npy,repository/results/protocol_a_full_rerun_20260711/baselines/stAI/seqFISH_plus_cortex_svz_zeisel_sccortex_ref_shared10000/fold2/adapter_run_audit.json,archive/label_provenance/matched_labels/seqfish_plus_cortex_svz_matched_cell_types.csv,2000,1914,86,223,179,0.056059563951583638,0.51182039269332991,20,20,0,50,50,3
seqFISH+ cortex/SVZ,seqFISH_plus_cortex_svz_zeisel_sccortex_ref_shared10000,stAI,raw_identity,2,Excitatory neuron,337,576,seqFISH_plus_cortex_svz_zeisel_sccortex_ref_shared10000.fold2.stAI,(mean_in-mean_out)/sqrt((var_in+var_out)/2),0,repository/results/protocol_a_full_rerun_20260711/inputs/seqFISH_plus_cortex_svz_zeisel_sccortex_ref_shared10000/fold2/mode_a_split.json,repository/results/protocol_a_full_rerun_20260711/inputs/seqFISH_plus_cortex_svz_zeisel_sccortex_ref_shared10000/fold2/full_truth.npy,repository/results/protocol_a_full_rerun_20260711/baselines/stAI/seqFISH_plus_cortex_svz_zeisel_sccortex_ref_shared10000/fold2/imputed_expression.npy,repository/results/protocol_a_full_rerun_20260711/baselines/stAI/seqFISH_plus_cortex_svz_zeisel_sccortex_ref_shared10000/fold2/adapter_run_audit.json,archive/label_provenance/matched_labels/seqfish_plus_cortex_svz_matched_cell_types.csv,2000,1914,86,1842,1661,0.30723269187608143,0.8110440337001803,20,20,1,50,50,2
seqFISH+ cortex/SVZ,seqFISH_plus_cortex_svz_zeisel_sccortex_ref_shared10000,stAI,raw_identity,2,Interneuron,60,853,seqFISH_plus_cortex_svz_zeisel_sccortex_ref_shared10000.fold2.stAI,(mean_in-mean_out)/sqrt((var_in+var_out)/2),0,repository/results/protocol_a_full_rerun_20260711/inputs/seqFISH_plus_cortex_svz_zeisel_sccortex_ref_shared10000/fold2/mode_a_split.json,repository/results/protocol_a_full_rerun_20260711/inputs/seqFISH_plus_cortex_svz_zeisel_sccortex_ref_shared10000/fold2/full_truth.npy,repository/results/protocol_a_full_rerun_20260711/baselines/stAI/seqFISH_plus_cortex_svz_zeisel_sccortex_ref_shared10000/fold2/imputed_expression.npy,repository/results/protocol_a_full_rerun_20260711/baselines/stAI/seqFISH_plus_cortex_svz_zeisel_sccortex_ref_shared10000/fold2/adapter_run_audit.json,archive/label_provenance/matched_labels/seqfish_plus_cortex_svz_matched_cell_types.csv,2000,1914,86,1492,1593,0.14310946943463959,0.3108880284719886,20,20,1,50,50,2
seqFISH+ cortex/SVZ,seqFISH_plus_cortex_svz_zeisel_sccortex_ref_shared10000,stAI,raw_identity,2,Microglia,30,883,seqFISH_plus_cortex_svz_zeisel_sccortex_ref_shared10000.fold2.stAI,(mean_in-mean_out)/sqrt((var_in+var_out)/2),0,repository/results/protocol_a_full_rerun_20260711/inputs/seqFISH_plus_cortex_svz_zeisel_sccortex_ref_shared10000/fold2/mode_a_split.json,repository/results/protocol_a_full_rerun_20260711/inputs/seqFISH_plus_cortex_svz_zeisel_sccortex_ref_shared10000/fold2/full_truth.npy,repository/results/protocol_a_full_rerun_20260711/baselines/stAI/seqFISH_plus_cortex_svz_zeisel_sccortex_ref_shared10000/fold2/imputed_expression.npy,repository/results/protocol_a_full_rerun_20260711/baselines/stAI/seqFISH_plus_cortex_svz_zeisel_sccortex_ref_shared10000/fold2/adapter_run_audit.json,archive/label_provenance/matched_labels/seqfish_plus_cortex_svz_matched_cell_types.csv,2000,1914,86,233,179,0.070015043991901019,0.48692622242253369,20,20,3,50,50,8
seqFISH+ cortex/SVZ,seqFISH_plus_cortex_svz_zeisel_sccortex_ref_shared10000,stAI,raw_identity,2,Neural Stem,68,845,seqFISH_plus_cortex_svz_zeisel_sccortex_ref_shared10000.fold2.stAI,(mean_in-mean_out)/sqrt((var_in+var_out)/2),0,repository/results/protocol_a_full_rerun_20260711/inputs/seqFISH_plus_cortex_svz_zeisel_sccortex_ref_shared10000/fold2/mode_a_split.json,repository/results/protocol_a_full_rerun_20260711/inputs/seqFISH_plus_cortex_svz_zeisel_sccortex_ref_shared10000/fold2/full_truth.npy,repository/results/protocol_a_full_rerun_20260711/baselines/stAI/seqFISH_plus_cortex_svz_zeisel_sccortex_ref_shared10000/fold2/imputed_expression.npy,repository/results/protocol_a_full_rerun_20260711/baselines/stAI/seqFISH_plus_cortex_svz_zeisel_sccortex_ref_shared10000/fold2/adapter_run_audit.json,archive/label_provenance/matched_labels/seqfish_plus_cortex_svz_matched_cell_types.csv,2000,1914,86,79,192,0.0051953307284011542,0.4151621133907718,20,20,2,50,50,5
seqFISH+ cortex/SVZ,seqFISH_plus_cortex_svz_zeisel_sccortex_ref_shared10000,stAI,raw_identity,2,Neuroblast,128,785,seqFISH_plus_cortex_svz_zeisel_sccortex_ref_shared10000.fold2.stAI,(mean_in-mean_out)/sqrt((var_in+var_out)/2),0,repository/results/protocol_a_full_rerun_20260711/inputs/seqFISH_plus_cortex_svz_zeisel_sccortex_ref_shared10000/fold2/mode_a_split.json,repository/results/protocol_a_full_rerun_20260711/inputs/seqFISH_plus_cortex_svz_zeisel_sccortex_ref_shared10000/fold2/full_truth.npy,repository/results/protocol_a_full_rerun_20260711/baselines/stAI/seqFISH_plus_cortex_svz_zeisel_sccortex_ref_shared10000/fold2/imputed_expression.npy,repository/results/protocol_a_full_rerun_20260711/baselines/stAI/seqFISH_plus_cortex_svz_zeisel_sccortex_ref_shared10000/fold2/adapter_run_audit.json,archive/label_provenance/matched_labels/seqfish_plus_cortex_svz_matched_cell_types.csv,2000,1914,86,54,175,-0.04156613283712414,0.65905365779434377,20,20,0,50,50,1
seqFISH+ cortex/SVZ,seqFISH_plus_cortex_svz_zeisel_sccortex_ref_shared10000,stAI,raw_identity,2,Oligodendrocyte,41,872,seqFISH_plus_cortex_svz_zeisel_sccortex_ref_shared10000.fold2.stAI,(mean_in-mean_out)/sqrt((var_in+var_out)/2),0,repository/results/protocol_a_full_rerun_20260711/inputs/seqFISH_plus_cortex_svz_zeisel_sccortex_ref_shared10000/fold2/mode_a_split.json,repository/results/protocol_a_full_rerun_20260711/inputs/seqFISH_plus_cortex_svz_zeisel_sccortex_ref_shared10000/fold2/full_truth.npy,repository/results/protocol_a_full_rerun_20260711/baselines/stAI/seqFISH_plus_cortex_svz_zeisel_sccortex_ref_shared10000/fold2/imputed_expression.npy,repository/results/protocol_a_full_rerun_20260711/baselines/stAI/seqFISH_plus_cortex_svz_zeisel_sccortex_ref_shared10000/fold2/adapter_run_audit.json,archive/label_provenance/matched_labels/seqfish_plus_cortex_svz_matched_cell_types.csv,2000,1914,86,1045,693,0.30229877466210592,0.47839731576643929,20,20,8,50,50,19
seqFISH+ cortex/SVZ,seqFISH_plus_cortex_svz_zeisel_sccortex_ref_shared10000,GeneSPT,validation_selected_readout_genespt57,3,Astrocyte,62,851,seqFISH_plus_cortex_svz_zeisel_sccortex_ref_shared10000.fold3.GeneSPT,(mean_in-mean_out)/sqrt((var_in+var_out)/2),0,repository/results/protocol_a_full_rerun_20260711/inputs/seqFISH_plus_cortex_svz_zeisel_sccortex_ref_shared10000/fold3/mode_a_split.json,repository/results/protocol_a_full_rerun_20260711/inputs/seqFISH_plus_cortex_svz_zeisel_sccortex_ref_shared10000/fold3/full_truth.npy,repository/results/protocol_a_full_rerun_20260711/evaluation/validation_selected_readout_genespt57/test_predictions/seqFISH_plus_cortex_svz_zeisel_sccortex_ref_shared10000/fold3/GeneSPT.npz,repository/results/protocol_a_full_rerun_20260711/evaluation/validation_selected_readout_genespt57/test_predictions/seqFISH_plus_cortex_svz_zeisel_sccortex_ref_shared10000/fold3/apply_manifest.json,archive/label_provenance/matched_labels/seqfish_plus_cortex_svz_matched_cell_types.csv,2000,2000,0,1005,747,0.23055028324089391,0.22546491075164979,20,20,9,50,50,23
seqFISH+ cortex/SVZ,seqFISH_plus_cortex_svz_zeisel_sccortex_ref_shared10000,GeneSPT,validation_selected_readout_genespt57,3,Choroid Plexus,99,814,seqFISH_plus_cortex_svz_zeisel_sccortex_ref_shared10000.fold3.GeneSPT,(mean_in-mean_out)/sqrt((var_in+var_out)/2),0,repository/results/protocol_a_full_rerun_20260711/inputs/seqFISH_plus_cortex_svz_zeisel_sccortex_ref_shared10000/fold3/mode_a_split.json,repository/results/protocol_a_full_rerun_20260711/inputs/seqFISH_plus_cortex_svz_zeisel_sccortex_ref_shared10000/fold3/full_truth.npy,repository/results/protocol_a_full_rerun_20260711/evaluation/validation_selected_readout_genespt57/test_predictions/seqFISH_plus_cortex_svz_zeisel_sccortex_ref_shared10000/fold3/GeneSPT.npz,repository/results/protocol_a_full_rerun_20260711/evaluation/validation_selected_readout_genespt57/test_predictions/seqFISH_plus_cortex_svz_zeisel_sccortex_ref_shared10000/fold3/apply_manifest.json,archive/label_provenance/matched_labels/seqfish_plus_cortex_svz_matched_cell_types.csv,2000,2000,0,719,559,0.34848493740138226,0.56512606124013331,20,20,4,50,50,15
seqFISH+ cortex/SVZ,seqFISH_plus_cortex_svz_zeisel_sccortex_ref_shared10000,GeneSPT,validation_selected_readout_genespt57,3,Endothelial,68,845,seqFISH_plus_cortex_svz_zeisel_sccortex_ref_shared10000.fold3.GeneSPT,(mean_in-mean_out)/sqrt((var_in+var_out)/2),0,repository/results/protocol_a_full_rerun_20260711/inputs/seqFISH_plus_cortex_svz_zeisel_sccortex_ref_shared10000/fold3/mode_a_split.json,repository/results/protocol_a_full_rerun_20260711/inputs/seqFISH_plus_cortex_svz_zeisel_sccortex_ref_shared10000/fold3/full_truth.npy,repository/results/protocol_a_full_rerun_20260711/evaluation/validation_selected_readout_genespt57/test_predictions/seqFISH_plus_cortex_svz_zeisel_sccortex_ref_shared10000/fold3/GeneSPT.npz,repository/results/protocol_a_full_rerun_20260711/evaluation/validation_selected_readout_genespt57/test_predictions/seqFISH_plus_cortex_svz_zeisel_sccortex_ref_shared10000/fold3/apply_manifest.json,archive/label_provenance/matched_labels/seqfish_plus_cortex_svz_matched_cell_types.csv,2000,2000,0,272,85,0.21832327655306444,0.78210216666472421,20,20,6,50,50,27
seqFISH+ cortex/SVZ,seqFISH_plus_cortex_svz_zeisel_sccortex_ref_shared10000,GeneSPT,validation_selected_readout_genespt57,3,Ependymal,20,893,seqFISH_plus_cortex_svz_zeisel_sccortex_ref_shared10000.fold3.GeneSPT,(mean_in-mean_out)/sqrt((var_in+var_out)/2),0,repository/results/protocol_a_full_rerun_20260711/inputs/seqFISH_plus_cortex_svz_zeisel_sccortex_ref_shared10000/fold3/mode_a_split.json,repository/results/protocol_a_full_rerun_20260711/inputs/seqFISH_plus_cortex_svz_zeisel_sccortex_ref_shared10000/fold3/full_truth.npy,repository/results/protocol_a_full_rerun_20260711/evaluation/validation_selected_readout_genespt57/test_predictions/seqFISH_plus_cortex_svz_zeisel_sccortex_ref_shared10000/fold3/GeneSPT.npz,repository/results/protocol_a_full_rerun_20260711/evaluation/validation_selected_readout_genespt57/test_predictions/seqFISH_plus_cortex_svz_zeisel_sccortex_ref_shared10000/fold3/apply_manifest.json,archive/label_provenance/matched_labels/seqfish_plus_cortex_svz_matched_cell_types.csv,2000,2000,0,254,0,0.11418074003261887,0.84598963890257572,20,0,0,50,0,0
seqFISH+ cortex/SVZ,seqFISH_plus_cortex_svz_zeisel_sccortex_ref_shared10000,GeneSPT,validation_selected_readout_genespt57,3,Excitatory neuron,337,576,seqFISH_plus_cortex_svz_zeisel_sccortex_ref_shared10000.fold3.GeneSPT,(mean_in-mean_out)/sqrt((var_in+var_out)/2),0,repository/results/protocol_a_full_rerun_20260711/inputs/seqFISH_plus_cortex_svz_zeisel_sccortex_ref_shared10000/fold3/mode_a_split.json,repository/results/protocol_a_full_rerun_20260711/inputs/seqFISH_plus_cortex_svz_zeisel_sccortex_ref_shared10000/fold3/full_truth.npy,repository/results/protocol_a_full_rerun_20260711/evaluation/validation_selected_readout_genespt57/test_predictions/seqFISH_plus_cortex_svz_zeisel_sccortex_ref_shared10000/fold3/GeneSPT.npz,repository/results/protocol_a_full_rerun_20260711/evaluation/validation_selected_readout_genespt57/test_predictions/seqFISH_plus_cortex_svz_zeisel_sccortex_ref_shared10000/fold3/apply_manifest.json,archive/label_provenance/matched_labels/seqfish_plus_cortex_svz_matched_cell_types.csv,2000,2000,0,1927,1963,0.48326887937519492,1.2443189954031633,20,20,6,50,50,21
seqFISH+ cortex/SVZ,seqFISH_plus_cortex_svz_zeisel_sccortex_ref_shared10000,GeneSPT,validation_selected_readout_genespt57,3,Interneuron,60,853,seqFISH_plus_cortex_svz_zeisel_sccortex_ref_shared10000.fold3.GeneSPT,(mean_in-mean_out)/sqrt((var_in+var_out)/2),0,repository/results/protocol_a_full_rerun_20260711/inputs/seqFISH_plus_cortex_svz_zeisel_sccortex_ref_shared10000/fold3/mode_a_split.json,repository/results/protocol_a_full_rerun_20260711/inputs/seqFISH_plus_cortex_svz_zeisel_sccortex_ref_shared10000/fold3/full_truth.npy,repository/results/protocol_a_full_rerun_20260711/evaluation/validation_selected_readout_genespt57/test_predictions/seqFISH_plus_cortex_svz_zeisel_sccortex_ref_shared10000/fold3/GeneSPT.npz,repository/results/protocol_a_full_rerun_20260711/evaluation/validation_selected_readout_genespt57/test_predictions/seqFISH_plus_cortex_svz_zeisel_sccortex_ref_shared10000/fold3/apply_manifest.json,archive/label_provenance/matched_labels/seqfish_plus_cortex_svz_matched_cell_types.csv,2000,2000,0,1575,1931,0.30858101014019901,0.48370315653807333,20,20,2,50,50,10
seqFISH+ cortex/SVZ,seqFISH_plus_cortex_svz_zeisel_sccortex_ref_shared10000,GeneSPT,validation_selected_readout_genespt57,3,Microglia,30,883,seqFISH_plus_cortex_svz_zeisel_sccortex_ref_shared10000.fold3.GeneSPT,(mean_in-mean_out)/sqrt((var_in+var_out)/2),0,repository/results/protocol_a_full_rerun_20260711/inputs/seqFISH_plus_cortex_svz_zeisel_sccortex_ref_shared10000/fold3/mode_a_split.json,repository/results/protocol_a_full_rerun_20260711/inputs/seqFISH_plus_cortex_svz_zeisel_sccortex_ref_shared10000/fold3/full_truth.npy,repository/results/protocol_a_full_rerun_20260711/evaluation/validation_selected_readout_genespt57/test_predictions/seqFISH_plus_cortex_svz_zeisel_sccortex_ref_shared10000/fold3/GeneSPT.npz,repository/results/protocol_a_full_rerun_20260711/evaluation/validation_selected_readout_genespt57/test_predictions/seqFISH_plus_cortex_svz_zeisel_sccortex_ref_shared10000/fold3/apply_manifest.json,archive/label_provenance/matched_labels/seqfish_plus_cortex_svz_matched_cell_types.csv,2000,2000,0,208,2,-0.016975426212442545,0.73827452242112013,20,2,1,50,2,1
seqFISH+ cortex/SVZ,seqFISH_plus_cortex_svz_zeisel_sccortex_ref_shared10000,GeneSPT,validation_selected_readout_genespt57,3,Neural Stem,68,845,seqFISH_plus_cortex_svz_zeisel_sccortex_ref_shared10000.fold3.GeneSPT,(mean_in-mean_out)/sqrt((var_in+var_out)/2),0,repository/results/protocol_a_full_rerun_20260711/inputs/seqFISH_plus_cortex_svz_zeisel_sccortex_ref_shared10000/fold3/mode_a_split.json,repository/results/protocol_a_full_rerun_20260711/inputs/seqFISH_plus_cortex_svz_zeisel_sccortex_ref_shared10000/fold3/full_truth.npy,repository/results/protocol_a_full_rerun_20260711/evaluation/validation_selected_readout_genespt57/test_predictions/seqFISH_plus_cortex_svz_zeisel_sccortex_ref_shared10000/fold3/GeneSPT.npz,repository/results/protocol_a_full_rerun_20260711/evaluation/validation_selected_readout_genespt57/test_predictions/seqFISH_plus_cortex_svz_zeisel_sccortex_ref_shared10000/fold3/apply_manifest.json,archive/label_provenance/matched_labels/seqfish_plus_cortex_svz_matched_cell_types.csv,2000,2000,0,77,10,0.024492597247743265,0.79373993014368949,20,10,4,50,10,4
seqFISH+ cortex/SVZ,seqFISH_plus_cortex_svz_zeisel_sccortex_ref_shared10000,GeneSPT,validation_selected_readout_genespt57,3,Neuroblast,128,785,seqFISH_plus_cortex_svz_zeisel_sccortex_ref_shared10000.fold3.GeneSPT,(mean_in-mean_out)/sqrt((var_in+var_out)/2),0,repository/results/protocol_a_full_rerun_20260711/inputs/seqFISH_plus_cortex_svz_zeisel_sccortex_ref_shared10000/fold3/mode_a_split.json,repository/results/protocol_a_full_rerun_20260711/inputs/seqFISH_plus_cortex_svz_zeisel_sccortex_ref_shared10000/fold3/full_truth.npy,repository/results/protocol_a_full_rerun_20260711/evaluation/validation_selected_readout_genespt57/test_predictions/seqFISH_plus_cortex_svz_zeisel_sccortex_ref_shared10000/fold3/GeneSPT.npz,repository/results/protocol_a_full_rerun_20260711/evaluation/validation_selected_readout_genespt57/test_predictions/seqFISH_plus_cortex_svz_zeisel_sccortex_ref_shared10000/fold3/apply_manifest.json,archive/label_provenance/matched_labels/seqfish_plus_cortex_svz_matched_cell_types.csv,2000,2000,0,78,0,-0.0015409736258397172,1.1278669145539737,20,0,0,50,0,0
seqFISH+ cortex/SVZ,seqFISH_plus_cortex_svz_zeisel_sccortex_ref_shared10000,GeneSPT,validation_selected_readout_genespt57,3,Oligodendrocyte,41,872,seqFISH_plus_cortex_svz_zeisel_sccortex_ref_shared10000.fold3.GeneSPT,(mean_in-mean_out)/sqrt((var_in+var_out)/2),0,repository/results/protocol_a_full_rerun_20260711/inputs/seqFISH_plus_cortex_svz_zeisel_sccortex_ref_shared10000/fold3/mode_a_split.json,repository/results/protocol_a_full_rerun_20260711/inputs/seqFISH_plus_cortex_svz_zeisel_sccortex_ref_shared10000/fold3/full_truth.npy,repository/results/protocol_a_full_rerun_20260711/evaluation/validation_selected_readout_genespt57/test_predictions/seqFISH_plus_cortex_svz_zeisel_sccortex_ref_shared10000/fold3/GeneSPT.npz,repository/results/protocol_a_full_rerun_20260711/evaluation/validation_selected_readout_genespt57/test_predictions/seqFISH_plus_cortex_svz_zeisel_sccortex_ref_shared10000/fold3/apply_manifest.json,archive/label_provenance/matched_labels/seqfish_plus_cortex_svz_matched_cell_types.csv,2000,2000,0,1024,1272,0.32917182804220813,0.33375579592434418,20,20,8,50,50,22
seqFISH+ cortex/SVZ,seqFISH_plus_cortex_svz_zeisel_sccortex_ref_shared10000,Tangram,raw_identity,3,Astrocyte,62,851,seqFISH_plus_cortex_svz_zeisel_sccortex_ref_shared10000.fold3.Tangram,(mean_in-mean_out)/sqrt((var_in+var_out)/2),0,repository/results/protocol_a_full_rerun_20260711/inputs/seqFISH_plus_cortex_svz_zeisel_sccortex_ref_shared10000/fold3/mode_a_split.json,repository/results/protocol_a_full_rerun_20260711/inputs/seqFISH_plus_cortex_svz_zeisel_sccortex_ref_shared10000/fold3/full_truth.npy,repository/results/protocol_a_full_rerun_20260711/baselines/Tangram/seqFISH_plus_cortex_svz_zeisel_sccortex_ref_shared10000/fold3/imputed_expression.npy,repository/results/protocol_a_full_rerun_20260711/baselines/Tangram/seqFISH_plus_cortex_svz_zeisel_sccortex_ref_shared10000/fold3/adapter_run_audit.json,archive/label_provenance/matched_labels/seqfish_plus_cortex_svz_matched_cell_types.csv,2000,1962,38,989,1563,0.1642689009535607,0.19374513720337358,20,20,1,50,50,13
seqFISH+ cortex/SVZ,seqFISH_plus_cortex_svz_zeisel_sccortex_ref_shared10000,Tangram,raw_identity,3,Choroid Plexus,99,814,seqFISH_plus_cortex_svz_zeisel_sccortex_ref_shared10000.fold3.Tangram,(mean_in-mean_out)/sqrt((var_in+var_out)/2),0,repository/results/protocol_a_full_rerun_20260711/inputs/seqFISH_plus_cortex_svz_zeisel_sccortex_ref_shared10000/fold3/mode_a_split.json,repository/results/protocol_a_full_rerun_20260711/inputs/seqFISH_plus_cortex_svz_zeisel_sccortex_ref_shared10000/fold3/full_truth.npy,repository/results/protocol_a_full_rerun_20260711/baselines/Tangram/seqFISH_plus_cortex_svz_zeisel_sccortex_ref_shared10000/fold3/imputed_expression.npy,repository/results/protocol_a_full_rerun_20260711/baselines/Tangram/seqFISH_plus_cortex_svz_zeisel_sccortex_ref_shared10000/fold3/adapter_run_audit.json,archive/label_provenance/matched_labels/seqfish_plus_cortex_svz_matched_cell_types.csv,2000,1962,38,705,501,0.21614283660843436,0.32606259842108865,20,20,0,50,50,1
seqFISH+ cortex/SVZ,seqFISH_plus_cortex_svz_zeisel_sccortex_ref_shared10000,Tangram,raw_identity,3,Endothelial,68,845,seqFISH_plus_cortex_svz_zeisel_sccortex_ref_shared10000.fold3.Tangram,(mean_in-mean_out)/sqrt((var_in+var_out)/2),0,repository/results/protocol_a_full_rerun_20260711/inputs/seqFISH_plus_cortex_svz_zeisel_sccortex_ref_shared10000/fold3/mode_a_split.json,repository/results/protocol_a_full_rerun_20260711/inputs/seqFISH_plus_cortex_svz_zeisel_sccortex_ref_shared10000/fold3/full_truth.npy,repository/results/protocol_a_full_rerun_20260711/baselines/Tangram/seqFISH_plus_cortex_svz_zeisel_sccortex_ref_shared10000/fold3/imputed_expression.npy,repository/results/protocol_a_full_rerun_20260711/baselines/Tangram/seqFISH_plus_cortex_svz_zeisel_sccortex_ref_shared10000/fold3/adapter_run_audit.json,archive/label_provenance/matched_labels/seqfish_plus_cortex_svz_matched_cell_types.csv,2000,1962,38,272,85,0.28077525498594502,0.64043741515075792,20,20,2,50,50,15
seqFISH+ cortex/SVZ,seqFISH_plus_cortex_svz_zeisel_sccortex_ref_shared10000,Tangram,raw_identity,3,Ependymal,20,893,seqFISH_plus_cortex_svz_zeisel_sccortex_ref_shared10000.fold3.Tangram,(mean_in-mean_out)/sqrt((var_in+var_out)/2),0,repository/results/protocol_a_full_rerun_20260711/inputs/seqFISH_plus_cortex_svz_zeisel_sccortex_ref_shared10000/fold3/mode_a_split.json,repository/results/protocol_a_full_rerun_20260711/inputs/seqFISH_plus_cortex_svz_zeisel_sccortex_ref_shared10000/fold3/full_truth.npy,repository/results/protocol_a_full_rerun_20260711/baselines/Tangram/seqFISH_plus_cortex_svz_zeisel_sccortex_ref_shared10000/fold3/imputed_expression.npy,repository/results/protocol_a_full_rerun_20260711/baselines/Tangram/seqFISH_plus_cortex_svz_zeisel_sccortex_ref_shared10000/fold3/adapter_run_audit.json,archive/label_provenance/matched_labels/seqfish_plus_cortex_svz_matched_cell_types.csv,2000,1962,38,249,0,-0.0025499483270291202,0.96987385225266354,20,0,0,50,0,0
seqFISH+ cortex/SVZ,seqFISH_plus_cortex_svz_zeisel_sccortex_ref_shared10000,Tangram,raw_identity,3,Excitatory neuron,337,576,seqFISH_plus_cortex_svz_zeisel_sccortex_ref_shared10000.fold3.Tangram,(mean_in-mean_out)/sqrt((var_in+var_out)/2),0,repository/results/protocol_a_full_rerun_20260711/inputs/seqFISH_plus_cortex_svz_zeisel_sccortex_ref_shared10000/fold3/mode_a_split.json,repository/results/protocol_a_full_rerun_20260711/inputs/seqFISH_plus_cortex_svz_zeisel_sccortex_ref_shared10000/fold3/full_truth.npy,repository/results/protocol_a_full_rerun_20260711/baselines/Tangram/seqFISH_plus_cortex_svz_zeisel_sccortex_ref_shared10000/fold3/imputed_expression.npy,repository/results/protocol_a_full_rerun_20260711/baselines/Tangram/seqFISH_plus_cortex_svz_zeisel_sccortex_ref_shared10000/fold3/adapter_run_audit.json,archive/label_provenance/matched_labels/seqfish_plus_cortex_svz_matched_cell_types.csv,2000,1962,38,1889,1962,0.4404566865726709,1.2942741846413488,20,20,0,50,50,2
seqFISH+ cortex/SVZ,seqFISH_plus_cortex_svz_zeisel_sccortex_ref_shared10000,Tangram,raw_identity,3,Interneuron,60,853,seqFISH_plus_cortex_svz_zeisel_sccortex_ref_shared10000.fold3.Tangram,(mean_in-mean_out)/sqrt((var_in+var_out)/2),0,repository/results/protocol_a_full_rerun_20260711/inputs/seqFISH_plus_cortex_svz_zeisel_sccortex_ref_shared10000/fold3/mode_a_split.json,repository/results/protocol_a_full_rerun_20260711/inputs/seqFISH_plus_cortex_svz_zeisel_sccortex_ref_shared10000/fold3/full_truth.npy,repository/results/protocol_a_full_rerun_20260711/baselines/Tangram/seqFISH_plus_cortex_svz_zeisel_sccortex_ref_shared10000/fold3/imputed_expression.npy,repository/results/protocol_a_full_rerun_20260711/baselines/Tangram/seqFISH_plus_cortex_svz_zeisel_sccortex_ref_shared10000/fold3/adapter_run_audit.json,archive/label_provenance/matched_labels/seqfish_plus_cortex_svz_matched_cell_types.csv,2000,1962,38,1544,1962,0.28883586355277774,0.51513845972045935,20,20,2,50,50,6
seqFISH+ cortex/SVZ,seqFISH_plus_cortex_svz_zeisel_sccortex_ref_shared10000,Tangram,raw_identity,3,Microglia,30,883,seqFISH_plus_cortex_svz_zeisel_sccortex_ref_shared10000.fold3.Tangram,(mean_in-mean_out)/sqrt((var_in+var_out)/2),0,repository/results/protocol_a_full_rerun_20260711/inputs/seqFISH_plus_cortex_svz_zeisel_sccortex_ref_shared10000/fold3/mode_a_split.json,repository/results/protocol_a_full_rerun_20260711/inputs/seqFISH_plus_cortex_svz_zeisel_sccortex_ref_shared10000/fold3/full_truth.npy,repository/results/protocol_a_full_rerun_20260711/baselines/Tangram/seqFISH_plus_cortex_svz_zeisel_sccortex_ref_shared10000/fold3/imputed_expression.npy,repository/results/protocol_a_full_rerun_20260711/baselines/Tangram/seqFISH_plus_cortex_svz_zeisel_sccortex_ref_shared10000/fold3/adapter_run_audit.json,archive/label_provenance/matched_labels/seqfish_plus_cortex_svz_matched_cell_types.csv,2000,1962,38,207,32,0.060723583274233106,0.76788595662189152,20,20,4,50,32,8
seqFISH+ cortex/SVZ,seqFISH_plus_cortex_svz_zeisel_sccortex_ref_shared10000,Tangram,raw_identity,3,Neural Stem,68,845,seqFISH_plus_cortex_svz_zeisel_sccortex_ref_shared10000.fold3.Tangram,(mean_in-mean_out)/sqrt((var_in+var_out)/2),0,repository/results/protocol_a_full_rerun_20260711/inputs/seqFISH_plus_cortex_svz_zeisel_sccortex_ref_shared10000/fold3/mode_a_split.json,repository/results/protocol_a_full_rerun_20260711/inputs/seqFISH_plus_cortex_svz_zeisel_sccortex_ref_shared10000/fold3/full_truth.npy,repository/results/protocol_a_full_rerun_20260711/baselines/Tangram/seqFISH_plus_cortex_svz_zeisel_sccortex_ref_shared10000/fold3/imputed_expression.npy,repository/results/protocol_a_full_rerun_20260711/baselines/Tangram/seqFISH_plus_cortex_svz_zeisel_sccortex_ref_shared10000/fold3/adapter_run_audit.json,archive/label_provenance/matched_labels/seqfish_plus_cortex_svz_matched_cell_types.csv,2000,1962,38,77,0,0.0039235264539072652,0.92937501443659587,20,0,0,50,0,0
seqFISH+ cortex/SVZ,seqFISH_plus_cortex_svz_zeisel_sccortex_ref_shared10000,Tangram,raw_identity,3,Neuroblast,128,785,seqFISH_plus_cortex_svz_zeisel_sccortex_ref_shared10000.fold3.Tangram,(mean_in-mean_out)/sqrt((var_in+var_out)/2),0,repository/results/protocol_a_full_rerun_20260711/inputs/seqFISH_plus_cortex_svz_zeisel_sccortex_ref_shared10000/fold3/mode_a_split.json,repository/results/protocol_a_full_rerun_20260711/inputs/seqFISH_plus_cortex_svz_zeisel_sccortex_ref_shared10000/fold3/full_truth.npy,repository/results/protocol_a_full_rerun_20260711/baselines/Tangram/seqFISH_plus_cortex_svz_zeisel_sccortex_ref_shared10000/fold3/imputed_expression.npy,repository/results/protocol_a_full_rerun_20260711/baselines/Tangram/seqFISH_plus_cortex_svz_zeisel_sccortex_ref_shared10000/fold3/adapter_run_audit.json,archive/label_provenance/matched_labels/seqfish_plus_cortex_svz_matched_cell_types.csv,2000,1962,38,77,0,-0.11033189864319705,1.1674622359719451,20,0,0,50,0,0
seqFISH+ cortex/SVZ,seqFISH_plus_cortex_svz_zeisel_sccortex_ref_shared10000,Tangram,raw_identity,3,Oligodendrocyte,41,872,seqFISH_plus_cortex_svz_zeisel_sccortex_ref_shared10000.fold3.Tangram,(mean_in-mean_out)/sqrt((var_in+var_out)/2),0,repository/results/protocol_a_full_rerun_20260711/inputs/seqFISH_plus_cortex_svz_zeisel_sccortex_ref_shared10000/fold3/mode_a_split.json,repository/results/protocol_a_full_rerun_20260711/inputs/seqFISH_plus_cortex_svz_zeisel_sccortex_ref_shared10000/fold3/full_truth.npy,repository/results/protocol_a_full_rerun_20260711/baselines/Tangram/seqFISH_plus_cortex_svz_zeisel_sccortex_ref_shared10000/fold3/imputed_expression.npy,repository/results/protocol_a_full_rerun_20260711/baselines/Tangram/seqFISH_plus_cortex_svz_zeisel_sccortex_ref_shared10000/fold3/adapter_run_audit.json,archive/label_provenance/matched_labels/seqfish_plus_cortex_svz_matched_cell_types.csv,2000,1962,38,1010,1142,0.31277216026441435,0.28487812139874735,20,20,0,50,50,6
seqFISH+ cortex/SVZ,seqFISH_plus_cortex_svz_zeisel_sccortex_ref_shared10000,TransImp,raw_identity,3,Astrocyte,62,851,seqFISH_plus_cortex_svz_zeisel_sccortex_ref_shared10000.fold3.TransImp,(mean_in-mean_out)/sqrt((var_in+var_out)/2),0,repository/results/protocol_a_full_rerun_20260711/inputs/seqFISH_plus_cortex_svz_zeisel_sccortex_ref_shared10000/fold3/mode_a_split.json,repository/results/protocol_a_full_rerun_20260711/inputs/seqFISH_plus_cortex_svz_zeisel_sccortex_ref_shared10000/fold3/full_truth.npy,repository/results/protocol_a_full_rerun_20260711/baselines/TransImp/seqFISH_plus_cortex_svz_zeisel_sccortex_ref_shared10000/fold3/imputed_expression.npy,repository/results/protocol_a_full_rerun_20260711/baselines/TransImp/seqFISH_plus_cortex_svz_zeisel_sccortex_ref_shared10000/fold3/adapter_run_audit.json,archive/label_provenance/matched_labels/seqfish_plus_cortex_svz_matched_cell_types.csv,2000,1962,38,989,962,0.18910372473717918,0.26192782884091664,20,20,6,50,50,17
seqFISH+ cortex/SVZ,seqFISH_plus_cortex_svz_zeisel_sccortex_ref_shared10000,TransImp,raw_identity,3,Choroid Plexus,99,814,seqFISH_plus_cortex_svz_zeisel_sccortex_ref_shared10000.fold3.TransImp,(mean_in-mean_out)/sqrt((var_in+var_out)/2),0,repository/results/protocol_a_full_rerun_20260711/inputs/seqFISH_plus_cortex_svz_zeisel_sccortex_ref_shared10000/fold3/mode_a_split.json,repository/results/protocol_a_full_rerun_20260711/inputs/seqFISH_plus_cortex_svz_zeisel_sccortex_ref_shared10000/fold3/full_truth.npy,repository/results/protocol_a_full_rerun_20260711/baselines/TransImp/seqFISH_plus_cortex_svz_zeisel_sccortex_ref_shared10000/fold3/imputed_expression.npy,repository/results/protocol_a_full_rerun_20260711/baselines/TransImp/seqFISH_plus_cortex_svz_zeisel_sccortex_ref_shared10000/fold3/adapter_run_audit.json,archive/label_provenance/matched_labels/seqfish_plus_cortex_svz_matched_cell_types.csv,2000,1962,38,705,567,0.30938898761309763,0.53680682027461069,20,20,3,50,50,10
seqFISH+ cortex/SVZ,seqFISH_plus_cortex_svz_zeisel_sccortex_ref_shared10000,TransImp,raw_identity,3,Endothelial,68,845,seqFISH_plus_cortex_svz_zeisel_sccortex_ref_shared10000.fold3.TransImp,(mean_in-mean_out)/sqrt((var_in+var_out)/2),0,repository/results/protocol_a_full_rerun_20260711/inputs/seqFISH_plus_cortex_svz_zeisel_sccortex_ref_shared10000/fold3/mode_a_split.json,repository/results/protocol_a_full_rerun_20260711/inputs/seqFISH_plus_cortex_svz_zeisel_sccortex_ref_shared10000/fold3/full_truth.npy,repository/results/protocol_a_full_rerun_20260711/baselines/TransImp/seqFISH_plus_cortex_svz_zeisel_sccortex_ref_shared10000/fold3/imputed_expression.npy,repository/results/protocol_a_full_rerun_20260711/baselines/TransImp/seqFISH_plus_cortex_svz_zeisel_sccortex_ref_shared10000/fold3/adapter_run_audit.json,archive/label_provenance/matched_labels/seqfish_plus_cortex_svz_matched_cell_types.csv,2000,1962,38,272,162,0.27692258591789809,0.59690896114540815,20,20,5,50,50,17
seqFISH+ cortex/SVZ,seqFISH_plus_cortex_svz_zeisel_sccortex_ref_shared10000,TransImp,raw_identity,3,Ependymal,20,893,seqFISH_plus_cortex_svz_zeisel_sccortex_ref_shared10000.fold3.TransImp,(mean_in-mean_out)/sqrt((var_in+var_out)/2),0,repository/results/protocol_a_full_rerun_20260711/inputs/seqFISH_plus_cortex_svz_zeisel_sccortex_ref_shared10000/fold3/mode_a_split.json,repository/results/protocol_a_full_rerun_20260711/inputs/seqFISH_plus_cortex_svz_zeisel_sccortex_ref_shared10000/fold3/full_truth.npy,repository/results/protocol_a_full_rerun_20260711/baselines/TransImp/seqFISH_plus_cortex_svz_zeisel_sccortex_ref_shared10000/fold3/imputed_expression.npy,repository/results/protocol_a_full_rerun_20260711/baselines/TransImp/seqFISH_plus_cortex_svz_zeisel_sccortex_ref_shared10000/fold3/adapter_run_audit.json,archive/label_provenance/matched_labels/seqfish_plus_cortex_svz_matched_cell_types.csv,2000,1962,38,249,34,0.13828950393669506,0.75683872603388058,20,20,3,50,34,7
seqFISH+ cortex/SVZ,seqFISH_plus_cortex_svz_zeisel_sccortex_ref_shared10000,TransImp,raw_identity,3,Excitatory neuron,337,576,seqFISH_plus_cortex_svz_zeisel_sccortex_ref_shared10000.fold3.TransImp,(mean_in-mean_out)/sqrt((var_in+var_out)/2),0,repository/results/protocol_a_full_rerun_20260711/inputs/seqFISH_plus_cortex_svz_zeisel_sccortex_ref_shared10000/fold3/mode_a_split.json,repository/results/protocol_a_full_rerun_20260711/inputs/seqFISH_plus_cortex_svz_zeisel_sccortex_ref_shared10000/fold3/full_truth.npy,repository/results/protocol_a_full_rerun_20260711/baselines/TransImp/seqFISH_plus_cortex_svz_zeisel_sccortex_ref_shared10000/fold3/imputed_expression.npy,repository/results/protocol_a_full_rerun_20260711/baselines/TransImp/seqFISH_plus_cortex_svz_zeisel_sccortex_ref_shared10000/fold3/adapter_run_audit.json,archive/label_provenance/matched_labels/seqfish_plus_cortex_svz_matched_cell_types.csv,2000,1962,38,1889,1905,0.44419729208680403,0.97974127406570533,20,20,2,50,50,20
seqFISH+ cortex/SVZ,seqFISH_plus_cortex_svz_zeisel_sccortex_ref_shared10000,TransImp,raw_identity,3,Interneuron,60,853,seqFISH_plus_cortex_svz_zeisel_sccortex_ref_shared10000.fold3.TransImp,(mean_in-mean_out)/sqrt((var_in+var_out)/2),0,repository/results/protocol_a_full_rerun_20260711/inputs/seqFISH_plus_cortex_svz_zeisel_sccortex_ref_shared10000/fold3/mode_a_split.json,repository/results/protocol_a_full_rerun_20260711/inputs/seqFISH_plus_cortex_svz_zeisel_sccortex_ref_shared10000/fold3/full_truth.npy,repository/results/protocol_a_full_rerun_20260711/baselines/TransImp/seqFISH_plus_cortex_svz_zeisel_sccortex_ref_shared10000/fold3/imputed_expression.npy,repository/results/protocol_a_full_rerun_20260711/baselines/TransImp/seqFISH_plus_cortex_svz_zeisel_sccortex_ref_shared10000/fold3/adapter_run_audit.json,archive/label_provenance/matched_labels/seqfish_plus_cortex_svz_matched_cell_types.csv,2000,1962,38,1544,1812,0.30056258812464332,0.4170381344027862,20,20,2,50,50,8
seqFISH+ cortex/SVZ,seqFISH_plus_cortex_svz_zeisel_sccortex_ref_shared10000,TransImp,raw_identity,3,Microglia,30,883,seqFISH_plus_cortex_svz_zeisel_sccortex_ref_shared10000.fold3.TransImp,(mean_in-mean_out)/sqrt((var_in+var_out)/2),0,repository/results/protocol_a_full_rerun_20260711/inputs/seqFISH_plus_cortex_svz_zeisel_sccortex_ref_shared10000/fold3/mode_a_split.json,repository/results/protocol_a_full_rerun_20260711/inputs/seqFISH_plus_cortex_svz_zeisel_sccortex_ref_shared10000/fold3/full_truth.npy,repository/results/protocol_a_full_rerun_20260711/baselines/TransImp/seqFISH_plus_cortex_svz_zeisel_sccortex_ref_shared10000/fold3/imputed_expression.npy,repository/results/protocol_a_full_rerun_20260711/baselines/TransImp/seqFISH_plus_cortex_svz_zeisel_sccortex_ref_shared10000/fold3/adapter_run_audit.json,archive/label_provenance/matched_labels/seqfish_plus_cortex_svz_matched_cell_types.csv,2000,1962,38,207,86,0.060013290274183957,0.67014161443557319,20,20,4,50,50,7
seqFISH+ cortex/SVZ,seqFISH_plus_cortex_svz_zeisel_sccortex_ref_shared10000,TransImp,raw_identity,3,Neural Stem,68,845,seqFISH_plus_cortex_svz_zeisel_sccortex_ref_shared10000.fold3.TransImp,(mean_in-mean_out)/sqrt((var_in+var_out)/2),0,repository/results/protocol_a_full_rerun_20260711/inputs/seqFISH_plus_cortex_svz_zeisel_sccortex_ref_shared10000/fold3/mode_a_split.json,repository/results/protocol_a_full_rerun_20260711/inputs/seqFISH_plus_cortex_svz_zeisel_sccortex_ref_shared10000/fold3/full_truth.npy,repository/results/protocol_a_full_rerun_20260711/baselines/TransImp/seqFISH_plus_cortex_svz_zeisel_sccortex_ref_shared10000/fold3/imputed_expression.npy,repository/results/protocol_a_full_rerun_20260711/baselines/TransImp/seqFISH_plus_cortex_svz_zeisel_sccortex_ref_shared10000/fold3/adapter_run_audit.json,archive/label_provenance/matched_labels/seqfish_plus_cortex_svz_matched_cell_types.csv,2000,1962,38,77,27,0.11679744106399512,0.75151395809275889,20,20,0,50,27,4
seqFISH+ cortex/SVZ,seqFISH_plus_cortex_svz_zeisel_sccortex_ref_shared10000,TransImp,raw_identity,3,Neuroblast,128,785,seqFISH_plus_cortex_svz_zeisel_sccortex_ref_shared10000.fold3.TransImp,(mean_in-mean_out)/sqrt((var_in+var_out)/2),0,repository/results/protocol_a_full_rerun_20260711/inputs/seqFISH_plus_cortex_svz_zeisel_sccortex_ref_shared10000/fold3/mode_a_split.json,repository/results/protocol_a_full_rerun_20260711/inputs/seqFISH_plus_cortex_svz_zeisel_sccortex_ref_shared10000/fold3/full_truth.npy,repository/results/protocol_a_full_rerun_20260711/baselines/TransImp/seqFISH_plus_cortex_svz_zeisel_sccortex_ref_shared10000/fold3/imputed_expression.npy,repository/results/protocol_a_full_rerun_20260711/baselines/TransImp/seqFISH_plus_cortex_svz_zeisel_sccortex_ref_shared10000/fold3/adapter_run_audit.json,archive/label_provenance/matched_labels/seqfish_plus_cortex_svz_matched_cell_types.csv,2000,1962,38,77,17,0.10379094199950778,0.86070925763768613,20,17,0,50,17,0
seqFISH+ cortex/SVZ,seqFISH_plus_cortex_svz_zeisel_sccortex_ref_shared10000,TransImp,raw_identity,3,Oligodendrocyte,41,872,seqFISH_plus_cortex_svz_zeisel_sccortex_ref_shared10000.fold3.TransImp,(mean_in-mean_out)/sqrt((var_in+var_out)/2),0,repository/results/protocol_a_full_rerun_20260711/inputs/seqFISH_plus_cortex_svz_zeisel_sccortex_ref_shared10000/fold3/mode_a_split.json,repository/results/protocol_a_full_rerun_20260711/inputs/seqFISH_plus_cortex_svz_zeisel_sccortex_ref_shared10000/fold3/full_truth.npy,repository/results/protocol_a_full_rerun_20260711/baselines/TransImp/seqFISH_plus_cortex_svz_zeisel_sccortex_ref_shared10000/fold3/imputed_expression.npy,repository/results/protocol_a_full_rerun_20260711/baselines/TransImp/seqFISH_plus_cortex_svz_zeisel_sccortex_ref_shared10000/fold3/adapter_run_audit.json,archive/label_provenance/matched_labels/seqfish_plus_cortex_svz_matched_cell_types.csv,2000,1962,38,1010,1136,0.32285109729332812,0.3824993372894287,20,20,4,50,50,21
seqFISH+ cortex/SVZ,seqFISH_plus_cortex_svz_zeisel_sccortex_ref_shared10000,SpaIM,raw_identity,3,Astrocyte,62,851,seqFISH_plus_cortex_svz_zeisel_sccortex_ref_shared10000.fold3.SpaIM,(mean_in-mean_out)/sqrt((var_in+var_out)/2),0,repository/results/protocol_a_full_rerun_20260711/inputs/seqFISH_plus_cortex_svz_zeisel_sccortex_ref_shared10000/fold3/mode_a_split.json,repository/results/protocol_a_full_rerun_20260711/inputs/seqFISH_plus_cortex_svz_zeisel_sccortex_ref_shared10000/fold3/full_truth.npy,repository/results/protocol_a_full_rerun_20260711/baselines/SpaIM/seqFISH_plus_cortex_svz_zeisel_sccortex_ref_shared10000/fold3/imputed_expression.npy,repository/results/protocol_a_full_rerun_20260711/baselines/SpaIM/seqFISH_plus_cortex_svz_zeisel_sccortex_ref_shared10000/fold3/adapter_run_audit.json,archive/label_provenance/matched_labels/seqfish_plus_cortex_svz_matched_cell_types.csv,2000,2000,0,1005,2000,0.15218578554401033,0.17308262399207852,20,20,7,50,50,18
seqFISH+ cortex/SVZ,seqFISH_plus_cortex_svz_zeisel_sccortex_ref_shared10000,SpaIM,raw_identity,3,Choroid Plexus,99,814,seqFISH_plus_cortex_svz_zeisel_sccortex_ref_shared10000.fold3.SpaIM,(mean_in-mean_out)/sqrt((var_in+var_out)/2),0,repository/results/protocol_a_full_rerun_20260711/inputs/seqFISH_plus_cortex_svz_zeisel_sccortex_ref_shared10000/fold3/mode_a_split.json,repository/results/protocol_a_full_rerun_20260711/inputs/seqFISH_plus_cortex_svz_zeisel_sccortex_ref_shared10000/fold3/full_truth.npy,repository/results/protocol_a_full_rerun_20260711/baselines/SpaIM/seqFISH_plus_cortex_svz_zeisel_sccortex_ref_shared10000/fold3/imputed_expression.npy,repository/results/protocol_a_full_rerun_20260711/baselines/SpaIM/seqFISH_plus_cortex_svz_zeisel_sccortex_ref_shared10000/fold3/adapter_run_audit.json,archive/label_provenance/matched_labels/seqfish_plus_cortex_svz_matched_cell_types.csv,2000,2000,0,719,41,0.2067063494206732,0.20388680739554149,20,20,1,50,41,6
seqFISH+ cortex/SVZ,seqFISH_plus_cortex_svz_zeisel_sccortex_ref_shared10000,SpaIM,raw_identity,3,Endothelial,68,845,seqFISH_plus_cortex_svz_zeisel_sccortex_ref_shared10000.fold3.SpaIM,(mean_in-mean_out)/sqrt((var_in+var_out)/2),0,repository/results/protocol_a_full_rerun_20260711/inputs/seqFISH_plus_cortex_svz_zeisel_sccortex_ref_shared10000/fold3/mode_a_split.json,repository/results/protocol_a_full_rerun_20260711/inputs/seqFISH_plus_cortex_svz_zeisel_sccortex_ref_shared10000/fold3/full_truth.npy,repository/results/protocol_a_full_rerun_20260711/baselines/SpaIM/seqFISH_plus_cortex_svz_zeisel_sccortex_ref_shared10000/fold3/imputed_expression.npy,repository/results/protocol_a_full_rerun_20260711/baselines/SpaIM/seqFISH_plus_cortex_svz_zeisel_sccortex_ref_shared10000/fold3/adapter_run_audit.json,archive/label_provenance/matched_labels/seqfish_plus_cortex_svz_matched_cell_types.csv,2000,2000,0,272,0,0.2446012262892357,0.58667390131172847,20,0,0,50,0,0
seqFISH+ cortex/SVZ,seqFISH_plus_cortex_svz_zeisel_sccortex_ref_shared10000,SpaIM,raw_identity,3,Ependymal,20,893,seqFISH_plus_cortex_svz_zeisel_sccortex_ref_shared10000.fold3.SpaIM,(mean_in-mean_out)/sqrt((var_in+var_out)/2),0,repository/results/protocol_a_full_rerun_20260711/inputs/seqFISH_plus_cortex_svz_zeisel_sccortex_ref_shared10000/fold3/mode_a_split.json,repository/results/protocol_a_full_rerun_20260711/inputs/seqFISH_plus_cortex_svz_zeisel_sccortex_ref_shared10000/fold3/full_truth.npy,repository/results/protocol_a_full_rerun_20260711/baselines/SpaIM/seqFISH_plus_cortex_svz_zeisel_sccortex_ref_shared10000/fold3/imputed_expression.npy,repository/results/protocol_a_full_rerun_20260711/baselines/SpaIM/seqFISH_plus_cortex_svz_zeisel_sccortex_ref_shared10000/fold3/adapter_run_audit.json,archive/label_provenance/matched_labels/seqfish_plus_cortex_svz_matched_cell_types.csv,2000,2000,0,254,0,-0.021349182133546009,0.98454634879270753,20,0,0,50,0,0
seqFISH+ cortex/SVZ,seqFISH_plus_cortex_svz_zeisel_sccortex_ref_shared10000,SpaIM,raw_identity,3,Excitatory neuron,337,576,seqFISH_plus_cortex_svz_zeisel_sccortex_ref_shared10000.fold3.SpaIM,(mean_in-mean_out)/sqrt((var_in+var_out)/2),0,repository/results/protocol_a_full_rerun_20260711/inputs/seqFISH_plus_cortex_svz_zeisel_sccortex_ref_shared10000/fold3/mode_a_split.json,repository/results/protocol_a_full_rerun_20260711/inputs/seqFISH_plus_cortex_svz_zeisel_sccortex_ref_shared10000/fold3/full_truth.npy,repository/results/protocol_a_full_rerun_20260711/baselines/SpaIM/seqFISH_plus_cortex_svz_zeisel_sccortex_ref_shared10000/fold3/imputed_expression.npy,repository/results/protocol_a_full_rerun_20260711/baselines/SpaIM/seqFISH_plus_cortex_svz_zeisel_sccortex_ref_shared10000/fold3/adapter_run_audit.json,archive/label_provenance/matched_labels/seqfish_plus_cortex_svz_matched_cell_types.csv,2000,2000,0,1927,2000,0.34615123021876359,1.248309313896917,20,20,4,50,50,12
seqFISH+ cortex/SVZ,seqFISH_plus_cortex_svz_zeisel_sccortex_ref_shared10000,SpaIM,raw_identity,3,Interneuron,60,853,seqFISH_plus_cortex_svz_zeisel_sccortex_ref_shared10000.fold3.SpaIM,(mean_in-mean_out)/sqrt((var_in+var_out)/2),0,repository/results/protocol_a_full_rerun_20260711/inputs/seqFISH_plus_cortex_svz_zeisel_sccortex_ref_shared10000/fold3/mode_a_split.json,repository/results/protocol_a_full_rerun_20260711/inputs/seqFISH_plus_cortex_svz_zeisel_sccortex_ref_shared10000/fold3/full_truth.npy,repository/results/protocol_a_full_rerun_20260711/baselines/SpaIM/seqFISH_plus_cortex_svz_zeisel_sccortex_ref_shared10000/fold3/imputed_expression.npy,repository/results/protocol_a_full_rerun_20260711/baselines/SpaIM/seqFISH_plus_cortex_svz_zeisel_sccortex_ref_shared10000/fold3/adapter_run_audit.json,archive/label_provenance/matched_labels/seqfish_plus_cortex_svz_matched_cell_types.csv,2000,2000,0,1575,2000,0.25156395005913906,0.48239527866728749,20,20,5,50,50,12
seqFISH+ cortex/SVZ,seqFISH_plus_cortex_svz_zeisel_sccortex_ref_shared10000,SpaIM,raw_identity,3,Microglia,30,883,seqFISH_plus_cortex_svz_zeisel_sccortex_ref_shared10000.fold3.SpaIM,(mean_in-mean_out)/sqrt((var_in+var_out)/2),0,repository/results/protocol_a_full_rerun_20260711/inputs/seqFISH_plus_cortex_svz_zeisel_sccortex_ref_shared10000/fold3/mode_a_split.json,repository/results/protocol_a_full_rerun_20260711/inputs/seqFISH_plus_cortex_svz_zeisel_sccortex_ref_shared10000/fold3/full_truth.npy,repository/results/protocol_a_full_rerun_20260711/baselines/SpaIM/seqFISH_plus_cortex_svz_zeisel_sccortex_ref_shared10000/fold3/imputed_expression.npy,repository/results/protocol_a_full_rerun_20260711/baselines/SpaIM/seqFISH_plus_cortex_svz_zeisel_sccortex_ref_shared10000/fold3/adapter_run_audit.json,archive/label_provenance/matched_labels/seqfish_plus_cortex_svz_matched_cell_types.csv,2000,2000,0,208,0,0.04086709051534318,0.81755769740792084,20,0,0,50,0,0
seqFISH+ cortex/SVZ,seqFISH_plus_cortex_svz_zeisel_sccortex_ref_shared10000,SpaIM,raw_identity,3,Neural Stem,68,845,seqFISH_plus_cortex_svz_zeisel_sccortex_ref_shared10000.fold3.SpaIM,(mean_in-mean_out)/sqrt((var_in+var_out)/2),0,repository/results/protocol_a_full_rerun_20260711/inputs/seqFISH_plus_cortex_svz_zeisel_sccortex_ref_shared10000/fold3/mode_a_split.json,repository/results/protocol_a_full_rerun_20260711/inputs/seqFISH_plus_cortex_svz_zeisel_sccortex_ref_shared10000/fold3/full_truth.npy,repository/results/protocol_a_full_rerun_20260711/baselines/SpaIM/seqFISH_plus_cortex_svz_zeisel_sccortex_ref_shared10000/fold3/imputed_expression.npy,repository/results/protocol_a_full_rerun_20260711/baselines/SpaIM/seqFISH_plus_cortex_svz_zeisel_sccortex_ref_shared10000/fold3/adapter_run_audit.json,archive/label_provenance/matched_labels/seqfish_plus_cortex_svz_matched_cell_types.csv,2000,2000,0,77,0,0.078519220805197923,0.9208699889018509,20,0,0,50,0,0
seqFISH+ cortex/SVZ,seqFISH_plus_cortex_svz_zeisel_sccortex_ref_shared10000,SpaIM,raw_identity,3,Neuroblast,128,785,seqFISH_plus_cortex_svz_zeisel_sccortex_ref_shared10000.fold3.SpaIM,(mean_in-mean_out)/sqrt((var_in+var_out)/2),0,repository/results/protocol_a_full_rerun_20260711/inputs/seqFISH_plus_cortex_svz_zeisel_sccortex_ref_shared10000/fold3/mode_a_split.json,repository/results/protocol_a_full_rerun_20260711/inputs/seqFISH_plus_cortex_svz_zeisel_sccortex_ref_shared10000/fold3/full_truth.npy,repository/results/protocol_a_full_rerun_20260711/baselines/SpaIM/seqFISH_plus_cortex_svz_zeisel_sccortex_ref_shared10000/fold3/imputed_expression.npy,repository/results/protocol_a_full_rerun_20260711/baselines/SpaIM/seqFISH_plus_cortex_svz_zeisel_sccortex_ref_shared10000/fold3/adapter_run_audit.json,archive/label_provenance/matched_labels/seqfish_plus_cortex_svz_matched_cell_types.csv,2000,2000,0,78,0,-0.020420305462472515,1.2259251946141685,20,0,0,50,0,0
seqFISH+ cortex/SVZ,seqFISH_plus_cortex_svz_zeisel_sccortex_ref_shared10000,SpaIM,raw_identity,3,Oligodendrocyte,41,872,seqFISH_plus_cortex_svz_zeisel_sccortex_ref_shared10000.fold3.SpaIM,(mean_in-mean_out)/sqrt((var_in+var_out)/2),0,repository/results/protocol_a_full_rerun_20260711/inputs/seqFISH_plus_cortex_svz_zeisel_sccortex_ref_shared10000/fold3/mode_a_split.json,repository/results/protocol_a_full_rerun_20260711/inputs/seqFISH_plus_cortex_svz_zeisel_sccortex_ref_shared10000/fold3/full_truth.npy,repository/results/protocol_a_full_rerun_20260711/baselines/SpaIM/seqFISH_plus_cortex_svz_zeisel_sccortex_ref_shared10000/fold3/imputed_expression.npy,repository/results/protocol_a_full_rerun_20260711/baselines/SpaIM/seqFISH_plus_cortex_svz_zeisel_sccortex_ref_shared10000/fold3/adapter_run_audit.json,archive/label_provenance/matched_labels/seqfish_plus_cortex_svz_matched_cell_types.csv,2000,2000,0,1024,2000,0.24343567506018357,0.26488153909437817,20,20,4,50,50,17
seqFISH+ cortex/SVZ,seqFISH_plus_cortex_svz_zeisel_sccortex_ref_shared10000,SpaGE,raw_identity,3,Astrocyte,62,851,seqFISH_plus_cortex_svz_zeisel_sccortex_ref_shared10000.fold3.SpaGE,(mean_in-mean_out)/sqrt((var_in+var_out)/2),0,repository/results/protocol_a_full_rerun_20260711/inputs/seqFISH_plus_cortex_svz_zeisel_sccortex_ref_shared10000/fold3/mode_a_split.json,repository/results/protocol_a_full_rerun_20260711/inputs/seqFISH_plus_cortex_svz_zeisel_sccortex_ref_shared10000/fold3/full_truth.npy,repository/results/protocol_a_full_rerun_20260711/baselines/SpaGE/seqFISH_plus_cortex_svz_zeisel_sccortex_ref_shared10000/fold3/imputed_expression.npy,repository/results/protocol_a_full_rerun_20260711/baselines/SpaGE/seqFISH_plus_cortex_svz_zeisel_sccortex_ref_shared10000/fold3/adapter_run_audit.json,archive/label_provenance/matched_labels/seqfish_plus_cortex_svz_matched_cell_types.csv,2000,1960,40,988,655,0.15625744470869607,0.3648694168516331,20,20,5,50,50,16
seqFISH+ cortex/SVZ,seqFISH_plus_cortex_svz_zeisel_sccortex_ref_shared10000,SpaGE,raw_identity,3,Choroid Plexus,99,814,seqFISH_plus_cortex_svz_zeisel_sccortex_ref_shared10000.fold3.SpaGE,(mean_in-mean_out)/sqrt((var_in+var_out)/2),0,repository/results/protocol_a_full_rerun_20260711/inputs/seqFISH_plus_cortex_svz_zeisel_sccortex_ref_shared10000/fold3/mode_a_split.json,repository/results/protocol_a_full_rerun_20260711/inputs/seqFISH_plus_cortex_svz_zeisel_sccortex_ref_shared10000/fold3/full_truth.npy,repository/results/protocol_a_full_rerun_20260711/baselines/SpaGE/seqFISH_plus_cortex_svz_zeisel_sccortex_ref_shared10000/fold3/imputed_expression.npy,repository/results/protocol_a_full_rerun_20260711/baselines/SpaGE/seqFISH_plus_cortex_svz_zeisel_sccortex_ref_shared10000/fold3/adapter_run_audit.json,archive/label_provenance/matched_labels/seqfish_plus_cortex_svz_matched_cell_types.csv,2000,1960,40,703,702,0.28693512324191722,0.76597530922954304,20,20,1,50,50,6
seqFISH+ cortex/SVZ,seqFISH_plus_cortex_svz_zeisel_sccortex_ref_shared10000,SpaGE,raw_identity,3,Endothelial,68,845,seqFISH_plus_cortex_svz_zeisel_sccortex_ref_shared10000.fold3.SpaGE,(mean_in-mean_out)/sqrt((var_in+var_out)/2),0,repository/results/protocol_a_full_rerun_20260711/inputs/seqFISH_plus_cortex_svz_zeisel_sccortex_ref_shared10000/fold3/mode_a_split.json,repository/results/protocol_a_full_rerun_20260711/inputs/seqFISH_plus_cortex_svz_zeisel_sccortex_ref_shared10000/fold3/full_truth.npy,repository/results/protocol_a_full_rerun_20260711/baselines/SpaGE/seqFISH_plus_cortex_svz_zeisel_sccortex_ref_shared10000/fold3/imputed_expression.npy,repository/results/protocol_a_full_rerun_20260711/baselines/SpaGE/seqFISH_plus_cortex_svz_zeisel_sccortex_ref_shared10000/fold3/adapter_run_audit.json,archive/label_provenance/matched_labels/seqfish_plus_cortex_svz_matched_cell_types.csv,2000,1960,40,272,356,0.26605757473889391,0.74606550434948626,20,20,6,50,50,26
seqFISH+ cortex/SVZ,seqFISH_plus_cortex_svz_zeisel_sccortex_ref_shared10000,SpaGE,raw_identity,3,Ependymal,20,893,seqFISH_plus_cortex_svz_zeisel_sccortex_ref_shared10000.fold3.SpaGE,(mean_in-mean_out)/sqrt((var_in+var_out)/2),0,repository/results/protocol_a_full_rerun_20260711/inputs/seqFISH_plus_cortex_svz_zeisel_sccortex_ref_shared10000/fold3/mode_a_split.json,repository/results/protocol_a_full_rerun_20260711/inputs/seqFISH_plus_cortex_svz_zeisel_sccortex_ref_shared10000/fold3/full_truth.npy,repository/results/protocol_a_full_rerun_20260711/baselines/SpaGE/seqFISH_plus_cortex_svz_zeisel_sccortex_ref_shared10000/fold3/imputed_expression.npy,repository/results/protocol_a_full_rerun_20260711/baselines/SpaGE/seqFISH_plus_cortex_svz_zeisel_sccortex_ref_shared10000/fold3/adapter_run_audit.json,archive/label_provenance/matched_labels/seqfish_plus_cortex_svz_matched_cell_types.csv,2000,1960,40,249,237,0.12646351576342449,0.59706522388019179,20,20,0,50,50,3
seqFISH+ cortex/SVZ,seqFISH_plus_cortex_svz_zeisel_sccortex_ref_shared10000,SpaGE,raw_identity,3,Excitatory neuron,337,576,seqFISH_plus_cortex_svz_zeisel_sccortex_ref_shared10000.fold3.SpaGE,(mean_in-mean_out)/sqrt((var_in+var_out)/2),0,repository/results/protocol_a_full_rerun_20260711/inputs/seqFISH_plus_cortex_svz_zeisel_sccortex_ref_shared10000/fold3/mode_a_split.json,repository/results/protocol_a_full_rerun_20260711/inputs/seqFISH_plus_cortex_svz_zeisel_sccortex_ref_shared10000/fold3/full_truth.npy,repository/results/protocol_a_full_rerun_20260711/baselines/SpaGE/seqFISH_plus_cortex_svz_zeisel_sccortex_ref_shared10000/fold3/imputed_expression.npy,repository/results/protocol_a_full_rerun_20260711/baselines/SpaGE/seqFISH_plus_cortex_svz_zeisel_sccortex_ref_shared10000/fold3/adapter_run_audit.json,archive/label_provenance/matched_labels/seqfish_plus_cortex_svz_matched_cell_types.csv,2000,1960,40,1887,1386,0.47694133206437417,1.0193788430789144,20,20,8,50,50,19
seqFISH+ cortex/SVZ,seqFISH_plus_cortex_svz_zeisel_sccortex_ref_shared10000,SpaGE,raw_identity,3,Interneuron,60,853,seqFISH_plus_cortex_svz_zeisel_sccortex_ref_shared10000.fold3.SpaGE,(mean_in-mean_out)/sqrt((var_in+var_out)/2),0,repository/results/protocol_a_full_rerun_20260711/inputs/seqFISH_plus_cortex_svz_zeisel_sccortex_ref_shared10000/fold3/mode_a_split.json,repository/results/protocol_a_full_rerun_20260711/inputs/seqFISH_plus_cortex_svz_zeisel_sccortex_ref_shared10000/fold3/full_truth.npy,repository/results/protocol_a_full_rerun_20260711/baselines/SpaGE/seqFISH_plus_cortex_svz_zeisel_sccortex_ref_shared10000/fold3/imputed_expression.npy,repository/results/protocol_a_full_rerun_20260711/baselines/SpaGE/seqFISH_plus_cortex_svz_zeisel_sccortex_ref_shared10000/fold3/adapter_run_audit.json,archive/label_provenance/matched_labels/seqfish_plus_cortex_svz_matched_cell_types.csv,2000,1960,40,1542,1261,0.31942032071834847,0.59755044095515286,20,20,3,50,50,11
seqFISH+ cortex/SVZ,seqFISH_plus_cortex_svz_zeisel_sccortex_ref_shared10000,SpaGE,raw_identity,3,Microglia,30,883,seqFISH_plus_cortex_svz_zeisel_sccortex_ref_shared10000.fold3.SpaGE,(mean_in-mean_out)/sqrt((var_in+var_out)/2),0,repository/results/protocol_a_full_rerun_20260711/inputs/seqFISH_plus_cortex_svz_zeisel_sccortex_ref_shared10000/fold3/mode_a_split.json,repository/results/protocol_a_full_rerun_20260711/inputs/seqFISH_plus_cortex_svz_zeisel_sccortex_ref_shared10000/fold3/full_truth.npy,repository/results/protocol_a_full_rerun_20260711/baselines/SpaGE/seqFISH_plus_cortex_svz_zeisel_sccortex_ref_shared10000/fold3/imputed_expression.npy,repository/results/protocol_a_full_rerun_20260711/baselines/SpaGE/seqFISH_plus_cortex_svz_zeisel_sccortex_ref_shared10000/fold3/adapter_run_audit.json,archive/label_provenance/matched_labels/seqfish_plus_cortex_svz_matched_cell_types.csv,2000,1960,40,207,265,0.12070099901217873,0.53677396553564272,20,20,3,50,50,9
seqFISH+ cortex/SVZ,seqFISH_plus_cortex_svz_zeisel_sccortex_ref_shared10000,SpaGE,raw_identity,3,Neural Stem,68,845,seqFISH_plus_cortex_svz_zeisel_sccortex_ref_shared10000.fold3.SpaGE,(mean_in-mean_out)/sqrt((var_in+var_out)/2),0,repository/results/protocol_a_full_rerun_20260711/inputs/seqFISH_plus_cortex_svz_zeisel_sccortex_ref_shared10000/fold3/mode_a_split.json,repository/results/protocol_a_full_rerun_20260711/inputs/seqFISH_plus_cortex_svz_zeisel_sccortex_ref_shared10000/fold3/full_truth.npy,repository/results/protocol_a_full_rerun_20260711/baselines/SpaGE/seqFISH_plus_cortex_svz_zeisel_sccortex_ref_shared10000/fold3/imputed_expression.npy,repository/results/protocol_a_full_rerun_20260711/baselines/SpaGE/seqFISH_plus_cortex_svz_zeisel_sccortex_ref_shared10000/fold3/adapter_run_audit.json,archive/label_provenance/matched_labels/seqfish_plus_cortex_svz_matched_cell_types.csv,2000,1960,40,77,234,0.095245317806076618,0.52791202714008179,20,20,0,50,50,5
seqFISH+ cortex/SVZ,seqFISH_plus_cortex_svz_zeisel_sccortex_ref_shared10000,SpaGE,raw_identity,3,Neuroblast,128,785,seqFISH_plus_cortex_svz_zeisel_sccortex_ref_shared10000.fold3.SpaGE,(mean_in-mean_out)/sqrt((var_in+var_out)/2),0,repository/results/protocol_a_full_rerun_20260711/inputs/seqFISH_plus_cortex_svz_zeisel_sccortex_ref_shared10000/fold3/mode_a_split.json,repository/results/protocol_a_full_rerun_20260711/inputs/seqFISH_plus_cortex_svz_zeisel_sccortex_ref_shared10000/fold3/full_truth.npy,repository/results/protocol_a_full_rerun_20260711/baselines/SpaGE/seqFISH_plus_cortex_svz_zeisel_sccortex_ref_shared10000/fold3/imputed_expression.npy,repository/results/protocol_a_full_rerun_20260711/baselines/SpaGE/seqFISH_plus_cortex_svz_zeisel_sccortex_ref_shared10000/fold3/adapter_run_audit.json,archive/label_provenance/matched_labels/seqfish_plus_cortex_svz_matched_cell_types.csv,2000,1960,40,77,238,0.10700300156183611,0.72933712287779151,20,20,1,50,50,2
seqFISH+ cortex/SVZ,seqFISH_plus_cortex_svz_zeisel_sccortex_ref_shared10000,SpaGE,raw_identity,3,Oligodendrocyte,41,872,seqFISH_plus_cortex_svz_zeisel_sccortex_ref_shared10000.fold3.SpaGE,(mean_in-mean_out)/sqrt((var_in+var_out)/2),0,repository/results/protocol_a_full_rerun_20260711/inputs/seqFISH_plus_cortex_svz_zeisel_sccortex_ref_shared10000/fold3/mode_a_split.json,repository/results/protocol_a_full_rerun_20260711/inputs/seqFISH_plus_cortex_svz_zeisel_sccortex_ref_shared10000/fold3/full_truth.npy,repository/results/protocol_a_full_rerun_20260711/baselines/SpaGE/seqFISH_plus_cortex_svz_zeisel_sccortex_ref_shared10000/fold3/imputed_expression.npy,repository/results/protocol_a_full_rerun_20260711/baselines/SpaGE/seqFISH_plus_cortex_svz_zeisel_sccortex_ref_shared10000/fold3/adapter_run_audit.json,archive/label_provenance/matched_labels/seqfish_plus_cortex_svz_matched_cell_types.csv,2000,1960,40,1008,631,0.33449526313675731,0.62446027784378799,20,20,4,50,50,21
seqFISH+ cortex/SVZ,seqFISH_plus_cortex_svz_zeisel_sccortex_ref_shared10000,stPlus,raw_identity,3,Astrocyte,62,851,seqFISH_plus_cortex_svz_zeisel_sccortex_ref_shared10000.fold3.stPlus,(mean_in-mean_out)/sqrt((var_in+var_out)/2),0,repository/results/protocol_a_full_rerun_20260711/inputs/seqFISH_plus_cortex_svz_zeisel_sccortex_ref_shared10000/fold3/mode_a_split.json,repository/results/protocol_a_full_rerun_20260711/inputs/seqFISH_plus_cortex_svz_zeisel_sccortex_ref_shared10000/fold3/full_truth.npy,repository/results/protocol_a_full_rerun_20260711/baselines/stPlus/seqFISH_plus_cortex_svz_zeisel_sccortex_ref_shared10000/fold3/imputed_expression.npy,repository/results/protocol_a_full_rerun_20260711/baselines/stPlus/seqFISH_plus_cortex_svz_zeisel_sccortex_ref_shared10000/fold3/adapter_run_audit.json,archive/label_provenance/matched_labels/seqfish_plus_cortex_svz_matched_cell_types.csv,2000,1738,262,899,703,0.062228446063347542,0.24110017360579494,20,20,0,50,50,5
seqFISH+ cortex/SVZ,seqFISH_plus_cortex_svz_zeisel_sccortex_ref_shared10000,stPlus,raw_identity,3,Choroid Plexus,99,814,seqFISH_plus_cortex_svz_zeisel_sccortex_ref_shared10000.fold3.stPlus,(mean_in-mean_out)/sqrt((var_in+var_out)/2),0,repository/results/protocol_a_full_rerun_20260711/inputs/seqFISH_plus_cortex_svz_zeisel_sccortex_ref_shared10000/fold3/mode_a_split.json,repository/results/protocol_a_full_rerun_20260711/inputs/seqFISH_plus_cortex_svz_zeisel_sccortex_ref_shared10000/fold3/full_truth.npy,repository/results/protocol_a_full_rerun_20260711/baselines/stPlus/seqFISH_plus_cortex_svz_zeisel_sccortex_ref_shared10000/fold3/imputed_expression.npy,repository/results/protocol_a_full_rerun_20260711/baselines/stPlus/seqFISH_plus_cortex_svz_zeisel_sccortex_ref_shared10000/fold3/adapter_run_audit.json,archive/label_provenance/matched_labels/seqfish_plus_cortex_svz_matched_cell_types.csv,2000,1738,262,622,836,-0.0020341027155115891,0.30387601667794534,20,20,0,50,50,2
seqFISH+ cortex/SVZ,seqFISH_plus_cortex_svz_zeisel_sccortex_ref_shared10000,stPlus,raw_identity,3,Endothelial,68,845,seqFISH_plus_cortex_svz_zeisel_sccortex_ref_shared10000.fold3.stPlus,(mean_in-mean_out)/sqrt((var_in+var_out)/2),0,repository/results/protocol_a_full_rerun_20260711/inputs/seqFISH_plus_cortex_svz_zeisel_sccortex_ref_shared10000/fold3/mode_a_split.json,repository/results/protocol_a_full_rerun_20260711/inputs/seqFISH_plus_cortex_svz_zeisel_sccortex_ref_shared10000/fold3/full_truth.npy,repository/results/protocol_a_full_rerun_20260711/baselines/stPlus/seqFISH_plus_cortex_svz_zeisel_sccortex_ref_shared10000/fold3/imputed_expression.npy,repository/results/protocol_a_full_rerun_20260711/baselines/stPlus/seqFISH_plus_cortex_svz_zeisel_sccortex_ref_shared10000/fold3/adapter_run_audit.json,archive/label_provenance/matched_labels/seqfish_plus_cortex_svz_matched_cell_types.csv,2000,1738,262,258,588,0.18868224951511767,0.35440357230290437,20,20,0,50,50,5
seqFISH+ cortex/SVZ,seqFISH_plus_cortex_svz_zeisel_sccortex_ref_shared10000,stPlus,raw_identity,3,Ependymal,20,893,seqFISH_plus_cortex_svz_zeisel_sccortex_ref_shared10000.fold3.stPlus,(mean_in-mean_out)/sqrt((var_in+var_out)/2),0,repository/results/protocol_a_full_rerun_20260711/inputs/seqFISH_plus_cortex_svz_zeisel_sccortex_ref_shared10000/fold3/mode_a_split.json,repository/results/protocol_a_full_rerun_20260711/inputs/seqFISH_plus_cortex_svz_zeisel_sccortex_ref_shared10000/fold3/full_truth.npy,repository/results/protocol_a_full_rerun_20260711/baselines/stPlus/seqFISH_plus_cortex_svz_zeisel_sccortex_ref_shared10000/fold3/imputed_expression.npy,repository/results/protocol_a_full_rerun_20260711/baselines/stPlus/seqFISH_plus_cortex_svz_zeisel_sccortex_ref_shared10000/fold3/adapter_run_audit.json,archive/label_provenance/matched_labels/seqfish_plus_cortex_svz_matched_cell_types.csv,2000,1738,262,214,597,0.14462593712201155,0.37726284124875764,20,20,0,50,50,2
seqFISH+ cortex/SVZ,seqFISH_plus_cortex_svz_zeisel_sccortex_ref_shared10000,stPlus,raw_identity,3,Excitatory neuron,337,576,seqFISH_plus_cortex_svz_zeisel_sccortex_ref_shared10000.fold3.stPlus,(mean_in-mean_out)/sqrt((var_in+var_out)/2),0,repository/results/protocol_a_full_rerun_20260711/inputs/seqFISH_plus_cortex_svz_zeisel_sccortex_ref_shared10000/fold3/mode_a_split.json,repository/results/protocol_a_full_rerun_20260711/inputs/seqFISH_plus_cortex_svz_zeisel_sccortex_ref_shared10000/fold3/full_truth.npy,repository/results/protocol_a_full_rerun_20260711/baselines/stPlus/seqFISH_plus_cortex_svz_zeisel_sccortex_ref_shared10000/fold3/imputed_expression.npy,repository/results/protocol_a_full_rerun_20260711/baselines/stPlus/seqFISH_plus_cortex_svz_zeisel_sccortex_ref_shared10000/fold3/adapter_run_audit.json,archive/label_provenance/matched_labels/seqfish_plus_cortex_svz_matched_cell_types.csv,2000,1738,262,1667,1141,0.29058237464969555,0.31158456412396685,20,20,1,50,50,4
seqFISH+ cortex/SVZ,seqFISH_plus_cortex_svz_zeisel_sccortex_ref_shared10000,stPlus,raw_identity,3,Interneuron,60,853,seqFISH_plus_cortex_svz_zeisel_sccortex_ref_shared10000.fold3.stPlus,(mean_in-mean_out)/sqrt((var_in+var_out)/2),0,repository/results/protocol_a_full_rerun_20260711/inputs/seqFISH_plus_cortex_svz_zeisel_sccortex_ref_shared10000/fold3/mode_a_split.json,repository/results/protocol_a_full_rerun_20260711/inputs/seqFISH_plus_cortex_svz_zeisel_sccortex_ref_shared10000/fold3/full_truth.npy,repository/results/protocol_a_full_rerun_20260711/baselines/stPlus/seqFISH_plus_cortex_svz_zeisel_sccortex_ref_shared10000/fold3/imputed_expression.npy,repository/results/protocol_a_full_rerun_20260711/baselines/stPlus/seqFISH_plus_cortex_svz_zeisel_sccortex_ref_shared10000/fold3/adapter_run_audit.json,archive/label_provenance/matched_labels/seqfish_plus_cortex_svz_matched_cell_types.csv,2000,1738,262,1358,1117,0.14328622262219365,0.22698590098108937,20,20,2,50,50,6
seqFISH+ cortex/SVZ,seqFISH_plus_cortex_svz_zeisel_sccortex_ref_shared10000,stPlus,raw_identity,3,Microglia,30,883,seqFISH_plus_cortex_svz_zeisel_sccortex_ref_shared10000.fold3.stPlus,(mean_in-mean_out)/sqrt((var_in+var_out)/2),0,repository/results/protocol_a_full_rerun_20260711/inputs/seqFISH_plus_cortex_svz_zeisel_sccortex_ref_shared10000/fold3/mode_a_split.json,repository/results/protocol_a_full_rerun_20260711/inputs/seqFISH_plus_cortex_svz_zeisel_sccortex_ref_shared10000/fold3/full_truth.npy,repository/results/protocol_a_full_rerun_20260711/baselines/stPlus/seqFISH_plus_cortex_svz_zeisel_sccortex_ref_shared10000/fold3/imputed_expression.npy,repository/results/protocol_a_full_rerun_20260711/baselines/stPlus/seqFISH_plus_cortex_svz_zeisel_sccortex_ref_shared10000/fold3/adapter_run_audit.json,archive/label_provenance/matched_labels/seqfish_plus_cortex_svz_matched_cell_types.csv,2000,1738,262,190,621,0.072989945670543829,0.33929762113183737,20,20,0,50,50,0
seqFISH+ cortex/SVZ,seqFISH_plus_cortex_svz_zeisel_sccortex_ref_shared10000,stPlus,raw_identity,3,Neural Stem,68,845,seqFISH_plus_cortex_svz_zeisel_sccortex_ref_shared10000.fold3.stPlus,(mean_in-mean_out)/sqrt((var_in+var_out)/2),0,repository/results/protocol_a_full_rerun_20260711/inputs/seqFISH_plus_cortex_svz_zeisel_sccortex_ref_shared10000/fold3/mode_a_split.json,repository/results/protocol_a_full_rerun_20260711/inputs/seqFISH_plus_cortex_svz_zeisel_sccortex_ref_shared10000/fold3/full_truth.npy,repository/results/protocol_a_full_rerun_20260711/baselines/stPlus/seqFISH_plus_cortex_svz_zeisel_sccortex_ref_shared10000/fold3/imputed_expression.npy,repository/results/protocol_a_full_rerun_20260711/baselines/stPlus/seqFISH_plus_cortex_svz_zeisel_sccortex_ref_shared10000/fold3/adapter_run_audit.json,archive/label_provenance/matched_labels/seqfish_plus_cortex_svz_matched_cell_types.csv,2000,1738,262,76,549,0.13507375669217858,0.36406756535957469,20,20,0,50,50,1
seqFISH+ cortex/SVZ,seqFISH_plus_cortex_svz_zeisel_sccortex_ref_shared10000,stPlus,raw_identity,3,Neuroblast,128,785,seqFISH_plus_cortex_svz_zeisel_sccortex_ref_shared10000.fold3.stPlus,(mean_in-mean_out)/sqrt((var_in+var_out)/2),0,repository/results/protocol_a_full_rerun_20260711/inputs/seqFISH_plus_cortex_svz_zeisel_sccortex_ref_shared10000/fold3/mode_a_split.json,repository/results/protocol_a_full_rerun_20260711/inputs/seqFISH_plus_cortex_svz_zeisel_sccortex_ref_shared10000/fold3/full_truth.npy,repository/results/protocol_a_full_rerun_20260711/baselines/stPlus/seqFISH_plus_cortex_svz_zeisel_sccortex_ref_shared10000/fold3/imputed_expression.npy,repository/results/protocol_a_full_rerun_20260711/baselines/stPlus/seqFISH_plus_cortex_svz_zeisel_sccortex_ref_shared10000/fold3/adapter_run_audit.json,archive/label_provenance/matched_labels/seqfish_plus_cortex_svz_matched_cell_types.csv,2000,1738,262,71,656,0.05569995694007681,0.32481349943860016,20,20,1,50,50,3
seqFISH+ cortex/SVZ,seqFISH_plus_cortex_svz_zeisel_sccortex_ref_shared10000,stPlus,raw_identity,3,Oligodendrocyte,41,872,seqFISH_plus_cortex_svz_zeisel_sccortex_ref_shared10000.fold3.stPlus,(mean_in-mean_out)/sqrt((var_in+var_out)/2),0,repository/results/protocol_a_full_rerun_20260711/inputs/seqFISH_plus_cortex_svz_zeisel_sccortex_ref_shared10000/fold3/mode_a_split.json,repository/results/protocol_a_full_rerun_20260711/inputs/seqFISH_plus_cortex_svz_zeisel_sccortex_ref_shared10000/fold3/full_truth.npy,repository/results/protocol_a_full_rerun_20260711/baselines/stPlus/seqFISH_plus_cortex_svz_zeisel_sccortex_ref_shared10000/fold3/imputed_expression.npy,repository/results/protocol_a_full_rerun_20260711/baselines/stPlus/seqFISH_plus_cortex_svz_zeisel_sccortex_ref_shared10000/fold3/adapter_run_audit.json,archive/label_provenance/matched_labels/seqfish_plus_cortex_svz_matched_cell_types.csv,2000,1738,262,893,1055,-0.044073640094376594,0.48095008941020823,20,20,0,50,50,1
seqFISH+ cortex/SVZ,seqFISH_plus_cortex_svz_zeisel_sccortex_ref_shared10000,stAI,raw_identity,3,Astrocyte,62,851,seqFISH_plus_cortex_svz_zeisel_sccortex_ref_shared10000.fold3.stAI,(mean_in-mean_out)/sqrt((var_in+var_out)/2),0,repository/results/protocol_a_full_rerun_20260711/inputs/seqFISH_plus_cortex_svz_zeisel_sccortex_ref_shared10000/fold3/mode_a_split.json,repository/results/protocol_a_full_rerun_20260711/inputs/seqFISH_plus_cortex_svz_zeisel_sccortex_ref_shared10000/fold3/full_truth.npy,repository/results/protocol_a_full_rerun_20260711/baselines/stAI/seqFISH_plus_cortex_svz_zeisel_sccortex_ref_shared10000/fold3/imputed_expression.npy,repository/results/protocol_a_full_rerun_20260711/baselines/stAI/seqFISH_plus_cortex_svz_zeisel_sccortex_ref_shared10000/fold3/adapter_run_audit.json,archive/label_provenance/matched_labels/seqfish_plus_cortex_svz_matched_cell_types.csv,2000,1923,77,973,422,0.11120450114695929,0.27761085930025603,20,20,3,50,50,9
seqFISH+ cortex/SVZ,seqFISH_plus_cortex_svz_zeisel_sccortex_ref_shared10000,stAI,raw_identity,3,Choroid Plexus,99,814,seqFISH_plus_cortex_svz_zeisel_sccortex_ref_shared10000.fold3.stAI,(mean_in-mean_out)/sqrt((var_in+var_out)/2),0,repository/results/protocol_a_full_rerun_20260711/inputs/seqFISH_plus_cortex_svz_zeisel_sccortex_ref_shared10000/fold3/mode_a_split.json,repository/results/protocol_a_full_rerun_20260711/inputs/seqFISH_plus_cortex_svz_zeisel_sccortex_ref_shared10000/fold3/full_truth.npy,repository/results/protocol_a_full_rerun_20260711/baselines/stAI/seqFISH_plus_cortex_svz_zeisel_sccortex_ref_shared10000/fold3/imputed_expression.npy,repository/results/protocol_a_full_rerun_20260711/baselines/stAI/seqFISH_plus_cortex_svz_zeisel_sccortex_ref_shared10000/fold3/adapter_run_audit.json,archive/label_provenance/matched_labels/seqfish_plus_cortex_svz_matched_cell_types.csv,2000,1923,77,688,306,0.16244813549487319,0.59360419817960286,20,20,4,50,50,4
seqFISH+ cortex/SVZ,seqFISH_plus_cortex_svz_zeisel_sccortex_ref_shared10000,stAI,raw_identity,3,Endothelial,68,845,seqFISH_plus_cortex_svz_zeisel_sccortex_ref_shared10000.fold3.stAI,(mean_in-mean_out)/sqrt((var_in+var_out)/2),0,repository/results/protocol_a_full_rerun_20260711/inputs/seqFISH_plus_cortex_svz_zeisel_sccortex_ref_shared10000/fold3/mode_a_split.json,repository/results/protocol_a_full_rerun_20260711/inputs/seqFISH_plus_cortex_svz_zeisel_sccortex_ref_shared10000/fold3/full_truth.npy,repository/results/protocol_a_full_rerun_20260711/baselines/stAI/seqFISH_plus_cortex_svz_zeisel_sccortex_ref_shared10000/fold3/imputed_expression.npy,repository/results/protocol_a_full_rerun_20260711/baselines/stAI/seqFISH_plus_cortex_svz_zeisel_sccortex_ref_shared10000/fold3/adapter_run_audit.json,archive/label_provenance/matched_labels/seqfish_plus_cortex_svz_matched_cell_types.csv,2000,1923,77,271,202,0.17526383257191611,0.62442334417642331,20,20,6,50,50,16
seqFISH+ cortex/SVZ,seqFISH_plus_cortex_svz_zeisel_sccortex_ref_shared10000,stAI,raw_identity,3,Ependymal,20,893,seqFISH_plus_cortex_svz_zeisel_sccortex_ref_shared10000.fold3.stAI,(mean_in-mean_out)/sqrt((var_in+var_out)/2),0,repository/results/protocol_a_full_rerun_20260711/inputs/seqFISH_plus_cortex_svz_zeisel_sccortex_ref_shared10000/fold3/mode_a_split.json,repository/results/protocol_a_full_rerun_20260711/inputs/seqFISH_plus_cortex_svz_zeisel_sccortex_ref_shared10000/fold3/full_truth.npy,repository/results/protocol_a_full_rerun_20260711/baselines/stAI/seqFISH_plus_cortex_svz_zeisel_sccortex_ref_shared10000/fold3/imputed_expression.npy,repository/results/protocol_a_full_rerun_20260711/baselines/stAI/seqFISH_plus_cortex_svz_zeisel_sccortex_ref_shared10000/fold3/adapter_run_audit.json,archive/label_provenance/matched_labels/seqfish_plus_cortex_svz_matched_cell_types.csv,2000,1923,77,241,186,0.10843705166303733,0.50942816742076713,20,20,0,50,50,1
seqFISH+ cortex/SVZ,seqFISH_plus_cortex_svz_zeisel_sccortex_ref_shared10000,stAI,raw_identity,3,Excitatory neuron,337,576,seqFISH_plus_cortex_svz_zeisel_sccortex_ref_shared10000.fold3.stAI,(mean_in-mean_out)/sqrt((var_in+var_out)/2),0,repository/results/protocol_a_full_rerun_20260711/inputs/seqFISH_plus_cortex_svz_zeisel_sccortex_ref_shared10000/fold3/mode_a_split.json,repository/results/protocol_a_full_rerun_20260711/inputs/seqFISH_plus_cortex_svz_zeisel_sccortex_ref_shared10000/fold3/full_truth.npy,repository/results/protocol_a_full_rerun_20260711/baselines/stAI/seqFISH_plus_cortex_svz_zeisel_sccortex_ref_shared10000/fold3/imputed_expression.npy,repository/results/protocol_a_full_rerun_20260711/baselines/stAI/seqFISH_plus_cortex_svz_zeisel_sccortex_ref_shared10000/fold3/adapter_run_audit.json,archive/label_provenance/matched_labels/seqfish_plus_cortex_svz_matched_cell_types.csv,2000,1923,77,1850,1721,0.3590001113766183,0.74462585637604906,20,20,0,50,50,1
seqFISH+ cortex/SVZ,seqFISH_plus_cortex_svz_zeisel_sccortex_ref_shared10000,stAI,raw_identity,3,Interneuron,60,853,seqFISH_plus_cortex_svz_zeisel_sccortex_ref_shared10000.fold3.stAI,(mean_in-mean_out)/sqrt((var_in+var_out)/2),0,repository/results/protocol_a_full_rerun_20260711/inputs/seqFISH_plus_cortex_svz_zeisel_sccortex_ref_shared10000/fold3/mode_a_split.json,repository/results/protocol_a_full_rerun_20260711/inputs/seqFISH_plus_cortex_svz_zeisel_sccortex_ref_shared10000/fold3/full_truth.npy,repository/results/protocol_a_full_rerun_20260711/baselines/stAI/seqFISH_plus_cortex_svz_zeisel_sccortex_ref_shared10000/fold3/imputed_expression.npy,repository/results/protocol_a_full_rerun_20260711/baselines/stAI/seqFISH_plus_cortex_svz_zeisel_sccortex_ref_shared10000/fold3/adapter_run_audit.json,archive/label_provenance/matched_labels/seqfish_plus_cortex_svz_matched_cell_types.csv,2000,1923,77,1511,1600,0.11924996270753882,0.29125583375760172,20,20,2,50,50,4
seqFISH+ cortex/SVZ,seqFISH_plus_cortex_svz_zeisel_sccortex_ref_shared10000,stAI,raw_identity,3,Microglia,30,883,seqFISH_plus_cortex_svz_zeisel_sccortex_ref_shared10000.fold3.stAI,(mean_in-mean_out)/sqrt((var_in+var_out)/2),0,repository/results/protocol_a_full_rerun_20260711/inputs/seqFISH_plus_cortex_svz_zeisel_sccortex_ref_shared10000/fold3/mode_a_split.json,repository/results/protocol_a_full_rerun_20260711/inputs/seqFISH_plus_cortex_svz_zeisel_sccortex_ref_shared10000/fold3/full_truth.npy,repository/results/protocol_a_full_rerun_20260711/baselines/stAI/seqFISH_plus_cortex_svz_zeisel_sccortex_ref_shared10000/fold3/imputed_expression.npy,repository/results/protocol_a_full_rerun_20260711/baselines/stAI/seqFISH_plus_cortex_svz_zeisel_sccortex_ref_shared10000/fold3/adapter_run_audit.json,archive/label_provenance/matched_labels/seqfish_plus_cortex_svz_matched_cell_types.csv,2000,1923,77,203,167,0.046029918165025253,0.47352979621398245,20,20,0,50,50,3
seqFISH+ cortex/SVZ,seqFISH_plus_cortex_svz_zeisel_sccortex_ref_shared10000,stAI,raw_identity,3,Neural Stem,68,845,seqFISH_plus_cortex_svz_zeisel_sccortex_ref_shared10000.fold3.stAI,(mean_in-mean_out)/sqrt((var_in+var_out)/2),0,repository/results/protocol_a_full_rerun_20260711/inputs/seqFISH_plus_cortex_svz_zeisel_sccortex_ref_shared10000/fold3/mode_a_split.json,repository/results/protocol_a_full_rerun_20260711/inputs/seqFISH_plus_cortex_svz_zeisel_sccortex_ref_shared10000/fold3/full_truth.npy,repository/results/protocol_a_full_rerun_20260711/baselines/stAI/seqFISH_plus_cortex_svz_zeisel_sccortex_ref_shared10000/fold3/imputed_expression.npy,repository/results/protocol_a_full_rerun_20260711/baselines/stAI/seqFISH_plus_cortex_svz_zeisel_sccortex_ref_shared10000/fold3/adapter_run_audit.json,archive/label_provenance/matched_labels/seqfish_plus_cortex_svz_matched_cell_types.csv,2000,1923,77,77,178,-0.022814504035258022,0.40447388134649714,20,20,1,50,50,2
seqFISH+ cortex/SVZ,seqFISH_plus_cortex_svz_zeisel_sccortex_ref_shared10000,stAI,raw_identity,3,Neuroblast,128,785,seqFISH_plus_cortex_svz_zeisel_sccortex_ref_shared10000.fold3.stAI,(mean_in-mean_out)/sqrt((var_in+var_out)/2),0,repository/results/protocol_a_full_rerun_20260711/inputs/seqFISH_plus_cortex_svz_zeisel_sccortex_ref_shared10000/fold3/mode_a_split.json,repository/results/protocol_a_full_rerun_20260711/inputs/seqFISH_plus_cortex_svz_zeisel_sccortex_ref_shared10000/fold3/full_truth.npy,repository/results/protocol_a_full_rerun_20260711/baselines/stAI/seqFISH_plus_cortex_svz_zeisel_sccortex_ref_shared10000/fold3/imputed_expression.npy,repository/results/protocol_a_full_rerun_20260711/baselines/stAI/seqFISH_plus_cortex_svz_zeisel_sccortex_ref_shared10000/fold3/adapter_run_audit.json,archive/label_provenance/matched_labels/seqfish_plus_cortex_svz_matched_cell_types.csv,2000,1923,77,77,169,0.043318866265480413,0.63034881787868435,20,20,0,50,50,0
seqFISH+ cortex/SVZ,seqFISH_plus_cortex_svz_zeisel_sccortex_ref_shared10000,stAI,raw_identity,3,Oligodendrocyte,41,872,seqFISH_plus_cortex_svz_zeisel_sccortex_ref_shared10000.fold3.stAI,(mean_in-mean_out)/sqrt((var_in+var_out)/2),0,repository/results/protocol_a_full_rerun_20260711/inputs/seqFISH_plus_cortex_svz_zeisel_sccortex_ref_shared10000/fold3/mode_a_split.json,repository/results/protocol_a_full_rerun_20260711/inputs/seqFISH_plus_cortex_svz_zeisel_sccortex_ref_shared10000/fold3/full_truth.npy,repository/results/protocol_a_full_rerun_20260711/baselines/stAI/seqFISH_plus_cortex_svz_zeisel_sccortex_ref_shared10000/fold3/imputed_expression.npy,repository/results/protocol_a_full_rerun_20260711/baselines/stAI/seqFISH_plus_cortex_svz_zeisel_sccortex_ref_shared10000/fold3/adapter_run_audit.json,archive/label_provenance/matched_labels/seqfish_plus_cortex_svz_matched_cell_types.csv,2000,1923,77,990,719,0.3001688987324978,0.4755747912545199,20,20,6,50,50,22
seqFISH+ cortex/SVZ,seqFISH_plus_cortex_svz_zeisel_sccortex_ref_shared10000,GeneSPT,validation_selected_readout_genespt57,4,Astrocyte,62,851,seqFISH_plus_cortex_svz_zeisel_sccortex_ref_shared10000.fold4.GeneSPT,(mean_in-mean_out)/sqrt((var_in+var_out)/2),0,repository/results/protocol_a_full_rerun_20260711/inputs/seqFISH_plus_cortex_svz_zeisel_sccortex_ref_shared10000/fold4/mode_a_split.json,repository/results/protocol_a_full_rerun_20260711/inputs/seqFISH_plus_cortex_svz_zeisel_sccortex_ref_shared10000/fold4/full_truth.npy,repository/results/protocol_a_full_rerun_20260711/evaluation/validation_selected_readout_genespt57/test_predictions/seqFISH_plus_cortex_svz_zeisel_sccortex_ref_shared10000/fold4/GeneSPT.npz,repository/results/protocol_a_full_rerun_20260711/evaluation/validation_selected_readout_genespt57/test_predictions/seqFISH_plus_cortex_svz_zeisel_sccortex_ref_shared10000/fold4/apply_manifest.json,archive/label_provenance/matched_labels/seqfish_plus_cortex_svz_matched_cell_types.csv,2000,2000,0,1046,933,0.26853828993767076,0.21939421237575543,20,20,11,50,50,25
seqFISH+ cortex/SVZ,seqFISH_plus_cortex_svz_zeisel_sccortex_ref_shared10000,GeneSPT,validation_selected_readout_genespt57,4,Choroid Plexus,99,814,seqFISH_plus_cortex_svz_zeisel_sccortex_ref_shared10000.fold4.GeneSPT,(mean_in-mean_out)/sqrt((var_in+var_out)/2),0,repository/results/protocol_a_full_rerun_20260711/inputs/seqFISH_plus_cortex_svz_zeisel_sccortex_ref_shared10000/fold4/mode_a_split.json,repository/results/protocol_a_full_rerun_20260711/inputs/seqFISH_plus_cortex_svz_zeisel_sccortex_ref_shared10000/fold4/full_truth.npy,repository/results/protocol_a_full_rerun_20260711/evaluation/validation_selected_readout_genespt57/test_predictions/seqFISH_plus_cortex_svz_zeisel_sccortex_ref_shared10000/fold4/GeneSPT.npz,repository/results/protocol_a_full_rerun_20260711/evaluation/validation_selected_readout_genespt57/test_predictions/seqFISH_plus_cortex_svz_zeisel_sccortex_ref_shared10000/fold4/apply_manifest.json,archive/label_provenance/matched_labels/seqfish_plus_cortex_svz_matched_cell_types.csv,2000,2000,0,746,648,0.36732987274764334,0.512096461381918,20,20,4,50,50,18
seqFISH+ cortex/SVZ,seqFISH_plus_cortex_svz_zeisel_sccortex_ref_shared10000,GeneSPT,validation_selected_readout_genespt57,4,Endothelial,68,845,seqFISH_plus_cortex_svz_zeisel_sccortex_ref_shared10000.fold4.GeneSPT,(mean_in-mean_out)/sqrt((var_in+var_out)/2),0,repository/results/protocol_a_full_rerun_20260711/inputs/seqFISH_plus_cortex_svz_zeisel_sccortex_ref_shared10000/fold4/mode_a_split.json,repository/results/protocol_a_full_rerun_20260711/inputs/seqFISH_plus_cortex_svz_zeisel_sccortex_ref_shared10000/fold4/full_truth.npy,repository/results/protocol_a_full_rerun_20260711/evaluation/validation_selected_readout_genespt57/test_predictions/seqFISH_plus_cortex_svz_zeisel_sccortex_ref_shared10000/fold4/GeneSPT.npz,repository/results/protocol_a_full_rerun_20260711/evaluation/validation_selected_readout_genespt57/test_predictions/seqFISH_plus_cortex_svz_zeisel_sccortex_ref_shared10000/fold4/apply_manifest.json,archive/label_provenance/matched_labels/seqfish_plus_cortex_svz_matched_cell_types.csv,2000,2000,0,233,84,0.19875276669525219,0.74401393030689855,20,20,12,50,50,26
seqFISH+ cortex/SVZ,seqFISH_plus_cortex_svz_zeisel_sccortex_ref_shared10000,GeneSPT,validation_selected_readout_genespt57,4,Ependymal,20,893,seqFISH_plus_cortex_svz_zeisel_sccortex_ref_shared10000.fold4.GeneSPT,(mean_in-mean_out)/sqrt((var_in+var_out)/2),0,repository/results/protocol_a_full_rerun_20260711/inputs/seqFISH_plus_cortex_svz_zeisel_sccortex_ref_shared10000/fold4/mode_a_split.json,repository/results/protocol_a_full_rerun_20260711/inputs/seqFISH_plus_cortex_svz_zeisel_sccortex_ref_shared10000/fold4/full_truth.npy,repository/results/protocol_a_full_rerun_20260711/evaluation/validation_selected_readout_genespt57/test_predictions/seqFISH_plus_cortex_svz_zeisel_sccortex_ref_shared10000/fold4/GeneSPT.npz,repository/results/protocol_a_full_rerun_20260711/evaluation/validation_selected_readout_genespt57/test_predictions/seqFISH_plus_cortex_svz_zeisel_sccortex_ref_shared10000/fold4/apply_manifest.json,archive/label_provenance/matched_labels/seqfish_plus_cortex_svz_matched_cell_types.csv,2000,2000,0,226,0,0.090709179673980941,0.87908812722540908,20,0,0,50,0,0
seqFISH+ cortex/SVZ,seqFISH_plus_cortex_svz_zeisel_sccortex_ref_shared10000,GeneSPT,validation_selected_readout_genespt57,4,Excitatory neuron,337,576,seqFISH_plus_cortex_svz_zeisel_sccortex_ref_shared10000.fold4.GeneSPT,(mean_in-mean_out)/sqrt((var_in+var_out)/2),0,repository/results/protocol_a_full_rerun_20260711/inputs/seqFISH_plus_cortex_svz_zeisel_sccortex_ref_shared10000/fold4/mode_a_split.json,repository/results/protocol_a_full_rerun_20260711/inputs/seqFISH_plus_cortex_svz_zeisel_sccortex_ref_shared10000/fold4/full_truth.npy,repository/results/protocol_a_full_rerun_20260711/evaluation/validation_selected_readout_genespt57/test_predictions/seqFISH_plus_cortex_svz_zeisel_sccortex_ref_shared10000/fold4/GeneSPT.npz,repository/results/protocol_a_full_rerun_20260711/evaluation/validation_selected_readout_genespt57/test_predictions/seqFISH_plus_cortex_svz_zeisel_sccortex_ref_shared10000/fold4/apply_manifest.json,archive/label_provenance/matched_labels/seqfish_plus_cortex_svz_matched_cell_types.csv,2000,2000,0,1923,1981,0.47750693439243946,1.2146354104924635,20,20,4,50,50,22
seqFISH+ cortex/SVZ,seqFISH_plus_cortex_svz_zeisel_sccortex_ref_shared10000,GeneSPT,validation_selected_readout_genespt57,4,Interneuron,60,853,seqFISH_plus_cortex_svz_zeisel_sccortex_ref_shared10000.fold4.GeneSPT,(mean_in-mean_out)/sqrt((var_in+var_out)/2),0,repository/results/protocol_a_full_rerun_20260711/inputs/seqFISH_plus_cortex_svz_zeisel_sccortex_ref_shared10000/fold4/mode_a_split.json,repository/results/protocol_a_full_rerun_20260711/inputs/seqFISH_plus_cortex_svz_zeisel_sccortex_ref_shared10000/fold4/full_truth.npy,repository/results/protocol_a_full_rerun_20260711/evaluation/validation_selected_readout_genespt57/test_predictions/seqFISH_plus_cortex_svz_zeisel_sccortex_ref_shared10000/fold4/GeneSPT.npz,repository/results/protocol_a_full_rerun_20260711/evaluation/validation_selected_readout_genespt57/test_predictions/seqFISH_plus_cortex_svz_zeisel_sccortex_ref_shared10000/fold4/apply_manifest.json,archive/label_provenance/matched_labels/seqfish_plus_cortex_svz_matched_cell_types.csv,2000,2000,0,1594,1943,0.30951763863175569,0.48560615352466519,20,20,4,50,50,14
seqFISH+ cortex/SVZ,seqFISH_plus_cortex_svz_zeisel_sccortex_ref_shared10000,GeneSPT,validation_selected_readout_genespt57,4,Microglia,30,883,seqFISH_plus_cortex_svz_zeisel_sccortex_ref_shared10000.fold4.GeneSPT,(mean_in-mean_out)/sqrt((var_in+var_out)/2),0,repository/results/protocol_a_full_rerun_20260711/inputs/seqFISH_plus_cortex_svz_zeisel_sccortex_ref_shared10000/fold4/mode_a_split.json,repository/results/protocol_a_full_rerun_20260711/inputs/seqFISH_plus_cortex_svz_zeisel_sccortex_ref_shared10000/fold4/full_truth.npy,repository/results/protocol_a_full_rerun_20260711/evaluation/validation_selected_readout_genespt57/test_predictions/seqFISH_plus_cortex_svz_zeisel_sccortex_ref_shared10000/fold4/GeneSPT.npz,repository/results/protocol_a_full_rerun_20260711/evaluation/validation_selected_readout_genespt57/test_predictions/seqFISH_plus_cortex_svz_zeisel_sccortex_ref_shared10000/fold4/apply_manifest.json,archive/label_provenance/matched_labels/seqfish_plus_cortex_svz_matched_cell_types.csv,2000,2000,0,239,2,0.055657887714250995,0.75428722539552251,20,2,1,50,2,1
seqFISH+ cortex/SVZ,seqFISH_plus_cortex_svz_zeisel_sccortex_ref_shared10000,GeneSPT,validation_selected_readout_genespt57,4,Neural Stem,68,845,seqFISH_plus_cortex_svz_zeisel_sccortex_ref_shared10000.fold4.GeneSPT,(mean_in-mean_out)/sqrt((var_in+var_out)/2),0,repository/results/protocol_a_full_rerun_20260711/inputs/seqFISH_plus_cortex_svz_zeisel_sccortex_ref_shared10000/fold4/mode_a_split.json,repository/results/protocol_a_full_rerun_20260711/inputs/seqFISH_plus_cortex_svz_zeisel_sccortex_ref_shared10000/fold4/full_truth.npy,repository/results/protocol_a_full_rerun_20260711/evaluation/validation_selected_readout_genespt57/test_predictions/seqFISH_plus_cortex_svz_zeisel_sccortex_ref_shared10000/fold4/GeneSPT.npz,repository/results/protocol_a_full_rerun_20260711/evaluation/validation_selected_readout_genespt57/test_predictions/seqFISH_plus_cortex_svz_zeisel_sccortex_ref_shared10000/fold4/apply_manifest.json,archive/label_provenance/matched_labels/seqfish_plus_cortex_svz_matched_cell_types.csv,2000,2000,0,64,6,-0.026235868586451286,0.83736965740347313,20,6,3,50,6,4
seqFISH+ cortex/SVZ,seqFISH_plus_cortex_svz_zeisel_sccortex_ref_shared10000,GeneSPT,validation_selected_readout_genespt57,4,Neuroblast,128,785,seqFISH_plus_cortex_svz_zeisel_sccortex_ref_shared10000.fold4.GeneSPT,(mean_in-mean_out)/sqrt((var_in+var_out)/2),0,repository/results/protocol_a_full_rerun_20260711/inputs/seqFISH_plus_cortex_svz_zeisel_sccortex_ref_shared10000/fold4/mode_a_split.json,repository/results/protocol_a_full_rerun_20260711/inputs/seqFISH_plus_cortex_svz_zeisel_sccortex_ref_shared10000/fold4/full_truth.npy,repository/results/protocol_a_full_rerun_20260711/evaluation/validation_selected_readout_genespt57/test_predictions/seqFISH_plus_cortex_svz_zeisel_sccortex_ref_shared10000/fold4/GeneSPT.npz,repository/results/protocol_a_full_rerun_20260711/evaluation/validation_selected_readout_genespt57/test_predictions/seqFISH_plus_cortex_svz_zeisel_sccortex_ref_shared10000/fold4/apply_manifest.json,archive/label_provenance/matched_labels/seqfish_plus_cortex_svz_matched_cell_types.csv,2000,2000,0,67,0,0.0081472834733773286,1.1249724638240233,20,0,0,50,0,0
seqFISH+ cortex/SVZ,seqFISH_plus_cortex_svz_zeisel_sccortex_ref_shared10000,GeneSPT,validation_selected_readout_genespt57,4,Oligodendrocyte,41,872,seqFISH_plus_cortex_svz_zeisel_sccortex_ref_shared10000.fold4.GeneSPT,(mean_in-mean_out)/sqrt((var_in+var_out)/2),0,repository/results/protocol_a_full_rerun_20260711/inputs/seqFISH_plus_cortex_svz_zeisel_sccortex_ref_shared10000/fold4/mode_a_split.json,repository/results/protocol_a_full_rerun_20260711/inputs/seqFISH_plus_cortex_svz_zeisel_sccortex_ref_shared10000/fold4/full_truth.npy,repository/results/protocol_a_full_rerun_20260711/evaluation/validation_selected_readout_genespt57/test_predictions/seqFISH_plus_cortex_svz_zeisel_sccortex_ref_shared10000/fold4/GeneSPT.npz,repository/results/protocol_a_full_rerun_20260711/evaluation/validation_selected_readout_genespt57/test_predictions/seqFISH_plus_cortex_svz_zeisel_sccortex_ref_shared10000/fold4/apply_manifest.json,archive/label_provenance/matched_labels/seqfish_plus_cortex_svz_matched_cell_types.csv,2000,2000,0,1073,1253,0.34828141534174084,0.32950394773736219,20,20,10,50,50,25
seqFISH+ cortex/SVZ,seqFISH_plus_cortex_svz_zeisel_sccortex_ref_shared10000,Tangram,raw_identity,4,Astrocyte,62,851,seqFISH_plus_cortex_svz_zeisel_sccortex_ref_shared10000.fold4.Tangram,(mean_in-mean_out)/sqrt((var_in+var_out)/2),0,repository/results/protocol_a_full_rerun_20260711/inputs/seqFISH_plus_cortex_svz_zeisel_sccortex_ref_shared10000/fold4/mode_a_split.json,repository/results/protocol_a_full_rerun_20260711/inputs/seqFISH_plus_cortex_svz_zeisel_sccortex_ref_shared10000/fold4/full_truth.npy,repository/results/protocol_a_full_rerun_20260711/baselines/Tangram/seqFISH_plus_cortex_svz_zeisel_sccortex_ref_shared10000/fold4/imputed_expression.npy,repository/results/protocol_a_full_rerun_20260711/baselines/Tangram/seqFISH_plus_cortex_svz_zeisel_sccortex_ref_shared10000/fold4/adapter_run_audit.json,archive/label_provenance/matched_labels/seqfish_plus_cortex_svz_matched_cell_types.csv,2000,1972,28,1035,1423,0.17777289690306267,0.19874681828804477,20,20,2,50,50,10
seqFISH+ cortex/SVZ,seqFISH_plus_cortex_svz_zeisel_sccortex_ref_shared10000,Tangram,raw_identity,4,Choroid Plexus,99,814,seqFISH_plus_cortex_svz_zeisel_sccortex_ref_shared10000.fold4.Tangram,(mean_in-mean_out)/sqrt((var_in+var_out)/2),0,repository/results/protocol_a_full_rerun_20260711/inputs/seqFISH_plus_cortex_svz_zeisel_sccortex_ref_shared10000/fold4/mode_a_split.json,repository/results/protocol_a_full_rerun_20260711/inputs/seqFISH_plus_cortex_svz_zeisel_sccortex_ref_shared10000/fold4/full_truth.npy,repository/results/protocol_a_full_rerun_20260711/baselines/Tangram/seqFISH_plus_cortex_svz_zeisel_sccortex_ref_shared10000/fold4/imputed_expression.npy,repository/results/protocol_a_full_rerun_20260711/baselines/Tangram/seqFISH_plus_cortex_svz_zeisel_sccortex_ref_shared10000/fold4/adapter_run_audit.json,archive/label_provenance/matched_labels/seqfish_plus_cortex_svz_matched_cell_types.csv,2000,1972,28,733,506,0.23788774373610516,0.29830844004237161,20,20,0,50,50,6
seqFISH+ cortex/SVZ,seqFISH_plus_cortex_svz_zeisel_sccortex_ref_shared10000,Tangram,raw_identity,4,Endothelial,68,845,seqFISH_plus_cortex_svz_zeisel_sccortex_ref_shared10000.fold4.Tangram,(mean_in-mean_out)/sqrt((var_in+var_out)/2),0,repository/results/protocol_a_full_rerun_20260711/inputs/seqFISH_plus_cortex_svz_zeisel_sccortex_ref_shared10000/fold4/mode_a_split.json,repository/results/protocol_a_full_rerun_20260711/inputs/seqFISH_plus_cortex_svz_zeisel_sccortex_ref_shared10000/fold4/full_truth.npy,repository/results/protocol_a_full_rerun_20260711/baselines/Tangram/seqFISH_plus_cortex_svz_zeisel_sccortex_ref_shared10000/fold4/imputed_expression.npy,repository/results/protocol_a_full_rerun_20260711/baselines/Tangram/seqFISH_plus_cortex_svz_zeisel_sccortex_ref_shared10000/fold4/adapter_run_audit.json,archive/label_provenance/matched_labels/seqfish_plus_cortex_svz_matched_cell_types.csv,2000,1972,28,229,100,0.27515575456449221,0.65421969575503502,20,20,2,50,50,12
seqFISH+ cortex/SVZ,seqFISH_plus_cortex_svz_zeisel_sccortex_ref_shared10000,Tangram,raw_identity,4,Ependymal,20,893,seqFISH_plus_cortex_svz_zeisel_sccortex_ref_shared10000.fold4.Tangram,(mean_in-mean_out)/sqrt((var_in+var_out)/2),0,repository/results/protocol_a_full_rerun_20260711/inputs/seqFISH_plus_cortex_svz_zeisel_sccortex_ref_shared10000/fold4/mode_a_split.json,repository/results/protocol_a_full_rerun_20260711/inputs/seqFISH_plus_cortex_svz_zeisel_sccortex_ref_shared10000/fold4/full_truth.npy,repository/results/protocol_a_full_rerun_20260711/baselines/Tangram/seqFISH_plus_cortex_svz_zeisel_sccortex_ref_shared10000/fold4/imputed_expression.npy,repository/results/protocol_a_full_rerun_20260711/baselines/Tangram/seqFISH_plus_cortex_svz_zeisel_sccortex_ref_shared10000/fold4/adapter_run_audit.json,archive/label_provenance/matched_labels/seqfish_plus_cortex_svz_matched_cell_types.csv,2000,1972,28,220,0,-0.026870051174189856,0.9643748053805129,20,0,0,50,0,0
seqFISH+ cortex/SVZ,seqFISH_plus_cortex_svz_zeisel_sccortex_ref_shared10000,Tangram,raw_identity,4,Excitatory neuron,337,576,seqFISH_plus_cortex_svz_zeisel_sccortex_ref_shared10000.fold4.Tangram,(mean_in-mean_out)/sqrt((var_in+var_out)/2),0,repository/results/protocol_a_full_rerun_20260711/inputs/seqFISH_plus_cortex_svz_zeisel_sccortex_ref_shared10000/fold4/mode_a_split.json,repository/results/protocol_a_full_rerun_20260711/inputs/seqFISH_plus_cortex_svz_zeisel_sccortex_ref_shared10000/fold4/full_truth.npy,repository/results/protocol_a_full_rerun_20260711/baselines/Tangram/seqFISH_plus_cortex_svz_zeisel_sccortex_ref_shared10000/fold4/imputed_expression.npy,repository/results/protocol_a_full_rerun_20260711/baselines/Tangram/seqFISH_plus_cortex_svz_zeisel_sccortex_ref_shared10000/fold4/adapter_run_audit.json,archive/label_provenance/matched_labels/seqfish_plus_cortex_svz_matched_cell_types.csv,2000,1972,28,1895,1972,0.44356072252591938,1.2777451435808649,20,20,0,50,50,0
seqFISH+ cortex/SVZ,seqFISH_plus_cortex_svz_zeisel_sccortex_ref_shared10000,Tangram,raw_identity,4,Interneuron,60,853,seqFISH_plus_cortex_svz_zeisel_sccortex_ref_shared10000.fold4.Tangram,(mean_in-mean_out)/sqrt((var_in+var_out)/2),0,repository/results/protocol_a_full_rerun_20260711/inputs/seqFISH_plus_cortex_svz_zeisel_sccortex_ref_shared10000/fold4/mode_a_split.json,repository/results/protocol_a_full_rerun_20260711/inputs/seqFISH_plus_cortex_svz_zeisel_sccortex_ref_shared10000/fold4/full_truth.npy,repository/results/protocol_a_full_rerun_20260711/baselines/Tangram/seqFISH_plus_cortex_svz_zeisel_sccortex_ref_shared10000/fold4/imputed_expression.npy,repository/results/protocol_a_full_rerun_20260711/baselines/Tangram/seqFISH_plus_cortex_svz_zeisel_sccortex_ref_shared10000/fold4/adapter_run_audit.json,archive/label_provenance/matched_labels/seqfish_plus_cortex_svz_matched_cell_types.csv,2000,1972,28,1569,1972,0.27253324458773526,0.50930540880655706,20,20,1,50,50,7
seqFISH+ cortex/SVZ,seqFISH_plus_cortex_svz_zeisel_sccortex_ref_shared10000,Tangram,raw_identity,4,Microglia,30,883,seqFISH_plus_cortex_svz_zeisel_sccortex_ref_shared10000.fold4.Tangram,(mean_in-mean_out)/sqrt((var_in+var_out)/2),0,repository/results/protocol_a_full_rerun_20260711/inputs/seqFISH_plus_cortex_svz_zeisel_sccortex_ref_shared10000/fold4/mode_a_split.json,repository/results/protocol_a_full_rerun_20260711/inputs/seqFISH_plus_cortex_svz_zeisel_sccortex_ref_shared10000/fold4/full_truth.npy,repository/results/protocol_a_full_rerun_20260711/baselines/Tangram/seqFISH_plus_cortex_svz_zeisel_sccortex_ref_shared10000/fold4/imputed_expression.npy,repository/results/protocol_a_full_rerun_20260711/baselines/Tangram/seqFISH_plus_cortex_svz_zeisel_sccortex_ref_shared10000/fold4/adapter_run_audit.json,archive/label_provenance/matched_labels/seqfish_plus_cortex_svz_matched_cell_types.csv,2000,1972,28,235,49,0.085632467875674814,0.7678205185685687,20,20,1,50,49,8
seqFISH+ cortex/SVZ,seqFISH_plus_cortex_svz_zeisel_sccortex_ref_shared10000,Tangram,raw_identity,4,Neural Stem,68,845,seqFISH_plus_cortex_svz_zeisel_sccortex_ref_shared10000.fold4.Tangram,(mean_in-mean_out)/sqrt((var_in+var_out)/2),0,repository/results/protocol_a_full_rerun_20260711/inputs/seqFISH_plus_cortex_svz_zeisel_sccortex_ref_shared10000/fold4/mode_a_split.json,repository/results/protocol_a_full_rerun_20260711/inputs/seqFISH_plus_cortex_svz_zeisel_sccortex_ref_shared10000/fold4/full_truth.npy,repository/results/protocol_a_full_rerun_20260711/baselines/Tangram/seqFISH_plus_cortex_svz_zeisel_sccortex_ref_shared10000/fold4/imputed_expression.npy,repository/results/protocol_a_full_rerun_20260711/baselines/Tangram/seqFISH_plus_cortex_svz_zeisel_sccortex_ref_shared10000/fold4/adapter_run_audit.json,archive/label_provenance/matched_labels/seqfish_plus_cortex_svz_matched_cell_types.csv,2000,1972,28,64,0,0.027620729510644169,0.93260860160865522,20,0,0,50,0,0
seqFISH+ cortex/SVZ,seqFISH_plus_cortex_svz_zeisel_sccortex_ref_shared10000,Tangram,raw_identity,4,Neuroblast,128,785,seqFISH_plus_cortex_svz_zeisel_sccortex_ref_shared10000.fold4.Tangram,(mean_in-mean_out)/sqrt((var_in+var_out)/2),0,repository/results/protocol_a_full_rerun_20260711/inputs/seqFISH_plus_cortex_svz_zeisel_sccortex_ref_shared10000/fold4/mode_a_split.json,repository/results/protocol_a_full_rerun_20260711/inputs/seqFISH_plus_cortex_svz_zeisel_sccortex_ref_shared10000/fold4/full_truth.npy,repository/results/protocol_a_full_rerun_20260711/baselines/Tangram/seqFISH_plus_cortex_svz_zeisel_sccortex_ref_shared10000/fold4/imputed_expression.npy,repository/results/protocol_a_full_rerun_20260711/baselines/Tangram/seqFISH_plus_cortex_svz_zeisel_sccortex_ref_shared10000/fold4/adapter_run_audit.json,archive/label_provenance/matched_labels/seqfish_plus_cortex_svz_matched_cell_types.csv,2000,1972,28,67,0,-0.13022120423512942,1.1568612181140383,20,0,0,50,0,0
seqFISH+ cortex/SVZ,seqFISH_plus_cortex_svz_zeisel_sccortex_ref_shared10000,Tangram,raw_identity,4,Oligodendrocyte,41,872,seqFISH_plus_cortex_svz_zeisel_sccortex_ref_shared10000.fold4.Tangram,(mean_in-mean_out)/sqrt((var_in+var_out)/2),0,repository/results/protocol_a_full_rerun_20260711/inputs/seqFISH_plus_cortex_svz_zeisel_sccortex_ref_shared10000/fold4/mode_a_split.json,repository/results/protocol_a_full_rerun_20260711/inputs/seqFISH_plus_cortex_svz_zeisel_sccortex_ref_shared10000/fold4/full_truth.npy,repository/results/protocol_a_full_rerun_20260711/baselines/Tangram/seqFISH_plus_cortex_svz_zeisel_sccortex_ref_shared10000/fold4/imputed_expression.npy,repository/results/protocol_a_full_rerun_20260711/baselines/Tangram/seqFISH_plus_cortex_svz_zeisel_sccortex_ref_shared10000/fold4/adapter_run_audit.json,archive/label_provenance/matched_labels/seqfish_plus_cortex_svz_matched_cell_types.csv,2000,1972,28,1058,1155,0.27581379166500536,0.30285190097178216,20,20,1,50,50,7
seqFISH+ cortex/SVZ,seqFISH_plus_cortex_svz_zeisel_sccortex_ref_shared10000,TransImp,raw_identity,4,Astrocyte,62,851,seqFISH_plus_cortex_svz_zeisel_sccortex_ref_shared10000.fold4.TransImp,(mean_in-mean_out)/sqrt((var_in+var_out)/2),0,repository/results/protocol_a_full_rerun_20260711/inputs/seqFISH_plus_cortex_svz_zeisel_sccortex_ref_shared10000/fold4/mode_a_split.json,repository/results/protocol_a_full_rerun_20260711/inputs/seqFISH_plus_cortex_svz_zeisel_sccortex_ref_shared10000/fold4/full_truth.npy,repository/results/protocol_a_full_rerun_20260711/baselines/TransImp/seqFISH_plus_cortex_svz_zeisel_sccortex_ref_shared10000/fold4/imputed_expression.npy,repository/results/protocol_a_full_rerun_20260711/baselines/TransImp/seqFISH_plus_cortex_svz_zeisel_sccortex_ref_shared10000/fold4/adapter_run_audit.json,archive/label_provenance/matched_labels/seqfish_plus_cortex_svz_matched_cell_types.csv,2000,1972,28,1035,930,0.20001662990224994,0.26455094198823331,20,20,9,50,50,18
seqFISH+ cortex/SVZ,seqFISH_plus_cortex_svz_zeisel_sccortex_ref_shared10000,TransImp,raw_identity,4,Choroid Plexus,99,814,seqFISH_plus_cortex_svz_zeisel_sccortex_ref_shared10000.fold4.TransImp,(mean_in-mean_out)/sqrt((var_in+var_out)/2),0,repository/results/protocol_a_full_rerun_20260711/inputs/seqFISH_plus_cortex_svz_zeisel_sccortex_ref_shared10000/fold4/mode_a_split.json,repository/results/protocol_a_full_rerun_20260711/inputs/seqFISH_plus_cortex_svz_zeisel_sccortex_ref_shared10000/fold4/full_truth.npy,repository/results/protocol_a_full_rerun_20260711/baselines/TransImp/seqFISH_plus_cortex_svz_zeisel_sccortex_ref_shared10000/fold4/imputed_expression.npy,repository/results/protocol_a_full_rerun_20260711/baselines/TransImp/seqFISH_plus_cortex_svz_zeisel_sccortex_ref_shared10000/fold4/adapter_run_audit.json,archive/label_provenance/matched_labels/seqfish_plus_cortex_svz_matched_cell_types.csv,2000,1972,28,733,637,0.33974504650065096,0.51762479447990783,20,20,3,50,50,17
seqFISH+ cortex/SVZ,seqFISH_plus_cortex_svz_zeisel_sccortex_ref_shared10000,TransImp,raw_identity,4,Endothelial,68,845,seqFISH_plus_cortex_svz_zeisel_sccortex_ref_shared10000.fold4.TransImp,(mean_in-mean_out)/sqrt((var_in+var_out)/2),0,repository/results/protocol_a_full_rerun_20260711/inputs/seqFISH_plus_cortex_svz_zeisel_sccortex_ref_shared10000/fold4/mode_a_split.json,repository/results/protocol_a_full_rerun_20260711/inputs/seqFISH_plus_cortex_svz_zeisel_sccortex_ref_shared10000/fold4/full_truth.npy,repository/results/protocol_a_full_rerun_20260711/baselines/TransImp/seqFISH_plus_cortex_svz_zeisel_sccortex_ref_shared10000/fold4/imputed_expression.npy,repository/results/protocol_a_full_rerun_20260711/baselines/TransImp/seqFISH_plus_cortex_svz_zeisel_sccortex_ref_shared10000/fold4/adapter_run_audit.json,archive/label_provenance/matched_labels/seqfish_plus_cortex_svz_matched_cell_types.csv,2000,1972,28,229,160,0.24378551800357526,0.62845055821639095,20,20,3,50,50,15
seqFISH+ cortex/SVZ,seqFISH_plus_cortex_svz_zeisel_sccortex_ref_shared10000,TransImp,raw_identity,4,Ependymal,20,893,seqFISH_plus_cortex_svz_zeisel_sccortex_ref_shared10000.fold4.TransImp,(mean_in-mean_out)/sqrt((var_in+var_out)/2),0,repository/results/protocol_a_full_rerun_20260711/inputs/seqFISH_plus_cortex_svz_zeisel_sccortex_ref_shared10000/fold4/mode_a_split.json,repository/results/protocol_a_full_rerun_20260711/inputs/seqFISH_plus_cortex_svz_zeisel_sccortex_ref_shared10000/fold4/full_truth.npy,repository/results/protocol_a_full_rerun_20260711/baselines/TransImp/seqFISH_plus_cortex_svz_zeisel_sccortex_ref_shared10000/fold4/imputed_expression.npy,repository/results/protocol_a_full_rerun_20260711/baselines/TransImp/seqFISH_plus_cortex_svz_zeisel_sccortex_ref_shared10000/fold4/adapter_run_audit.json,archive/label_provenance/matched_labels/seqfish_plus_cortex_svz_matched_cell_types.csv,2000,1972,28,220,30,0.12651225149107875,0.75777498791669395,20,20,1,50,30,2
seqFISH+ cortex/SVZ,seqFISH_plus_cortex_svz_zeisel_sccortex_ref_shared10000,TransImp,raw_identity,4,Excitatory neuron,337,576,seqFISH_plus_cortex_svz_zeisel_sccortex_ref_shared10000.fold4.TransImp,(mean_in-mean_out)/sqrt((var_in+var_out)/2),0,repository/results/protocol_a_full_rerun_20260711/inputs/seqFISH_plus_cortex_svz_zeisel_sccortex_ref_shared10000/fold4/mode_a_split.json,repository/results/protocol_a_full_rerun_20260711/inputs/seqFISH_plus_cortex_svz_zeisel_sccortex_ref_shared10000/fold4/full_truth.npy,repository/results/protocol_a_full_rerun_20260711/baselines/TransImp/seqFISH_plus_cortex_svz_zeisel_sccortex_ref_shared10000/fold4/imputed_expression.npy,repository/results/protocol_a_full_rerun_20260711/baselines/TransImp/seqFISH_plus_cortex_svz_zeisel_sccortex_ref_shared10000/fold4/adapter_run_audit.json,archive/label_provenance/matched_labels/seqfish_plus_cortex_svz_matched_cell_types.csv,2000,1972,28,1895,1902,0.43813111956900386,0.98813810252643741,20,20,5,50,50,19
seqFISH+ cortex/SVZ,seqFISH_plus_cortex_svz_zeisel_sccortex_ref_shared10000,TransImp,raw_identity,4,Interneuron,60,853,seqFISH_plus_cortex_svz_zeisel_sccortex_ref_shared10000.fold4.TransImp,(mean_in-mean_out)/sqrt((var_in+var_out)/2),0,repository/results/protocol_a_full_rerun_20260711/inputs/seqFISH_plus_cortex_svz_zeisel_sccortex_ref_shared10000/fold4/mode_a_split.json,repository/results/protocol_a_full_rerun_20260711/inputs/seqFISH_plus_cortex_svz_zeisel_sccortex_ref_shared10000/fold4/full_truth.npy,repository/results/protocol_a_full_rerun_20260711/baselines/TransImp/seqFISH_plus_cortex_svz_zeisel_sccortex_ref_shared10000/fold4/imputed_expression.npy,repository/results/protocol_a_full_rerun_20260711/baselines/TransImp/seqFISH_plus_cortex_svz_zeisel_sccortex_ref_shared10000/fold4/adapter_run_audit.json,archive/label_provenance/matched_labels/seqfish_plus_cortex_svz_matched_cell_types.csv,2000,1972,28,1569,1815,0.2692929638923014,0.41044226510857873,20,20,3,50,50,7
seqFISH+ cortex/SVZ,seqFISH_plus_cortex_svz_zeisel_sccortex_ref_shared10000,TransImp,raw_identity,4,Microglia,30,883,seqFISH_plus_cortex_svz_zeisel_sccortex_ref_shared10000.fold4.TransImp,(mean_in-mean_out)/sqrt((var_in+var_out)/2),0,repository/results/protocol_a_full_rerun_20260711/inputs/seqFISH_plus_cortex_svz_zeisel_sccortex_ref_shared10000/fold4/mode_a_split.json,repository/results/protocol_a_full_rerun_20260711/inputs/seqFISH_plus_cortex_svz_zeisel_sccortex_ref_shared10000/fold4/full_truth.npy,repository/results/protocol_a_full_rerun_20260711/baselines/TransImp/seqFISH_plus_cortex_svz_zeisel_sccortex_ref_shared10000/fold4/imputed_expression.npy,repository/results/protocol_a_full_rerun_20260711/baselines/TransImp/seqFISH_plus_cortex_svz_zeisel_sccortex_ref_shared10000/fold4/adapter_run_audit.json,archive/label_provenance/matched_labels/seqfish_plus_cortex_svz_matched_cell_types.csv,2000,1972,28,235,76,0.072133247277793966,0.67928875886027307,20,20,4,50,50,10
seqFISH+ cortex/SVZ,seqFISH_plus_cortex_svz_zeisel_sccortex_ref_shared10000,TransImp,raw_identity,4,Neural Stem,68,845,seqFISH_plus_cortex_svz_zeisel_sccortex_ref_shared10000.fold4.TransImp,(mean_in-mean_out)/sqrt((var_in+var_out)/2),0,repository/results/protocol_a_full_rerun_20260711/inputs/seqFISH_plus_cortex_svz_zeisel_sccortex_ref_shared10000/fold4/mode_a_split.json,repository/results/protocol_a_full_rerun_20260711/inputs/seqFISH_plus_cortex_svz_zeisel_sccortex_ref_shared10000/fold4/full_truth.npy,repository/results/protocol_a_full_rerun_20260711/baselines/TransImp/seqFISH_plus_cortex_svz_zeisel_sccortex_ref_shared10000/fold4/imputed_expression.npy,repository/results/protocol_a_full_rerun_20260711/baselines/TransImp/seqFISH_plus_cortex_svz_zeisel_sccortex_ref_shared10000/fold4/adapter_run_audit.json,archive/label_provenance/matched_labels/seqfish_plus_cortex_svz_matched_cell_types.csv,2000,1972,28,64,31,0.14978001886453193,0.75625346463339538,20,20,1,50,31,2
seqFISH+ cortex/SVZ,seqFISH_plus_cortex_svz_zeisel_sccortex_ref_shared10000,TransImp,raw_identity,4,Neuroblast,128,785,seqFISH_plus_cortex_svz_zeisel_sccortex_ref_shared10000.fold4.TransImp,(mean_in-mean_out)/sqrt((var_in+var_out)/2),0,repository/results/protocol_a_full_rerun_20260711/inputs/seqFISH_plus_cortex_svz_zeisel_sccortex_ref_shared10000/fold4/mode_a_split.json,repository/results/protocol_a_full_rerun_20260711/inputs/seqFISH_plus_cortex_svz_zeisel_sccortex_ref_shared10000/fold4/full_truth.npy,repository/results/protocol_a_full_rerun_20260711/baselines/TransImp/seqFISH_plus_cortex_svz_zeisel_sccortex_ref_shared10000/fold4/imputed_expression.npy,repository/results/protocol_a_full_rerun_20260711/baselines/TransImp/seqFISH_plus_cortex_svz_zeisel_sccortex_ref_shared10000/fold4/adapter_run_audit.json,archive/label_provenance/matched_labels/seqfish_plus_cortex_svz_matched_cell_types.csv,2000,1972,28,67,9,0.07688027618674137,0.8535024707819846,20,9,0,50,9,0
seqFISH+ cortex/SVZ,seqFISH_plus_cortex_svz_zeisel_sccortex_ref_shared10000,TransImp,raw_identity,4,Oligodendrocyte,41,872,seqFISH_plus_cortex_svz_zeisel_sccortex_ref_shared10000.fold4.TransImp,(mean_in-mean_out)/sqrt((var_in+var_out)/2),0,repository/results/protocol_a_full_rerun_20260711/inputs/seqFISH_plus_cortex_svz_zeisel_sccortex_ref_shared10000/fold4/mode_a_split.json,repository/results/protocol_a_full_rerun_20260711/inputs/seqFISH_plus_cortex_svz_zeisel_sccortex_ref_shared10000/fold4/full_truth.npy,repository/results/protocol_a_full_rerun_20260711/baselines/TransImp/seqFISH_plus_cortex_svz_zeisel_sccortex_ref_shared10000/fold4/imputed_expression.npy,repository/results/protocol_a_full_rerun_20260711/baselines/TransImp/seqFISH_plus_cortex_svz_zeisel_sccortex_ref_shared10000/fold4/adapter_run_audit.json,archive/label_provenance/matched_labels/seqfish_plus_cortex_svz_matched_cell_types.csv,2000,1972,28,1058,1097,0.2740854285211749,0.36455944181620159,20,20,6,50,50,21
seqFISH+ cortex/SVZ,seqFISH_plus_cortex_svz_zeisel_sccortex_ref_shared10000,SpaIM,raw_identity,4,Astrocyte,62,851,seqFISH_plus_cortex_svz_zeisel_sccortex_ref_shared10000.fold4.SpaIM,(mean_in-mean_out)/sqrt((var_in+var_out)/2),0,repository/results/protocol_a_full_rerun_20260711/inputs/seqFISH_plus_cortex_svz_zeisel_sccortex_ref_shared10000/fold4/mode_a_split.json,repository/results/protocol_a_full_rerun_20260711/inputs/seqFISH_plus_cortex_svz_zeisel_sccortex_ref_shared10000/fold4/full_truth.npy,repository/results/protocol_a_full_rerun_20260711/baselines/SpaIM/seqFISH_plus_cortex_svz_zeisel_sccortex_ref_shared10000/fold4/imputed_expression.npy,repository/results/protocol_a_full_rerun_20260711/baselines/SpaIM/seqFISH_plus_cortex_svz_zeisel_sccortex_ref_shared10000/fold4/adapter_run_audit.json,archive/label_provenance/matched_labels/seqfish_plus_cortex_svz_matched_cell_types.csv,2000,2000,0,1046,2000,0.14515992242348985,0.15993817844275801,20,20,6,50,50,18
seqFISH+ cortex/SVZ,seqFISH_plus_cortex_svz_zeisel_sccortex_ref_shared10000,SpaIM,raw_identity,4,Choroid Plexus,99,814,seqFISH_plus_cortex_svz_zeisel_sccortex_ref_shared10000.fold4.SpaIM,(mean_in-mean_out)/sqrt((var_in+var_out)/2),0,repository/results/protocol_a_full_rerun_20260711/inputs/seqFISH_plus_cortex_svz_zeisel_sccortex_ref_shared10000/fold4/mode_a_split.json,repository/results/protocol_a_full_rerun_20260711/inputs/seqFISH_plus_cortex_svz_zeisel_sccortex_ref_shared10000/fold4/full_truth.npy,repository/results/protocol_a_full_rerun_20260711/baselines/SpaIM/seqFISH_plus_cortex_svz_zeisel_sccortex_ref_shared10000/fold4/imputed_expression.npy,repository/results/protocol_a_full_rerun_20260711/baselines/SpaIM/seqFISH_plus_cortex_svz_zeisel_sccortex_ref_shared10000/fold4/adapter_run_audit.json,archive/label_provenance/matched_labels/seqfish_plus_cortex_svz_matched_cell_types.csv,2000,2000,0,746,45,0.1824595985850766,0.21004915197048524,20,20,3,50,45,6
seqFISH+ cortex/SVZ,seqFISH_plus_cortex_svz_zeisel_sccortex_ref_shared10000,SpaIM,raw_identity,4,Endothelial,68,845,seqFISH_plus_cortex_svz_zeisel_sccortex_ref_shared10000.fold4.SpaIM,(mean_in-mean_out)/sqrt((var_in+var_out)/2),0,repository/results/protocol_a_full_rerun_20260711/inputs/seqFISH_plus_cortex_svz_zeisel_sccortex_ref_shared10000/fold4/mode_a_split.json,repository/results/protocol_a_full_rerun_20260711/inputs/seqFISH_plus_cortex_svz_zeisel_sccortex_ref_shared10000/fold4/full_truth.npy,repository/results/protocol_a_full_rerun_20260711/baselines/SpaIM/seqFISH_plus_cortex_svz_zeisel_sccortex_ref_shared10000/fold4/imputed_expression.npy,repository/results/protocol_a_full_rerun_20260711/baselines/SpaIM/seqFISH_plus_cortex_svz_zeisel_sccortex_ref_shared10000/fold4/adapter_run_audit.json,archive/label_provenance/matched_labels/seqfish_plus_cortex_svz_matched_cell_types.csv,2000,2000,0,233,0,0.23598220523836197,0.68098645119489909,20,0,0,50,0,0
seqFISH+ cortex/SVZ,seqFISH_plus_cortex_svz_zeisel_sccortex_ref_shared10000,SpaIM,raw_identity,4,Ependymal,20,893,seqFISH_plus_cortex_svz_zeisel_sccortex_ref_shared10000.fold4.SpaIM,(mean_in-mean_out)/sqrt((var_in+var_out)/2),0,repository/results/protocol_a_full_rerun_20260711/inputs/seqFISH_plus_cortex_svz_zeisel_sccortex_ref_shared10000/fold4/mode_a_split.json,repository/results/protocol_a_full_rerun_20260711/inputs/seqFISH_plus_cortex_svz_zeisel_sccortex_ref_shared10000/fold4/full_truth.npy,repository/results/protocol_a_full_rerun_20260711/baselines/SpaIM/seqFISH_plus_cortex_svz_zeisel_sccortex_ref_shared10000/fold4/imputed_expression.npy,repository/results/protocol_a_full_rerun_20260711/baselines/SpaIM/seqFISH_plus_cortex_svz_zeisel_sccortex_ref_shared10000/fold4/adapter_run_audit.json,archive/label_provenance/matched_labels/seqfish_plus_cortex_svz_matched_cell_types.csv,2000,2000,0,226,0,0.0087213331477681427,0.93269029004474491,20,0,0,50,0,0
seqFISH+ cortex/SVZ,seqFISH_plus_cortex_svz_zeisel_sccortex_ref_shared10000,SpaIM,raw_identity,4,Excitatory neuron,337,576,seqFISH_plus_cortex_svz_zeisel_sccortex_ref_shared10000.fold4.SpaIM,(mean_in-mean_out)/sqrt((var_in+var_out)/2),0,repository/results/protocol_a_full_rerun_20260711/inputs/seqFISH_plus_cortex_svz_zeisel_sccortex_ref_shared10000/fold4/mode_a_split.json,repository/results/protocol_a_full_rerun_20260711/inputs/seqFISH_plus_cortex_svz_zeisel_sccortex_ref_shared10000/fold4/full_truth.npy,repository/results/protocol_a_full_rerun_20260711/baselines/SpaIM/seqFISH_plus_cortex_svz_zeisel_sccortex_ref_shared10000/fold4/imputed_expression.npy,repository/results/protocol_a_full_rerun_20260711/baselines/SpaIM/seqFISH_plus_cortex_svz_zeisel_sccortex_ref_shared10000/fold4/adapter_run_audit.json,archive/label_provenance/matched_labels/seqfish_plus_cortex_svz_matched_cell_types.csv,2000,2000,0,1923,2000,0.29812255263621512,1.2248830976448604,20,20,3,50,50,10
seqFISH+ cortex/SVZ,seqFISH_plus_cortex_svz_zeisel_sccortex_ref_shared10000,SpaIM,raw_identity,4,Interneuron,60,853,seqFISH_plus_cortex_svz_zeisel_sccortex_ref_shared10000.fold4.SpaIM,(mean_in-mean_out)/sqrt((var_in+var_out)/2),0,repository/results/protocol_a_full_rerun_20260711/inputs/seqFISH_plus_cortex_svz_zeisel_sccortex_ref_shared10000/fold4/mode_a_split.json,repository/results/protocol_a_full_rerun_20260711/inputs/seqFISH_plus_cortex_svz_zeisel_sccortex_ref_shared10000/fold4/full_truth.npy,repository/results/protocol_a_full_rerun_20260711/baselines/SpaIM/seqFISH_plus_cortex_svz_zeisel_sccortex_ref_shared10000/fold4/imputed_expression.npy,repository/results/protocol_a_full_rerun_20260711/baselines/SpaIM/seqFISH_plus_cortex_svz_zeisel_sccortex_ref_shared10000/fold4/adapter_run_audit.json,archive/label_provenance/matched_labels/seqfish_plus_cortex_svz_matched_cell_types.csv,2000,2000,0,1594,2000,0.23649809650130099,0.4802807035585463,20,20,5,50,50,16
seqFISH+ cortex/SVZ,seqFISH_plus_cortex_svz_zeisel_sccortex_ref_shared10000,SpaIM,raw_identity,4,Microglia,30,883,seqFISH_plus_cortex_svz_zeisel_sccortex_ref_shared10000.fold4.SpaIM,(mean_in-mean_out)/sqrt((var_in+var_out)/2),0,repository/results/protocol_a_full_rerun_20260711/inputs/seqFISH_plus_cortex_svz_zeisel_sccortex_ref_shared10000/fold4/mode_a_split.json,repository/results/protocol_a_full_rerun_20260711/inputs/seqFISH_plus_cortex_svz_zeisel_sccortex_ref_shared10000/fold4/full_truth.npy,repository/results/protocol_a_full_rerun_20260711/baselines/SpaIM/seqFISH_plus_cortex_svz_zeisel_sccortex_ref_shared10000/fold4/imputed_expression.npy,repository/results/protocol_a_full_rerun_20260711/baselines/SpaIM/seqFISH_plus_cortex_svz_zeisel_sccortex_ref_shared10000/fold4/adapter_run_audit.json,archive/label_provenance/matched_labels/seqfish_plus_cortex_svz_matched_cell_types.csv,2000,2000,0,239,0,0.022255261412766524,0.78679545549798491,20,0,0,50,0,0
seqFISH+ cortex/SVZ,seqFISH_plus_cortex_svz_zeisel_sccortex_ref_shared10000,SpaIM,raw_identity,4,Neural Stem,68,845,seqFISH_plus_cortex_svz_zeisel_sccortex_ref_shared10000.fold4.SpaIM,(mean_in-mean_out)/sqrt((var_in+var_out)/2),0,repository/results/protocol_a_full_rerun_20260711/inputs/seqFISH_plus_cortex_svz_zeisel_sccortex_ref_shared10000/fold4/mode_a_split.json,repository/results/protocol_a_full_rerun_20260711/inputs/seqFISH_plus_cortex_svz_zeisel_sccortex_ref_shared10000/fold4/full_truth.npy,repository/results/protocol_a_full_rerun_20260711/baselines/SpaIM/seqFISH_plus_cortex_svz_zeisel_sccortex_ref_shared10000/fold4/imputed_expression.npy,repository/results/protocol_a_full_rerun_20260711/baselines/SpaIM/seqFISH_plus_cortex_svz_zeisel_sccortex_ref_shared10000/fold4/adapter_run_audit.json,archive/label_provenance/matched_labels/seqfish_plus_cortex_svz_matched_cell_types.csv,2000,2000,0,64,0,0.025520220991236086,0.94548212942364562,20,0,0,50,0,0
seqFISH+ cortex/SVZ,seqFISH_plus_cortex_svz_zeisel_sccortex_ref_shared10000,SpaIM,raw_identity,4,Neuroblast,128,785,seqFISH_plus_cortex_svz_zeisel_sccortex_ref_shared10000.fold4.SpaIM,(mean_in-mean_out)/sqrt((var_in+var_out)/2),0,repository/results/protocol_a_full_rerun_20260711/inputs/seqFISH_plus_cortex_svz_zeisel_sccortex_ref_shared10000/fold4/mode_a_split.json,repository/results/protocol_a_full_rerun_20260711/inputs/seqFISH_plus_cortex_svz_zeisel_sccortex_ref_shared10000/fold4/full_truth.npy,repository/results/protocol_a_full_rerun_20260711/baselines/SpaIM/seqFISH_plus_cortex_svz_zeisel_sccortex_ref_shared10000/fold4/imputed_expression.npy,repository/results/protocol_a_full_rerun_20260711/baselines/SpaIM/seqFISH_plus_cortex_svz_zeisel_sccortex_ref_shared10000/fold4/adapter_run_audit.json,archive/label_provenance/matched_labels/seqfish_plus_cortex_svz_matched_cell_types.csv,2000,2000,0,67,0,-0.041140674841946563,1.1615137962688089,20,0,0,50,0,0
seqFISH+ cortex/SVZ,seqFISH_plus_cortex_svz_zeisel_sccortex_ref_shared10000,SpaIM,raw_identity,4,Oligodendrocyte,41,872,seqFISH_plus_cortex_svz_zeisel_sccortex_ref_shared10000.fold4.SpaIM,(mean_in-mean_out)/sqrt((var_in+var_out)/2),0,repository/results/protocol_a_full_rerun_20260711/inputs/seqFISH_plus_cortex_svz_zeisel_sccortex_ref_shared10000/fold4/mode_a_split.json,repository/results/protocol_a_full_rerun_20260711/inputs/seqFISH_plus_cortex_svz_zeisel_sccortex_ref_shared10000/fold4/full_truth.npy,repository/results/protocol_a_full_rerun_20260711/baselines/SpaIM/seqFISH_plus_cortex_svz_zeisel_sccortex_ref_shared10000/fold4/imputed_expression.npy,repository/results/protocol_a_full_rerun_20260711/baselines/SpaIM/seqFISH_plus_cortex_svz_zeisel_sccortex_ref_shared10000/fold4/adapter_run_audit.json,archive/label_provenance/matched_labels/seqfish_plus_cortex_svz_matched_cell_types.csv,2000,2000,0,1073,2000,0.24791094737948949,0.29823649191122426,20,20,5,50,50,20
seqFISH+ cortex/SVZ,seqFISH_plus_cortex_svz_zeisel_sccortex_ref_shared10000,SpaGE,raw_identity,4,Astrocyte,62,851,seqFISH_plus_cortex_svz_zeisel_sccortex_ref_shared10000.fold4.SpaGE,(mean_in-mean_out)/sqrt((var_in+var_out)/2),0,repository/results/protocol_a_full_rerun_20260711/inputs/seqFISH_plus_cortex_svz_zeisel_sccortex_ref_shared10000/fold4/mode_a_split.json,repository/results/protocol_a_full_rerun_20260711/inputs/seqFISH_plus_cortex_svz_zeisel_sccortex_ref_shared10000/fold4/full_truth.npy,repository/results/protocol_a_full_rerun_20260711/baselines/SpaGE/seqFISH_plus_cortex_svz_zeisel_sccortex_ref_shared10000/fold4/imputed_expression.npy,repository/results/protocol_a_full_rerun_20260711/baselines/SpaGE/seqFISH_plus_cortex_svz_zeisel_sccortex_ref_shared10000/fold4/adapter_run_audit.json,archive/label_provenance/matched_labels/seqfish_plus_cortex_svz_matched_cell_types.csv,2000,1966,34,1034,653,0.18351085889441349,0.36691067541176331,20,20,9,50,50,16
seqFISH+ cortex/SVZ,seqFISH_plus_cortex_svz_zeisel_sccortex_ref_shared10000,SpaGE,raw_identity,4,Choroid Plexus,99,814,seqFISH_plus_cortex_svz_zeisel_sccortex_ref_shared10000.fold4.SpaGE,(mean_in-mean_out)/sqrt((var_in+var_out)/2),0,repository/results/protocol_a_full_rerun_20260711/inputs/seqFISH_plus_cortex_svz_zeisel_sccortex_ref_shared10000/fold4/mode_a_split.json,repository/results/protocol_a_full_rerun_20260711/inputs/seqFISH_plus_cortex_svz_zeisel_sccortex_ref_shared10000/fold4/full_truth.npy,repository/results/protocol_a_full_rerun_20260711/baselines/SpaGE/seqFISH_plus_cortex_svz_zeisel_sccortex_ref_shared10000/fold4/imputed_expression.npy,repository/results/protocol_a_full_rerun_20260711/baselines/SpaGE/seqFISH_plus_cortex_svz_zeisel_sccortex_ref_shared10000/fold4/adapter_run_audit.json,archive/label_provenance/matched_labels/seqfish_plus_cortex_svz_matched_cell_types.csv,2000,1966,34,730,668,0.29400939561140987,0.8573340004776181,20,20,0,50,50,5
seqFISH+ cortex/SVZ,seqFISH_plus_cortex_svz_zeisel_sccortex_ref_shared10000,SpaGE,raw_identity,4,Endothelial,68,845,seqFISH_plus_cortex_svz_zeisel_sccortex_ref_shared10000.fold4.SpaGE,(mean_in-mean_out)/sqrt((var_in+var_out)/2),0,repository/results/protocol_a_full_rerun_20260711/inputs/seqFISH_plus_cortex_svz_zeisel_sccortex_ref_shared10000/fold4/mode_a_split.json,repository/results/protocol_a_full_rerun_20260711/inputs/seqFISH_plus_cortex_svz_zeisel_sccortex_ref_shared10000/fold4/full_truth.npy,repository/results/protocol_a_full_rerun_20260711/baselines/SpaGE/seqFISH_plus_cortex_svz_zeisel_sccortex_ref_shared10000/fold4/imputed_expression.npy,repository/results/protocol_a_full_rerun_20260711/baselines/SpaGE/seqFISH_plus_cortex_svz_zeisel_sccortex_ref_shared10000/fold4/adapter_run_audit.json,archive/label_provenance/matched_labels/seqfish_plus_cortex_svz_matched_cell_types.csv,2000,1966,34,229,347,0.26219987716379367,0.75612088209218808,20,20,6,50,50,21
seqFISH+ cortex/SVZ,seqFISH_plus_cortex_svz_zeisel_sccortex_ref_shared10000,SpaGE,raw_identity,4,Ependymal,20,893,seqFISH_plus_cortex_svz_zeisel_sccortex_ref_shared10000.fold4.SpaGE,(mean_in-mean_out)/sqrt((var_in+var_out)/2),0,repository/results/protocol_a_full_rerun_20260711/inputs/seqFISH_plus_cortex_svz_zeisel_sccortex_ref_shared10000/fold4/mode_a_split.json,repository/results/protocol_a_full_rerun_20260711/inputs/seqFISH_plus_cortex_svz_zeisel_sccortex_ref_shared10000/fold4/full_truth.npy,repository/results/protocol_a_full_rerun_20260711/baselines/SpaGE/seqFISH_plus_cortex_svz_zeisel_sccortex_ref_shared10000/fold4/imputed_expression.npy,repository/results/protocol_a_full_rerun_20260711/baselines/SpaGE/seqFISH_plus_cortex_svz_zeisel_sccortex_ref_shared10000/fold4/adapter_run_audit.json,archive/label_provenance/matched_labels/seqfish_plus_cortex_svz_matched_cell_types.csv,2000,1966,34,220,201,0.11045765261329955,0.5833256407040921,20,20,0,50,50,0
seqFISH+ cortex/SVZ,seqFISH_plus_cortex_svz_zeisel_sccortex_ref_shared10000,SpaGE,raw_identity,4,Excitatory neuron,337,576,seqFISH_plus_cortex_svz_zeisel_sccortex_ref_shared10000.fold4.SpaGE,(mean_in-mean_out)/sqrt((var_in+var_out)/2),0,repository/results/protocol_a_full_rerun_20260711/inputs/seqFISH_plus_cortex_svz_zeisel_sccortex_ref_shared10000/fold4/mode_a_split.json,repository/results/protocol_a_full_rerun_20260711/inputs/seqFISH_plus_cortex_svz_zeisel_sccortex_ref_shared10000/fold4/full_truth.npy,repository/results/protocol_a_full_rerun_20260711/baselines/SpaGE/seqFISH_plus_cortex_svz_zeisel_sccortex_ref_shared10000/fold4/imputed_expression.npy,repository/results/protocol_a_full_rerun_20260711/baselines/SpaGE/seqFISH_plus_cortex_svz_zeisel_sccortex_ref_shared10000/fold4/adapter_run_audit.json,archive/label_provenance/matched_labels/seqfish_plus_cortex_svz_matched_cell_types.csv,2000,1966,34,1889,1376,0.4786219010347923,1.0118795985097941,20,20,7,50,50,23
seqFISH+ cortex/SVZ,seqFISH_plus_cortex_svz_zeisel_sccortex_ref_shared10000,SpaGE,raw_identity,4,Interneuron,60,853,seqFISH_plus_cortex_svz_zeisel_sccortex_ref_shared10000.fold4.SpaGE,(mean_in-mean_out)/sqrt((var_in+var_out)/2),0,repository/results/protocol_a_full_rerun_20260711/inputs/seqFISH_plus_cortex_svz_zeisel_sccortex_ref_shared10000/fold4/mode_a_split.json,repository/results/protocol_a_full_rerun_20260711/inputs/seqFISH_plus_cortex_svz_zeisel_sccortex_ref_shared10000/fold4/full_truth.npy,repository/results/protocol_a_full_rerun_20260711/baselines/SpaGE/seqFISH_plus_cortex_svz_zeisel_sccortex_ref_shared10000/fold4/imputed_expression.npy,repository/results/protocol_a_full_rerun_20260711/baselines/SpaGE/seqFISH_plus_cortex_svz_zeisel_sccortex_ref_shared10000/fold4/adapter_run_audit.json,archive/label_provenance/matched_labels/seqfish_plus_cortex_svz_matched_cell_types.csv,2000,1966,34,1565,1218,0.30194585534228569,0.63245487948049994,20,20,4,50,50,13
seqFISH+ cortex/SVZ,seqFISH_plus_cortex_svz_zeisel_sccortex_ref_shared10000,SpaGE,raw_identity,4,Microglia,30,883,seqFISH_plus_cortex_svz_zeisel_sccortex_ref_shared10000.fold4.SpaGE,(mean_in-mean_out)/sqrt((var_in+var_out)/2),0,repository/results/protocol_a_full_rerun_20260711/inputs/seqFISH_plus_cortex_svz_zeisel_sccortex_ref_shared10000/fold4/mode_a_split.json,repository/results/protocol_a_full_rerun_20260711/inputs/seqFISH_plus_cortex_svz_zeisel_sccortex_ref_shared10000/fold4/full_truth.npy,repository/results/protocol_a_full_rerun_20260711/baselines/SpaGE/seqFISH_plus_cortex_svz_zeisel_sccortex_ref_shared10000/fold4/imputed_expression.npy,repository/results/protocol_a_full_rerun_20260711/baselines/SpaGE/seqFISH_plus_cortex_svz_zeisel_sccortex_ref_shared10000/fold4/adapter_run_audit.json,archive/label_provenance/matched_labels/seqfish_plus_cortex_svz_matched_cell_types.csv,2000,1966,34,235,229,0.084363544572105223,0.52511504979178225,20,20,1,50,50,5
seqFISH+ cortex/SVZ,seqFISH_plus_cortex_svz_zeisel_sccortex_ref_shared10000,SpaGE,raw_identity,4,Neural Stem,68,845,seqFISH_plus_cortex_svz_zeisel_sccortex_ref_shared10000.fold4.SpaGE,(mean_in-mean_out)/sqrt((var_in+var_out)/2),0,repository/results/protocol_a_full_rerun_20260711/inputs/seqFISH_plus_cortex_svz_zeisel_sccortex_ref_shared10000/fold4/mode_a_split.json,repository/results/protocol_a_full_rerun_20260711/inputs/seqFISH_plus_cortex_svz_zeisel_sccortex_ref_shared10000/fold4/full_truth.npy,repository/results/protocol_a_full_rerun_20260711/baselines/SpaGE/seqFISH_plus_cortex_svz_zeisel_sccortex_ref_shared10000/fold4/imputed_expression.npy,repository/results/protocol_a_full_rerun_20260711/baselines/SpaGE/seqFISH_plus_cortex_svz_zeisel_sccortex_ref_shared10000/fold4/adapter_run_audit.json,archive/label_provenance/matched_labels/seqfish_plus_cortex_svz_matched_cell_types.csv,2000,1966,34,64,204,0.12955564873165004,0.50270251025422152,20,20,0,50,50,1
seqFISH+ cortex/SVZ,seqFISH_plus_cortex_svz_zeisel_sccortex_ref_shared10000,SpaGE,raw_identity,4,Neuroblast,128,785,seqFISH_plus_cortex_svz_zeisel_sccortex_ref_shared10000.fold4.SpaGE,(mean_in-mean_out)/sqrt((var_in+var_out)/2),0,repository/results/protocol_a_full_rerun_20260711/inputs/seqFISH_plus_cortex_svz_zeisel_sccortex_ref_shared10000/fold4/mode_a_split.json,repository/results/protocol_a_full_rerun_20260711/inputs/seqFISH_plus_cortex_svz_zeisel_sccortex_ref_shared10000/fold4/full_truth.npy,repository/results/protocol_a_full_rerun_20260711/baselines/SpaGE/seqFISH_plus_cortex_svz_zeisel_sccortex_ref_shared10000/fold4/imputed_expression.npy,repository/results/protocol_a_full_rerun_20260711/baselines/SpaGE/seqFISH_plus_cortex_svz_zeisel_sccortex_ref_shared10000/fold4/adapter_run_audit.json,archive/label_provenance/matched_labels/seqfish_plus_cortex_svz_matched_cell_types.csv,2000,1966,34,67,211,0.10261655543527309,0.69543631671268535,20,20,0,50,50,0
seqFISH+ cortex/SVZ,seqFISH_plus_cortex_svz_zeisel_sccortex_ref_shared10000,SpaGE,raw_identity,4,Oligodendrocyte,41,872,seqFISH_plus_cortex_svz_zeisel_sccortex_ref_shared10000.fold4.SpaGE,(mean_in-mean_out)/sqrt((var_in+var_out)/2),0,repository/results/protocol_a_full_rerun_20260711/inputs/seqFISH_plus_cortex_svz_zeisel_sccortex_ref_shared10000/fold4/mode_a_split.json,repository/results/protocol_a_full_rerun_20260711/inputs/seqFISH_plus_cortex_svz_zeisel_sccortex_ref_shared10000/fold4/full_truth.npy,repository/results/protocol_a_full_rerun_20260711/baselines/SpaGE/seqFISH_plus_cortex_svz_zeisel_sccortex_ref_shared10000/fold4/imputed_expression.npy,repository/results/protocol_a_full_rerun_20260711/baselines/SpaGE/seqFISH_plus_cortex_svz_zeisel_sccortex_ref_shared10000/fold4/adapter_run_audit.json,archive/label_provenance/matched_labels/seqfish_plus_cortex_svz_matched_cell_types.csv,2000,1966,34,1054,605,0.29791211292299818,0.6302474098756139,20,20,6,50,50,22
seqFISH+ cortex/SVZ,seqFISH_plus_cortex_svz_zeisel_sccortex_ref_shared10000,stPlus,raw_identity,4,Astrocyte,62,851,seqFISH_plus_cortex_svz_zeisel_sccortex_ref_shared10000.fold4.stPlus,(mean_in-mean_out)/sqrt((var_in+var_out)/2),0,repository/results/protocol_a_full_rerun_20260711/inputs/seqFISH_plus_cortex_svz_zeisel_sccortex_ref_shared10000/fold4/mode_a_split.json,repository/results/protocol_a_full_rerun_20260711/inputs/seqFISH_plus_cortex_svz_zeisel_sccortex_ref_shared10000/fold4/full_truth.npy,repository/results/protocol_a_full_rerun_20260711/baselines/stPlus/seqFISH_plus_cortex_svz_zeisel_sccortex_ref_shared10000/fold4/imputed_expression.npy,repository/results/protocol_a_full_rerun_20260711/baselines/stPlus/seqFISH_plus_cortex_svz_zeisel_sccortex_ref_shared10000/fold4/adapter_run_audit.json,archive/label_provenance/matched_labels/seqfish_plus_cortex_svz_matched_cell_types.csv,2000,1877,123,988,636,0.096976636655704135,0.22460490477272707,20,20,2,50,50,7
seqFISH+ cortex/SVZ,seqFISH_plus_cortex_svz_zeisel_sccortex_ref_shared10000,stPlus,raw_identity,4,Choroid Plexus,99,814,seqFISH_plus_cortex_svz_zeisel_sccortex_ref_shared10000.fold4.stPlus,(mean_in-mean_out)/sqrt((var_in+var_out)/2),0,repository/results/protocol_a_full_rerun_20260711/inputs/seqFISH_plus_cortex_svz_zeisel_sccortex_ref_shared10000/fold4/mode_a_split.json,repository/results/protocol_a_full_rerun_20260711/inputs/seqFISH_plus_cortex_svz_zeisel_sccortex_ref_shared10000/fold4/full_truth.npy,repository/results/protocol_a_full_rerun_20260711/baselines/stPlus/seqFISH_plus_cortex_svz_zeisel_sccortex_ref_shared10000/fold4/imputed_expression.npy,repository/results/protocol_a_full_rerun_20260711/baselines/stPlus/seqFISH_plus_cortex_svz_zeisel_sccortex_ref_shared10000/fold4/adapter_run_audit.json,archive/label_provenance/matched_labels/seqfish_plus_cortex_svz_matched_cell_types.csv,2000,1877,123,706,741,0.211573072005112,0.53489904441881897,20,20,2,50,50,12
seqFISH+ cortex/SVZ,seqFISH_plus_cortex_svz_zeisel_sccortex_ref_shared10000,stPlus,raw_identity,4,Endothelial,68,845,seqFISH_plus_cortex_svz_zeisel_sccortex_ref_shared10000.fold4.stPlus,(mean_in-mean_out)/sqrt((var_in+var_out)/2),0,repository/results/protocol_a_full_rerun_20260711/inputs/seqFISH_plus_cortex_svz_zeisel_sccortex_ref_shared10000/fold4/mode_a_split.json,repository/results/protocol_a_full_rerun_20260711/inputs/seqFISH_plus_cortex_svz_zeisel_sccortex_ref_shared10000/fold4/full_truth.npy,repository/results/protocol_a_full_rerun_20260711/baselines/stPlus/seqFISH_plus_cortex_svz_zeisel_sccortex_ref_shared10000/fold4/imputed_expression.npy,repository/results/protocol_a_full_rerun_20260711/baselines/stPlus/seqFISH_plus_cortex_svz_zeisel_sccortex_ref_shared10000/fold4/adapter_run_audit.json,archive/label_provenance/matched_labels/seqfish_plus_cortex_svz_matched_cell_types.csv,2000,1877,123,228,655,0.26456967875993675,0.83263966319787497,20,20,1,50,50,5
seqFISH+ cortex/SVZ,seqFISH_plus_cortex_svz_zeisel_sccortex_ref_shared10000,stPlus,raw_identity,4,Ependymal,20,893,seqFISH_plus_cortex_svz_zeisel_sccortex_ref_shared10000.fold4.stPlus,(mean_in-mean_out)/sqrt((var_in+var_out)/2),0,repository/results/protocol_a_full_rerun_20260711/inputs/seqFISH_plus_cortex_svz_zeisel_sccortex_ref_shared10000/fold4/mode_a_split.json,repository/results/protocol_a_full_rerun_20260711/inputs/seqFISH_plus_cortex_svz_zeisel_sccortex_ref_shared10000/fold4/full_truth.npy,repository/results/protocol_a_full_rerun_20260711/baselines/stPlus/seqFISH_plus_cortex_svz_zeisel_sccortex_ref_shared10000/fold4/imputed_expression.npy,repository/results/protocol_a_full_rerun_20260711/baselines/stPlus/seqFISH_plus_cortex_svz_zeisel_sccortex_ref_shared10000/fold4/adapter_run_audit.json,archive/label_provenance/matched_labels/seqfish_plus_cortex_svz_matched_cell_types.csv,2000,1877,123,207,581,0.11795642512569879,0.39560305796570849,20,20,0,50,50,0
seqFISH+ cortex/SVZ,seqFISH_plus_cortex_svz_zeisel_sccortex_ref_shared10000,stPlus,raw_identity,4,Excitatory neuron,337,576,seqFISH_plus_cortex_svz_zeisel_sccortex_ref_shared10000.fold4.stPlus,(mean_in-mean_out)/sqrt((var_in+var_out)/2),0,repository/results/protocol_a_full_rerun_20260711/inputs/seqFISH_plus_cortex_svz_zeisel_sccortex_ref_shared10000/fold4/mode_a_split.json,repository/results/protocol_a_full_rerun_20260711/inputs/seqFISH_plus_cortex_svz_zeisel_sccortex_ref_shared10000/fold4/full_truth.npy,repository/results/protocol_a_full_rerun_20260711/baselines/stPlus/seqFISH_plus_cortex_svz_zeisel_sccortex_ref_shared10000/fold4/imputed_expression.npy,repository/results/protocol_a_full_rerun_20260711/baselines/stPlus/seqFISH_plus_cortex_svz_zeisel_sccortex_ref_shared10000/fold4/adapter_run_audit.json,archive/label_provenance/matched_labels/seqfish_plus_cortex_svz_matched_cell_types.csv,2000,1877,123,1800,1183,0.43155871245041233,0.90332386383945595,20,20,0,50,50,0
seqFISH+ cortex/SVZ,seqFISH_plus_cortex_svz_zeisel_sccortex_ref_shared10000,stPlus,raw_identity,4,Interneuron,60,853,seqFISH_plus_cortex_svz_zeisel_sccortex_ref_shared10000.fold4.stPlus,(mean_in-mean_out)/sqrt((var_in+var_out)/2),0,repository/results/protocol_a_full_rerun_20260711/inputs/seqFISH_plus_cortex_svz_zeisel_sccortex_ref_shared10000/fold4/mode_a_split.json,repository/results/protocol_a_full_rerun_20260711/inputs/seqFISH_plus_cortex_svz_zeisel_sccortex_ref_shared10000/fold4/full_truth.npy,repository/results/protocol_a_full_rerun_20260711/baselines/stPlus/seqFISH_plus_cortex_svz_zeisel_sccortex_ref_shared10000/fold4/imputed_expression.npy,repository/results/protocol_a_full_rerun_20260711/baselines/stPlus/seqFISH_plus_cortex_svz_zeisel_sccortex_ref_shared10000/fold4/adapter_run_audit.json,archive/label_provenance/matched_labels/seqfish_plus_cortex_svz_matched_cell_types.csv,2000,1877,123,1488,1188,0.24314850102660376,0.5472817588020199,20,20,0,50,50,1
seqFISH+ cortex/SVZ,seqFISH_plus_cortex_svz_zeisel_sccortex_ref_shared10000,stPlus,raw_identity,4,Microglia,30,883,seqFISH_plus_cortex_svz_zeisel_sccortex_ref_shared10000.fold4.stPlus,(mean_in-mean_out)/sqrt((var_in+var_out)/2),0,repository/results/protocol_a_full_rerun_20260711/inputs/seqFISH_plus_cortex_svz_zeisel_sccortex_ref_shared10000/fold4/mode_a_split.json,repository/results/protocol_a_full_rerun_20260711/inputs/seqFISH_plus_cortex_svz_zeisel_sccortex_ref_shared10000/fold4/full_truth.npy,repository/results/protocol_a_full_rerun_20260711/baselines/stPlus/seqFISH_plus_cortex_svz_zeisel_sccortex_ref_shared10000/fold4/imputed_expression.npy,repository/results/protocol_a_full_rerun_20260711/baselines/stPlus/seqFISH_plus_cortex_svz_zeisel_sccortex_ref_shared10000/fold4/adapter_run_audit.json,archive/label_provenance/matched_labels/seqfish_plus_cortex_svz_matched_cell_types.csv,2000,1877,123,228,633,0.14265961699268201,0.49202637752201606,20,20,2,50,50,10
seqFISH+ cortex/SVZ,seqFISH_plus_cortex_svz_zeisel_sccortex_ref_shared10000,stPlus,raw_identity,4,Neural Stem,68,845,seqFISH_plus_cortex_svz_zeisel_sccortex_ref_shared10000.fold4.stPlus,(mean_in-mean_out)/sqrt((var_in+var_out)/2),0,repository/results/protocol_a_full_rerun_20260711/inputs/seqFISH_plus_cortex_svz_zeisel_sccortex_ref_shared10000/fold4/mode_a_split.json,repository/results/protocol_a_full_rerun_20260711/inputs/seqFISH_plus_cortex_svz_zeisel_sccortex_ref_shared10000/fold4/full_truth.npy,repository/results/protocol_a_full_rerun_20260711/baselines/stPlus/seqFISH_plus_cortex_svz_zeisel_sccortex_ref_shared10000/fold4/imputed_expression.npy,repository/results/protocol_a_full_rerun_20260711/baselines/stPlus/seqFISH_plus_cortex_svz_zeisel_sccortex_ref_shared10000/fold4/adapter_run_audit.json,archive/label_provenance/matched_labels/seqfish_plus_cortex_svz_matched_cell_types.csv,2000,1877,123,62,620,0.19632285238825828,0.67113126833517289,20,20,2,50,50,7
seqFISH+ cortex/SVZ,seqFISH_plus_cortex_svz_zeisel_sccortex_ref_shared10000,stPlus,raw_identity,4,Neuroblast,128,785,seqFISH_plus_cortex_svz_zeisel_sccortex_ref_shared10000.fold4.stPlus,(mean_in-mean_out)/sqrt((var_in+var_out)/2),0,repository/results/protocol_a_full_rerun_20260711/inputs/seqFISH_plus_cortex_svz_zeisel_sccortex_ref_shared10000/fold4/mode_a_split.json,repository/results/protocol_a_full_rerun_20260711/inputs/seqFISH_plus_cortex_svz_zeisel_sccortex_ref_shared10000/fold4/full_truth.npy,repository/results/protocol_a_full_rerun_20260711/baselines/stPlus/seqFISH_plus_cortex_svz_zeisel_sccortex_ref_shared10000/fold4/imputed_expression.npy,repository/results/protocol_a_full_rerun_20260711/baselines/stPlus/seqFISH_plus_cortex_svz_zeisel_sccortex_ref_shared10000/fold4/adapter_run_audit.json,archive/label_provenance/matched_labels/seqfish_plus_cortex_svz_matched_cell_types.csv,2000,1877,123,67,684,0.14904405664640419,0.45717860658041309,20,20,0,50,50,2
seqFISH+ cortex/SVZ,seqFISH_plus_cortex_svz_zeisel_sccortex_ref_shared10000,stPlus,raw_identity,4,Oligodendrocyte,41,872,seqFISH_plus_cortex_svz_zeisel_sccortex_ref_shared10000.fold4.stPlus,(mean_in-mean_out)/sqrt((var_in+var_out)/2),0,repository/results/protocol_a_full_rerun_20260711/inputs/seqFISH_plus_cortex_svz_zeisel_sccortex_ref_shared10000/fold4/mode_a_split.json,repository/results/protocol_a_full_rerun_20260711/inputs/seqFISH_plus_cortex_svz_zeisel_sccortex_ref_shared10000/fold4/full_truth.npy,repository/results/protocol_a_full_rerun_20260711/baselines/stPlus/seqFISH_plus_cortex_svz_zeisel_sccortex_ref_shared10000/fold4/imputed_expression.npy,repository/results/protocol_a_full_rerun_20260711/baselines/stPlus/seqFISH_plus_cortex_svz_zeisel_sccortex_ref_shared10000/fold4/adapter_run_audit.json,archive/label_provenance/matched_labels/seqfish_plus_cortex_svz_matched_cell_types.csv,2000,1877,123,1009,1216,0.034026916048439972,0.35635509637814861,20,20,0,50,50,1
seqFISH+ cortex/SVZ,seqFISH_plus_cortex_svz_zeisel_sccortex_ref_shared10000,stAI,raw_identity,4,Astrocyte,62,851,seqFISH_plus_cortex_svz_zeisel_sccortex_ref_shared10000.fold4.stAI,(mean_in-mean_out)/sqrt((var_in+var_out)/2),0,repository/results/protocol_a_full_rerun_20260711/inputs/seqFISH_plus_cortex_svz_zeisel_sccortex_ref_shared10000/fold4/mode_a_split.json,repository/results/protocol_a_full_rerun_20260711/inputs/seqFISH_plus_cortex_svz_zeisel_sccortex_ref_shared10000/fold4/full_truth.npy,repository/results/protocol_a_full_rerun_20260711/baselines/stAI/seqFISH_plus_cortex_svz_zeisel_sccortex_ref_shared10000/fold4/imputed_expression.npy,repository/results/protocol_a_full_rerun_20260711/baselines/stAI/seqFISH_plus_cortex_svz_zeisel_sccortex_ref_shared10000/fold4/adapter_run_audit.json,archive/label_provenance/matched_labels/seqfish_plus_cortex_svz_matched_cell_types.csv,2000,1924,76,1013,425,0.11184743232041344,0.29665983759387726,20,20,7,50,50,11
seqFISH+ cortex/SVZ,seqFISH_plus_cortex_svz_zeisel_sccortex_ref_shared10000,stAI,raw_identity,4,Choroid Plexus,99,814,seqFISH_plus_cortex_svz_zeisel_sccortex_ref_shared10000.fold4.stAI,(mean_in-mean_out)/sqrt((var_in+var_out)/2),0,repository/results/protocol_a_full_rerun_20260711/inputs/seqFISH_plus_cortex_svz_zeisel_sccortex_ref_shared10000/fold4/mode_a_split.json,repository/results/protocol_a_full_rerun_20260711/inputs/seqFISH_plus_cortex_svz_zeisel_sccortex_ref_shared10000/fold4/full_truth.npy,repository/results/protocol_a_full_rerun_20260711/baselines/stAI/seqFISH_plus_cortex_svz_zeisel_sccortex_ref_shared10000/fold4/imputed_expression.npy,repository/results/protocol_a_full_rerun_20260711/baselines/stAI/seqFISH_plus_cortex_svz_zeisel_sccortex_ref_shared10000/fold4/adapter_run_audit.json,archive/label_provenance/matched_labels/seqfish_plus_cortex_svz_matched_cell_types.csv,2000,1924,76,716,293,0.20094910579793593,0.6747207359817845,20,20,0,50,50,3
seqFISH+ cortex/SVZ,seqFISH_plus_cortex_svz_zeisel_sccortex_ref_shared10000,stAI,raw_identity,4,Endothelial,68,845,seqFISH_plus_cortex_svz_zeisel_sccortex_ref_shared10000.fold4.stAI,(mean_in-mean_out)/sqrt((var_in+var_out)/2),0,repository/results/protocol_a_full_rerun_20260711/inputs/seqFISH_plus_cortex_svz_zeisel_sccortex_ref_shared10000/fold4/mode_a_split.json,repository/results/protocol_a_full_rerun_20260711/inputs/seqFISH_plus_cortex_svz_zeisel_sccortex_ref_shared10000/fold4/full_truth.npy,repository/results/protocol_a_full_rerun_20260711/baselines/stAI/seqFISH_plus_cortex_svz_zeisel_sccortex_ref_shared10000/fold4/imputed_expression.npy,repository/results/protocol_a_full_rerun_20260711/baselines/stAI/seqFISH_plus_cortex_svz_zeisel_sccortex_ref_shared10000/fold4/adapter_run_audit.json,archive/label_provenance/matched_labels/seqfish_plus_cortex_svz_matched_cell_types.csv,2000,1924,76,228,221,0.21370175442436215,0.59275498208386734,20,20,0,50,50,10
seqFISH+ cortex/SVZ,seqFISH_plus_cortex_svz_zeisel_sccortex_ref_shared10000,stAI,raw_identity,4,Ependymal,20,893,seqFISH_plus_cortex_svz_zeisel_sccortex_ref_shared10000.fold4.stAI,(mean_in-mean_out)/sqrt((var_in+var_out)/2),0,repository/results/protocol_a_full_rerun_20260711/inputs/seqFISH_plus_cortex_svz_zeisel_sccortex_ref_shared10000/fold4/mode_a_split.json,repository/results/protocol_a_full_rerun_20260711/inputs/seqFISH_plus_cortex_svz_zeisel_sccortex_ref_shared10000/fold4/full_truth.npy,repository/results/protocol_a_full_rerun_20260711/baselines/stAI/seqFISH_plus_cortex_svz_zeisel_sccortex_ref_shared10000/fold4/imputed_expression.npy,repository/results/protocol_a_full_rerun_20260711/baselines/stAI/seqFISH_plus_cortex_svz_zeisel_sccortex_ref_shared10000/fold4/adapter_run_audit.json,archive/label_provenance/matched_labels/seqfish_plus_cortex_svz_matched_cell_types.csv,2000,1924,76,215,184,0.061058708398986063,0.52296117416696986,20,20,0,50,50,0
seqFISH+ cortex/SVZ,seqFISH_plus_cortex_svz_zeisel_sccortex_ref_shared10000,stAI,raw_identity,4,Excitatory neuron,337,576,seqFISH_plus_cortex_svz_zeisel_sccortex_ref_shared10000.fold4.stAI,(mean_in-mean_out)/sqrt((var_in+var_out)/2),0,repository/results/protocol_a_full_rerun_20260711/inputs/seqFISH_plus_cortex_svz_zeisel_sccortex_ref_shared10000/fold4/mode_a_split.json,repository/results/protocol_a_full_rerun_20260711/inputs/seqFISH_plus_cortex_svz_zeisel_sccortex_ref_shared10000/fold4/full_truth.npy,repository/results/protocol_a_full_rerun_20260711/baselines/stAI/seqFISH_plus_cortex_svz_zeisel_sccortex_ref_shared10000/fold4/imputed_expression.npy,repository/results/protocol_a_full_rerun_20260711/baselines/stAI/seqFISH_plus_cortex_svz_zeisel_sccortex_ref_shared10000/fold4/adapter_run_audit.json,archive/label_provenance/matched_labels/seqfish_plus_cortex_svz_matched_cell_types.csv,2000,1924,76,1847,1717,0.35786467245470366,0.80609559341356229,20,20,0,50,50,4
seqFISH+ cortex/SVZ,seqFISH_plus_cortex_svz_zeisel_sccortex_ref_shared10000,stAI,raw_identity,4,Interneuron,60,853,seqFISH_plus_cortex_svz_zeisel_sccortex_ref_shared10000.fold4.stAI,(mean_in-mean_out)/sqrt((var_in+var_out)/2),0,repository/results/protocol_a_full_rerun_20260711/inputs/seqFISH_plus_cortex_svz_zeisel_sccortex_ref_shared10000/fold4/mode_a_split.json,repository/results/protocol_a_full_rerun_20260711/inputs/seqFISH_plus_cortex_svz_zeisel_sccortex_ref_shared10000/fold4/full_truth.npy,repository/results/protocol_a_full_rerun_20260711/baselines/stAI/seqFISH_plus_cortex_svz_zeisel_sccortex_ref_shared10000/fold4/imputed_expression.npy,repository/results/protocol_a_full_rerun_20260711/baselines/stAI/seqFISH_plus_cortex_svz_zeisel_sccortex_ref_shared10000/fold4/adapter_run_audit.json,archive/label_provenance/matched_labels/seqfish_plus_cortex_svz_matched_cell_types.csv,2000,1924,76,1530,1610,0.095125515213855483,0.29495614631654998,20,20,3,50,50,6
seqFISH+ cortex/SVZ,seqFISH_plus_cortex_svz_zeisel_sccortex_ref_shared10000,stAI,raw_identity,4,Microglia,30,883,seqFISH_plus_cortex_svz_zeisel_sccortex_ref_shared10000.fold4.stAI,(mean_in-mean_out)/sqrt((var_in+var_out)/2),0,repository/results/protocol_a_full_rerun_20260711/inputs/seqFISH_plus_cortex_svz_zeisel_sccortex_ref_shared10000/fold4/mode_a_split.json,repository/results/protocol_a_full_rerun_20260711/inputs/seqFISH_plus_cortex_svz_zeisel_sccortex_ref_shared10000/fold4/full_truth.npy,repository/results/protocol_a_full_rerun_20260711/baselines/stAI/seqFISH_plus_cortex_svz_zeisel_sccortex_ref_shared10000/fold4/imputed_expression.npy,repository/results/protocol_a_full_rerun_20260711/baselines/stAI/seqFISH_plus_cortex_svz_zeisel_sccortex_ref_shared10000/fold4/adapter_run_audit.json,archive/label_provenance/matched_labels/seqfish_plus_cortex_svz_matched_cell_types.csv,2000,1924,76,232,192,0.069712544534944201,0.51478286691680653,20,20,2,50,50,2
seqFISH+ cortex/SVZ,seqFISH_plus_cortex_svz_zeisel_sccortex_ref_shared10000,stAI,raw_identity,4,Neural Stem,68,845,seqFISH_plus_cortex_svz_zeisel_sccortex_ref_shared10000.fold4.stAI,(mean_in-mean_out)/sqrt((var_in+var_out)/2),0,repository/results/protocol_a_full_rerun_20260711/inputs/seqFISH_plus_cortex_svz_zeisel_sccortex_ref_shared10000/fold4/mode_a_split.json,repository/results/protocol_a_full_rerun_20260711/inputs/seqFISH_plus_cortex_svz_zeisel_sccortex_ref_shared10000/fold4/full_truth.npy,repository/results/protocol_a_full_rerun_20260711/baselines/stAI/seqFISH_plus_cortex_svz_zeisel_sccortex_ref_shared10000/fold4/imputed_expression.npy,repository/results/protocol_a_full_rerun_20260711/baselines/stAI/seqFISH_plus_cortex_svz_zeisel_sccortex_ref_shared10000/fold4/adapter_run_audit.json,archive/label_provenance/matched_labels/seqfish_plus_cortex_svz_matched_cell_types.csv,2000,1924,76,64,187,0.03404432249403145,0.40720114182614187,20,20,0,50,50,0
seqFISH+ cortex/SVZ,seqFISH_plus_cortex_svz_zeisel_sccortex_ref_shared10000,stAI,raw_identity,4,Neuroblast,128,785,seqFISH_plus_cortex_svz_zeisel_sccortex_ref_shared10000.fold4.stAI,(mean_in-mean_out)/sqrt((var_in+var_out)/2),0,repository/results/protocol_a_full_rerun_20260711/inputs/seqFISH_plus_cortex_svz_zeisel_sccortex_ref_shared10000/fold4/mode_a_split.json,repository/results/protocol_a_full_rerun_20260711/inputs/seqFISH_plus_cortex_svz_zeisel_sccortex_ref_shared10000/fold4/full_truth.npy,repository/results/protocol_a_full_rerun_20260711/baselines/stAI/seqFISH_plus_cortex_svz_zeisel_sccortex_ref_shared10000/fold4/imputed_expression.npy,repository/results/protocol_a_full_rerun_20260711/baselines/stAI/seqFISH_plus_cortex_svz_zeisel_sccortex_ref_shared10000/fold4/adapter_run_audit.json,archive/label_provenance/matched_labels/seqfish_plus_cortex_svz_matched_cell_types.csv,2000,1924,76,66,166,0.030602661448532732,0.65735085293742967,20,20,0,50,50,0
seqFISH+ cortex/SVZ,seqFISH_plus_cortex_svz_zeisel_sccortex_ref_shared10000,stAI,raw_identity,4,Oligodendrocyte,41,872,seqFISH_plus_cortex_svz_zeisel_sccortex_ref_shared10000.fold4.stAI,(mean_in-mean_out)/sqrt((var_in+var_out)/2),0,repository/results/protocol_a_full_rerun_20260711/inputs/seqFISH_plus_cortex_svz_zeisel_sccortex_ref_shared10000/fold4/mode_a_split.json,repository/results/protocol_a_full_rerun_20260711/inputs/seqFISH_plus_cortex_svz_zeisel_sccortex_ref_shared10000/fold4/full_truth.npy,repository/results/protocol_a_full_rerun_20260711/baselines/stAI/seqFISH_plus_cortex_svz_zeisel_sccortex_ref_shared10000/fold4/imputed_expression.npy,repository/results/protocol_a_full_rerun_20260711/baselines/stAI/seqFISH_plus_cortex_svz_zeisel_sccortex_ref_shared10000/fold4/adapter_run_audit.json,archive/label_provenance/matched_labels/seqfish_plus_cortex_svz_matched_cell_types.csv,2000,1924,76,1032,666,0.28383689962911701,0.46551587273334816,20,20,6,50,50,14
