task,method,dataset,dataset_id,role,fold,protocol,status,returncode,command,adapter_sha256,config_sha256,input_sha256,frozen_split_sha256,train_mask_sha256,val_mask_sha256,test_mask_sha256,source_prediction_sha256,compact_prediction_path,compact_prediction_sha256,shape,finite,complete_test_coverage,fallback_used,fallback_policy,adapter_audit_source_sha256
SpaGE__Cell2location_mouse_brain_ST8059048_shared12819__fold0,SpaGE,Cell2location,Cell2location_mouse_brain_ST8059048_shared12819,Primary,0,A,completed,0,"[""python"",""${REPOSITORY_ROOT}/baseline/SpaGE/run_spage_mhpr_fold_from_split.py"",""--locations-path"",""${ARCHIVE_ROOT}/processed_datasets/primary/Cell2location_mouse_brain_ST8059048_shared12819/Locations.txt"",""--st-data"",""${ARCHIVE_ROOT}/processed_datasets/primary/Cell2location_mouse_brain_ST8059048_shared12819/Spatial_count.txt"",""--sc-data"",""${ARCHIVE_ROOT}/processed_datasets/primary/Cell2location_mouse_brain_ST8059048_shared12819/scRNA_count.txt"",""--gene-split-json"",""${FORMAL_RUN_ROOT}/inputs/Cell2location_mouse_brain_ST8059048_shared12819/fold0/mode_a_split.json"",""--train-gene-idx-path"",""${ARCHIVE_ROOT}/frozen_splits/primary/Cell2location_mouse_brain_ST8059048_shared12819/gene_index_masks/fold0_train_gene_idx.npy"",""--val-gene-idx-path"",""${ARCHIVE_ROOT}/frozen_splits/primary/Cell2location_mouse_brain_ST8059048_shared12819/gene_index_masks/fold0_val_gene_idx.npy"",""--test-gene-idx-path"",""${ARCHIVE_ROOT}/frozen_splits/primary/Cell2location_mouse_brain_ST8059048_shared12819/gene_index_masks/fold0_test_gene_idx.npy"",""--model-gene-scope"",""train_indices"",""--output-dir"",""${FORMAL_RUN_ROOT}/baselines/SpaGE/Cell2location_mouse_brain_ST8059048_shared12819/fold0"",""--skip-adapter-metrics""]",53a620ea84e728f17a1776612e4ee8680c64e7e2fa28668e60ef19dca6fab781,33553a6394a306c3f5a03dc99a3b6cdf27e9a7bd56202fe730d3c466d2f9b3d5,8c7cf0f2cef7bfae57f2bd3846bc527a3dba2429ce561d51522497f07b5bc4e8,beb942b57e04f728580ccf6e584d0e9a51c978cb1123faea34506275bdb95999,8be16e884c5f68f03a6fb475dc8299852e76f195ca05fb177189a01317f510ed,33ac1c5e8b36e2610ec33736f195b6999892ed5d10145c5f34ac647d4f36fcb4,42132cf916c0a08eee0ac52bb15ddbae937f039dad0d804ddf1b9dd549a97cd8,270181100ba13770de0acc2ce3e07fc2c9934804a4d8a563b55835a2cb82e55f,prediction_matrices/Cell2location_mouse_brain_ST8059048_shared12819/SpaGE/fold0/prediction.npz,b567d9f5adc9b1d68c433462c18166961b8da8af1280ec903fe49368d5addea8,"[2987,2564]",True,True,False,"{""policy"":""disabled"",""used"":false}",2ca510f533999172b14ced9772456328645dad6dc0a198ba0b588b8dd705d761
SpaGE__Cell2location_mouse_brain_ST8059048_shared12819__fold1,SpaGE,Cell2location,Cell2location_mouse_brain_ST8059048_shared12819,Primary,1,A,completed,0,"[""python"",""${REPOSITORY_ROOT}/baseline/SpaGE/run_spage_mhpr_fold_from_split.py"",""--locations-path"",""${ARCHIVE_ROOT}/processed_datasets/primary/Cell2location_mouse_brain_ST8059048_shared12819/Locations.txt"",""--st-data"",""${ARCHIVE_ROOT}/processed_datasets/primary/Cell2location_mouse_brain_ST8059048_shared12819/Spatial_count.txt"",""--sc-data"",""${ARCHIVE_ROOT}/processed_datasets/primary/Cell2location_mouse_brain_ST8059048_shared12819/scRNA_count.txt"",""--gene-split-json"",""${FORMAL_RUN_ROOT}/inputs/Cell2location_mouse_brain_ST8059048_shared12819/fold1/mode_a_split.json"",""--train-gene-idx-path"",""${ARCHIVE_ROOT}/frozen_splits/primary/Cell2location_mouse_brain_ST8059048_shared12819/gene_index_masks/fold1_train_gene_idx.npy"",""--val-gene-idx-path"",""${ARCHIVE_ROOT}/frozen_splits/primary/Cell2location_mouse_brain_ST8059048_shared12819/gene_index_masks/fold1_val_gene_idx.npy"",""--test-gene-idx-path"",""${ARCHIVE_ROOT}/frozen_splits/primary/Cell2location_mouse_brain_ST8059048_shared12819/gene_index_masks/fold1_test_gene_idx.npy"",""--model-gene-scope"",""train_indices"",""--output-dir"",""${FORMAL_RUN_ROOT}/baselines/SpaGE/Cell2location_mouse_brain_ST8059048_shared12819/fold1"",""--skip-adapter-metrics""]",53a620ea84e728f17a1776612e4ee8680c64e7e2fa28668e60ef19dca6fab781,33553a6394a306c3f5a03dc99a3b6cdf27e9a7bd56202fe730d3c466d2f9b3d5,a9fcfe791fd491ec4358a0a5ee4901c6c010b3a8eb9a11ee30b06d87c9c3982c,0ff2bfa6a65f9e83e52a8633dfedaa8721c7dd857b0ea23ed7c37b79be869435,f6dca5be5a6b3cb7e9e4aa5929f525a7647889689a628bd343be7b52871e6541,3be41559f2cc15da3c7c65c9638c12bd53309ca07291f9c628802d4009a9fb2e,c93d5ceafd8a0113441c5b57ba7410060f22ab7eb635b1b4baf6890b8402eb81,bd4ab820e25f10d0f37695c1d9cbf9db67af2c06f75ef33369aefa586f30af4f,prediction_matrices/Cell2location_mouse_brain_ST8059048_shared12819/SpaGE/fold1/prediction.npz,fa405c9a1361342609c3799a94776e337ab30448ca30a537882cd3632be88507,"[2987,2564]",True,True,False,"{""policy"":""disabled"",""used"":false}",0d980aa00107b3b990c938ff6f2368d173d3023b2deb5e9446352f6dccef05a2
SpaGE__Cell2location_mouse_brain_ST8059048_shared12819__fold2,SpaGE,Cell2location,Cell2location_mouse_brain_ST8059048_shared12819,Primary,2,A,completed,0,"[""python"",""${REPOSITORY_ROOT}/baseline/SpaGE/run_spage_mhpr_fold_from_split.py"",""--locations-path"",""${ARCHIVE_ROOT}/processed_datasets/primary/Cell2location_mouse_brain_ST8059048_shared12819/Locations.txt"",""--st-data"",""${ARCHIVE_ROOT}/processed_datasets/primary/Cell2location_mouse_brain_ST8059048_shared12819/Spatial_count.txt"",""--sc-data"",""${ARCHIVE_ROOT}/processed_datasets/primary/Cell2location_mouse_brain_ST8059048_shared12819/scRNA_count.txt"",""--gene-split-json"",""${FORMAL_RUN_ROOT}/inputs/Cell2location_mouse_brain_ST8059048_shared12819/fold2/mode_a_split.json"",""--train-gene-idx-path"",""${ARCHIVE_ROOT}/frozen_splits/primary/Cell2location_mouse_brain_ST8059048_shared12819/gene_index_masks/fold2_train_gene_idx.npy"",""--val-gene-idx-path"",""${ARCHIVE_ROOT}/frozen_splits/primary/Cell2location_mouse_brain_ST8059048_shared12819/gene_index_masks/fold2_val_gene_idx.npy"",""--test-gene-idx-path"",""${ARCHIVE_ROOT}/frozen_splits/primary/Cell2location_mouse_brain_ST8059048_shared12819/gene_index_masks/fold2_test_gene_idx.npy"",""--model-gene-scope"",""train_indices"",""--output-dir"",""${FORMAL_RUN_ROOT}/baselines/SpaGE/Cell2location_mouse_brain_ST8059048_shared12819/fold2"",""--skip-adapter-metrics""]",53a620ea84e728f17a1776612e4ee8680c64e7e2fa28668e60ef19dca6fab781,33553a6394a306c3f5a03dc99a3b6cdf27e9a7bd56202fe730d3c466d2f9b3d5,819a27cbe0214bd4181e39e5f0a15edf6ff6cb633d68febb389e0b1df9681788,eefeca3f31c91967f8ecb2d8afa5e2b990aff18fd97bee4ff8d4eacb1becc0cb,3b1d1818321bb1aad27509a350d0d0f4236b98ab1907a6ae09ecca0423d2259b,7721049aa7985f166194f9815e2072dcc66d56def574ce6922057026da582c1c,388b0c2f32a30a09cd51e187b80065e4362646d4a53ba443db77cbf7f93849fe,fef115bccb36d31d626b217057ab6abe7e412b9b214325baf5886d856a4637aa,prediction_matrices/Cell2location_mouse_brain_ST8059048_shared12819/SpaGE/fold2/prediction.npz,9d9e310c77c27396ca8a3e82882ec1ea5456f05fa5f33d1cb81048af11cf4ace,"[2987,2564]",True,True,False,"{""policy"":""disabled"",""used"":false}",0feda153f193b7008d83ea54d7ed93963afd548abff9d5b5d6c679ca81bef820
SpaGE__Cell2location_mouse_brain_ST8059048_shared12819__fold3,SpaGE,Cell2location,Cell2location_mouse_brain_ST8059048_shared12819,Primary,3,A,completed,0,"[""python"",""${REPOSITORY_ROOT}/baseline/SpaGE/run_spage_mhpr_fold_from_split.py"",""--locations-path"",""${ARCHIVE_ROOT}/processed_datasets/primary/Cell2location_mouse_brain_ST8059048_shared12819/Locations.txt"",""--st-data"",""${ARCHIVE_ROOT}/processed_datasets/primary/Cell2location_mouse_brain_ST8059048_shared12819/Spatial_count.txt"",""--sc-data"",""${ARCHIVE_ROOT}/processed_datasets/primary/Cell2location_mouse_brain_ST8059048_shared12819/scRNA_count.txt"",""--gene-split-json"",""${FORMAL_RUN_ROOT}/inputs/Cell2location_mouse_brain_ST8059048_shared12819/fold3/mode_a_split.json"",""--train-gene-idx-path"",""${ARCHIVE_ROOT}/frozen_splits/primary/Cell2location_mouse_brain_ST8059048_shared12819/gene_index_masks/fold3_train_gene_idx.npy"",""--val-gene-idx-path"",""${ARCHIVE_ROOT}/frozen_splits/primary/Cell2location_mouse_brain_ST8059048_shared12819/gene_index_masks/fold3_val_gene_idx.npy"",""--test-gene-idx-path"",""${ARCHIVE_ROOT}/frozen_splits/primary/Cell2location_mouse_brain_ST8059048_shared12819/gene_index_masks/fold3_test_gene_idx.npy"",""--model-gene-scope"",""train_indices"",""--output-dir"",""${FORMAL_RUN_ROOT}/baselines/SpaGE/Cell2location_mouse_brain_ST8059048_shared12819/fold3"",""--skip-adapter-metrics""]",53a620ea84e728f17a1776612e4ee8680c64e7e2fa28668e60ef19dca6fab781,33553a6394a306c3f5a03dc99a3b6cdf27e9a7bd56202fe730d3c466d2f9b3d5,9d4ebd250b1cda6ffbcbb2b29f1a5fe0f0980335235d843caac9acc18f982fef,c7bebc9fe0284c3c385d44872385f244da718a70f8cdf397c5247d8fbe1f010c,64626541e38ccc7934d048bf78aca7d206cedec5c245492d4a4e9f90d279bd51,087c62d320d0fc959472bab977f31c2ad218ecd12a29a42774d0da150fee820e,bf93b7e05806eb237fb160017302819f4014b724aa0cf5cc93b97e6126b7c19d,4f231f489fe660a2eef1c59d2eac81085f0a0153dc39a23291699a9143037ef4,prediction_matrices/Cell2location_mouse_brain_ST8059048_shared12819/SpaGE/fold3/prediction.npz,8a68f31eedd8d2128bdc19d22329a0d7ced56092f092aecff4d9276089ccca27,"[2987,2564]",True,True,False,"{""policy"":""disabled"",""used"":false}",25ecdb9029a92253aa7320a6016a1b2a067286a0ab0170a50a8f11f2cf10f4bb
SpaGE__Cell2location_mouse_brain_ST8059048_shared12819__fold4,SpaGE,Cell2location,Cell2location_mouse_brain_ST8059048_shared12819,Primary,4,A,completed,0,"[""python"",""${REPOSITORY_ROOT}/baseline/SpaGE/run_spage_mhpr_fold_from_split.py"",""--locations-path"",""${ARCHIVE_ROOT}/processed_datasets/primary/Cell2location_mouse_brain_ST8059048_shared12819/Locations.txt"",""--st-data"",""${ARCHIVE_ROOT}/processed_datasets/primary/Cell2location_mouse_brain_ST8059048_shared12819/Spatial_count.txt"",""--sc-data"",""${ARCHIVE_ROOT}/processed_datasets/primary/Cell2location_mouse_brain_ST8059048_shared12819/scRNA_count.txt"",""--gene-split-json"",""${FORMAL_RUN_ROOT}/inputs/Cell2location_mouse_brain_ST8059048_shared12819/fold4/mode_a_split.json"",""--train-gene-idx-path"",""${ARCHIVE_ROOT}/frozen_splits/primary/Cell2location_mouse_brain_ST8059048_shared12819/gene_index_masks/fold4_train_gene_idx.npy"",""--val-gene-idx-path"",""${ARCHIVE_ROOT}/frozen_splits/primary/Cell2location_mouse_brain_ST8059048_shared12819/gene_index_masks/fold4_val_gene_idx.npy"",""--test-gene-idx-path"",""${ARCHIVE_ROOT}/frozen_splits/primary/Cell2location_mouse_brain_ST8059048_shared12819/gene_index_masks/fold4_test_gene_idx.npy"",""--model-gene-scope"",""train_indices"",""--output-dir"",""${FORMAL_RUN_ROOT}/baselines/SpaGE/Cell2location_mouse_brain_ST8059048_shared12819/fold4"",""--skip-adapter-metrics""]",53a620ea84e728f17a1776612e4ee8680c64e7e2fa28668e60ef19dca6fab781,33553a6394a306c3f5a03dc99a3b6cdf27e9a7bd56202fe730d3c466d2f9b3d5,f3f8a6437f43a07906d1664c0aee3bb44e3e6880b56b293a9988889281f03a28,6466cbcee4a1936f8dbb07a0960d6d76f25aa44542edc491134ce7eec5ef37f1,cbfd99ddf09fc04cdd459900188deebf6aa01fb6772593727f2ff5fc584e637c,c7b76f6a2f506710a748a0a3a82d9f5a0cda55969fbdb712f1aa6fc562c45645,9e94e2499f4429b3086b9be011fd8b5ba1762f33507e11202bd4d64e0ae69f73,dd3d22c93c7ef5c6bca892ffdb755a5acb5e772ee60bad497eeff02110400b48,prediction_matrices/Cell2location_mouse_brain_ST8059048_shared12819/SpaGE/fold4/prediction.npz,2dd9e138af1c42d74a9964c1ab0700c1621bc714d4880488cef67d9ab0563c4c,"[2987,2563]",True,True,False,"{""policy"":""disabled"",""used"":false}",99b5787554b15c9c7977934bcc2ee4737c63aada93b8f473fdf0558e473c3eb7
SpaGE__HBC_shared16112__fold0,SpaGE,HBC,HBC_shared16112,Primary,0,A,completed,0,"[""python"",""${REPOSITORY_ROOT}/baseline/SpaGE/run_spage_mhpr_fold_from_split.py"",""--locations-path"",""${ARCHIVE_ROOT}/processed_datasets/primary/HBC_shared16112/Locations.txt"",""--st-data"",""${ARCHIVE_ROOT}/processed_datasets/primary/HBC_shared16112/Spatial_count.txt"",""--sc-data"",""${ARCHIVE_ROOT}/processed_datasets/primary/HBC_shared16112/scRNA_count.txt"",""--gene-split-json"",""${FORMAL_RUN_ROOT}/inputs/HBC_shared16112/fold0/mode_a_split.json"",""--train-gene-idx-path"",""${ARCHIVE_ROOT}/frozen_splits/primary/HBC_shared16112/gene_index_masks/fold0_train_gene_idx.npy"",""--val-gene-idx-path"",""${ARCHIVE_ROOT}/frozen_splits/primary/HBC_shared16112/gene_index_masks/fold0_val_gene_idx.npy"",""--test-gene-idx-path"",""${ARCHIVE_ROOT}/frozen_splits/primary/HBC_shared16112/gene_index_masks/fold0_test_gene_idx.npy"",""--model-gene-scope"",""train_indices"",""--output-dir"",""${FORMAL_RUN_ROOT}/baselines/SpaGE/HBC_shared16112/fold0"",""--skip-adapter-metrics""]",53a620ea84e728f17a1776612e4ee8680c64e7e2fa28668e60ef19dca6fab781,33553a6394a306c3f5a03dc99a3b6cdf27e9a7bd56202fe730d3c466d2f9b3d5,0e0f26aae7890412c874fec53e7b273bd0d4e46909eb9e1b4b88e1dc1a04c319,4ce4847e775e2d24b06c749fb149a6aaa2de40942e4a9f3777be9f3abb032977,ef83fab615edb32ce9bdae91286943e023e38ae1f7e97b8d48274757fb37f562,76af4f9935024e2ac1fd6186c7e99cf5c01d56ca5fcc023d47497d9581c10874,a3f4969b2064f41c0446caa29c91b0a0bd97fba5a7bb664ac4176083afeb2f85,af61c0e76218be435aaf0aaebb095a0c792a8b9d738bd52a7f1db1a21b0e84e5,prediction_matrices/HBC_shared16112/SpaGE/fold0/prediction.npz,375f45a8bcfd15c2285c3576031389b11c7309098f26fe303f063dfe3bf9a698,"[4784,3223]",True,True,False,"{""policy"":""disabled"",""used"":false}",ec6a24d885ecbe6519b37529a1502b1491714432d58669bf2f7374fc6a4e4c38
SpaGE__HBC_shared16112__fold1,SpaGE,HBC,HBC_shared16112,Primary,1,A,completed,0,"[""python"",""${REPOSITORY_ROOT}/baseline/SpaGE/run_spage_mhpr_fold_from_split.py"",""--locations-path"",""${ARCHIVE_ROOT}/processed_datasets/primary/HBC_shared16112/Locations.txt"",""--st-data"",""${ARCHIVE_ROOT}/processed_datasets/primary/HBC_shared16112/Spatial_count.txt"",""--sc-data"",""${ARCHIVE_ROOT}/processed_datasets/primary/HBC_shared16112/scRNA_count.txt"",""--gene-split-json"",""${FORMAL_RUN_ROOT}/inputs/HBC_shared16112/fold1/mode_a_split.json"",""--train-gene-idx-path"",""${ARCHIVE_ROOT}/frozen_splits/primary/HBC_shared16112/gene_index_masks/fold1_train_gene_idx.npy"",""--val-gene-idx-path"",""${ARCHIVE_ROOT}/frozen_splits/primary/HBC_shared16112/gene_index_masks/fold1_val_gene_idx.npy"",""--test-gene-idx-path"",""${ARCHIVE_ROOT}/frozen_splits/primary/HBC_shared16112/gene_index_masks/fold1_test_gene_idx.npy"",""--model-gene-scope"",""train_indices"",""--output-dir"",""${FORMAL_RUN_ROOT}/baselines/SpaGE/HBC_shared16112/fold1"",""--skip-adapter-metrics""]",53a620ea84e728f17a1776612e4ee8680c64e7e2fa28668e60ef19dca6fab781,33553a6394a306c3f5a03dc99a3b6cdf27e9a7bd56202fe730d3c466d2f9b3d5,71f97ec07a1af8c1e9452b99db6b09896c76912c566cef2b722885ba7fd8ba68,f6691162c498f3137b20fa905f242e3aef94af9baae454a9ea793484f2681761,6e62bbad175f2aaa6df1e9bb647e7adcdeadc72591877ab28245dcbff0363b30,a360b611bda06d9e4cc17925d9e0e1215cdc6989f2b6546ba1020b48ff8867a4,89d348c106fe410e5bd6f85aff16a978bd38b4406b96ed490b0f54c877a22d06,3e4e977abb973f58bfd9ec3fbfb09234266a49660c8f7e9fc6ad23d27847dbf1,prediction_matrices/HBC_shared16112/SpaGE/fold1/prediction.npz,385521bfd4b0e11567875b8a7276b8628cac1606a07092845b07c306a274831b,"[4784,3223]",True,True,False,"{""policy"":""disabled"",""used"":false}",340af388c4b0b5cb71c71e0b2795af480cbadb193c977f5064ac35f65afade8a
SpaGE__HBC_shared16112__fold2,SpaGE,HBC,HBC_shared16112,Primary,2,A,completed,0,"[""python"",""${REPOSITORY_ROOT}/baseline/SpaGE/run_spage_mhpr_fold_from_split.py"",""--locations-path"",""${ARCHIVE_ROOT}/processed_datasets/primary/HBC_shared16112/Locations.txt"",""--st-data"",""${ARCHIVE_ROOT}/processed_datasets/primary/HBC_shared16112/Spatial_count.txt"",""--sc-data"",""${ARCHIVE_ROOT}/processed_datasets/primary/HBC_shared16112/scRNA_count.txt"",""--gene-split-json"",""${FORMAL_RUN_ROOT}/inputs/HBC_shared16112/fold2/mode_a_split.json"",""--train-gene-idx-path"",""${ARCHIVE_ROOT}/frozen_splits/primary/HBC_shared16112/gene_index_masks/fold2_train_gene_idx.npy"",""--val-gene-idx-path"",""${ARCHIVE_ROOT}/frozen_splits/primary/HBC_shared16112/gene_index_masks/fold2_val_gene_idx.npy"",""--test-gene-idx-path"",""${ARCHIVE_ROOT}/frozen_splits/primary/HBC_shared16112/gene_index_masks/fold2_test_gene_idx.npy"",""--model-gene-scope"",""train_indices"",""--output-dir"",""${FORMAL_RUN_ROOT}/baselines/SpaGE/HBC_shared16112/fold2"",""--skip-adapter-metrics""]",53a620ea84e728f17a1776612e4ee8680c64e7e2fa28668e60ef19dca6fab781,33553a6394a306c3f5a03dc99a3b6cdf27e9a7bd56202fe730d3c466d2f9b3d5,3151e7d7ecb1e6a766ccd9b8426b8cbd41bd28c195af49f220ada555888a0691,74e6b6d0a2308db90c59d08f6a9d95a2ea8ce510f160c4623ea4e6e171218d81,5615efb74616d0c80e8435991868790245143020fc88e691e677355667146182,cd66c3485da98b37730a74b6241945037566355ecfdb478262f3db6fd5fcd041,c3be12018dc6417829a992c180042316326aa1dee1f67df43376122d443c03dc,723702c07ec97937278cf0de51d06e006fd09132ac59048c15fe5f6f4845f6a8,prediction_matrices/HBC_shared16112/SpaGE/fold2/prediction.npz,dc2f67db4c2a89c97be38053d6f621446d763a62d8c45596ea15e11d06fbb3f5,"[4784,3222]",True,True,False,"{""policy"":""disabled"",""used"":false}",be3e563f509dc53c2c0a003f0e5bffcf9b1f848c282a14820d0dbc8b384f3223
SpaGE__HBC_shared16112__fold3,SpaGE,HBC,HBC_shared16112,Primary,3,A,completed,0,"[""python"",""${REPOSITORY_ROOT}/baseline/SpaGE/run_spage_mhpr_fold_from_split.py"",""--locations-path"",""${ARCHIVE_ROOT}/processed_datasets/primary/HBC_shared16112/Locations.txt"",""--st-data"",""${ARCHIVE_ROOT}/processed_datasets/primary/HBC_shared16112/Spatial_count.txt"",""--sc-data"",""${ARCHIVE_ROOT}/processed_datasets/primary/HBC_shared16112/scRNA_count.txt"",""--gene-split-json"",""${FORMAL_RUN_ROOT}/inputs/HBC_shared16112/fold3/mode_a_split.json"",""--train-gene-idx-path"",""${ARCHIVE_ROOT}/frozen_splits/primary/HBC_shared16112/gene_index_masks/fold3_train_gene_idx.npy"",""--val-gene-idx-path"",""${ARCHIVE_ROOT}/frozen_splits/primary/HBC_shared16112/gene_index_masks/fold3_val_gene_idx.npy"",""--test-gene-idx-path"",""${ARCHIVE_ROOT}/frozen_splits/primary/HBC_shared16112/gene_index_masks/fold3_test_gene_idx.npy"",""--model-gene-scope"",""train_indices"",""--output-dir"",""${FORMAL_RUN_ROOT}/baselines/SpaGE/HBC_shared16112/fold3"",""--skip-adapter-metrics""]",53a620ea84e728f17a1776612e4ee8680c64e7e2fa28668e60ef19dca6fab781,33553a6394a306c3f5a03dc99a3b6cdf27e9a7bd56202fe730d3c466d2f9b3d5,0bc2fa14bfd07f7ad42c99d9ccb5bc7256321890bdc7632941f7c77e84ea201a,4d37be4bb433e1eb64d48e016818fdb19d7bb9cd109378daea424cafe05d95c8,9c7f0f0dfe9faea0e5c51061770d4b0f803b1cf356e515f5c0a80da7b27fd241,8087243cdb7b39691bdcc01fc15801c95fdcb9dec09222e50eab655048232c36,93256c82c034aaac186c28bd21d97e512d6827d756c1e1e95c1fa85812282c32,393c9ef3287fdef6619a5fcb5f2eebe17a6281f77df01a3975ffcc1f90321220,prediction_matrices/HBC_shared16112/SpaGE/fold3/prediction.npz,ecca98745576a37aaee9eae718b9e22c65b3b97747de8d85a8d6b1a4d317902e,"[4784,3222]",True,True,False,"{""policy"":""disabled"",""used"":false}",82333f90b4c096e02e7b078dc6ec413aadd04b524b517c5fa74c53a7eb920272
SpaGE__HBC_shared16112__fold4,SpaGE,HBC,HBC_shared16112,Primary,4,A,completed,0,"[""python"",""${REPOSITORY_ROOT}/baseline/SpaGE/run_spage_mhpr_fold_from_split.py"",""--locations-path"",""${ARCHIVE_ROOT}/processed_datasets/primary/HBC_shared16112/Locations.txt"",""--st-data"",""${ARCHIVE_ROOT}/processed_datasets/primary/HBC_shared16112/Spatial_count.txt"",""--sc-data"",""${ARCHIVE_ROOT}/processed_datasets/primary/HBC_shared16112/scRNA_count.txt"",""--gene-split-json"",""${FORMAL_RUN_ROOT}/inputs/HBC_shared16112/fold4/mode_a_split.json"",""--train-gene-idx-path"",""${ARCHIVE_ROOT}/frozen_splits/primary/HBC_shared16112/gene_index_masks/fold4_train_gene_idx.npy"",""--val-gene-idx-path"",""${ARCHIVE_ROOT}/frozen_splits/primary/HBC_shared16112/gene_index_masks/fold4_val_gene_idx.npy"",""--test-gene-idx-path"",""${ARCHIVE_ROOT}/frozen_splits/primary/HBC_shared16112/gene_index_masks/fold4_test_gene_idx.npy"",""--model-gene-scope"",""train_indices"",""--output-dir"",""${FORMAL_RUN_ROOT}/baselines/SpaGE/HBC_shared16112/fold4"",""--skip-adapter-metrics""]",53a620ea84e728f17a1776612e4ee8680c64e7e2fa28668e60ef19dca6fab781,33553a6394a306c3f5a03dc99a3b6cdf27e9a7bd56202fe730d3c466d2f9b3d5,50bc08f08312203728bb423118610a20c20a57b61172cbd65f473ec37f4e5725,b37dc409f10071fda19e0442700e7b9e421adb325c90962e47529d74a2cc35c8,49d83a99de196efa3c7e88b1a6d9273297f2353ce77ce82098a58f7e174a4b41,e14a2a75568077bd2411444d4cfc8f92b7bee577016a75c237de095a7922c328,e1c31c594a974e5f60b55ac5c075aa29b463436e11c5fb1f9762ce7f9b0f78ae,c758a655b38077300d82003d6fb8bcef903c32ae6d776797f4880bb0f5af5fdf,prediction_matrices/HBC_shared16112/SpaGE/fold4/prediction.npz,8281c01ba66dde9579df0892c65513e4984e357362b3a289b1d4208ae1a96b19,"[4784,3222]",True,True,False,"{""policy"":""disabled"",""used"":false}",2c260e51e500ecdfbd76d1550039e8ccb0d7249f0aa315440547d8799c3f36a0
SpaGE__MHPR_current_panel__fold0,SpaGE,MHPR,MHPR_current_panel,Cross-platform,0,A,completed,0,"[""python"",""${REPOSITORY_ROOT}/baseline/SpaGE/run_spage_mhpr_fold_from_split.py"",""--locations-path"",""${ARCHIVE_ROOT}/processed_datasets/cross_platform/MHPR_current_panel/Locations.txt"",""--st-data"",""${ARCHIVE_ROOT}/processed_datasets/cross_platform/MHPR_current_panel/Spatial_count.txt"",""--sc-data"",""${ARCHIVE_ROOT}/processed_datasets/cross_platform/MHPR_current_panel/scRNA_count.txt"",""--gene-split-json"",""${FORMAL_RUN_ROOT}/inputs/MHPR_current_panel/fold0/mode_a_split.json"",""--train-gene-idx-path"",""${ARCHIVE_ROOT}/frozen_splits/cross_platform/MHPR_current_panel/gene_index_masks/fold0_train_gene_idx.npy"",""--val-gene-idx-path"",""${ARCHIVE_ROOT}/frozen_splits/cross_platform/MHPR_current_panel/gene_index_masks/fold0_val_gene_idx.npy"",""--test-gene-idx-path"",""${ARCHIVE_ROOT}/frozen_splits/cross_platform/MHPR_current_panel/gene_index_masks/fold0_test_gene_idx.npy"",""--model-gene-scope"",""train_indices"",""--output-dir"",""${FORMAL_RUN_ROOT}/baselines/SpaGE/MHPR_current_panel/fold0"",""--skip-adapter-metrics""]",53a620ea84e728f17a1776612e4ee8680c64e7e2fa28668e60ef19dca6fab781,33553a6394a306c3f5a03dc99a3b6cdf27e9a7bd56202fe730d3c466d2f9b3d5,88c06464a227011265319ac81d1df782ceaf47b82ac8ef706886eeeb66da049f,b1013c6452a81457d697471e5d16a95d7094947e915b03dcd772d6b853773cdb,036cf336ecd09358235b422277280bb5af2ef8c6b8150a3d2cbd256c3c8e3cd7,d1f5df6226611de08ef70f86e141417a7813b9cfa1aea08cd70599a1a6873af8,ed629707929131f4452d80ef755d61748a77eca26575ffab67975613a82acee2,7b289e1a0c19ff63f8e13d848f2c79e62038fb1cf095e93d9ceb68a0c3cf7a9f,prediction_matrices/MHPR_current_panel/SpaGE/fold0/prediction.npz,6dcd64ef1942994d4a127cff1066489eb1603aefa3c2f44c258687fde12c23c6,"[4975,31]",True,True,False,"{""policy"":""disabled"",""used"":false}",abcb7c7f167dd2043d05f77c361d68bd5e4de3d7de8df623ff6d8400a0fcca70
SpaGE__MHPR_current_panel__fold1,SpaGE,MHPR,MHPR_current_panel,Cross-platform,1,A,completed,0,"[""python"",""${REPOSITORY_ROOT}/baseline/SpaGE/run_spage_mhpr_fold_from_split.py"",""--locations-path"",""${ARCHIVE_ROOT}/processed_datasets/cross_platform/MHPR_current_panel/Locations.txt"",""--st-data"",""${ARCHIVE_ROOT}/processed_datasets/cross_platform/MHPR_current_panel/Spatial_count.txt"",""--sc-data"",""${ARCHIVE_ROOT}/processed_datasets/cross_platform/MHPR_current_panel/scRNA_count.txt"",""--gene-split-json"",""${FORMAL_RUN_ROOT}/inputs/MHPR_current_panel/fold1/mode_a_split.json"",""--train-gene-idx-path"",""${ARCHIVE_ROOT}/frozen_splits/cross_platform/MHPR_current_panel/gene_index_masks/fold1_train_gene_idx.npy"",""--val-gene-idx-path"",""${ARCHIVE_ROOT}/frozen_splits/cross_platform/MHPR_current_panel/gene_index_masks/fold1_val_gene_idx.npy"",""--test-gene-idx-path"",""${ARCHIVE_ROOT}/frozen_splits/cross_platform/MHPR_current_panel/gene_index_masks/fold1_test_gene_idx.npy"",""--model-gene-scope"",""train_indices"",""--output-dir"",""${FORMAL_RUN_ROOT}/baselines/SpaGE/MHPR_current_panel/fold1"",""--skip-adapter-metrics""]",53a620ea84e728f17a1776612e4ee8680c64e7e2fa28668e60ef19dca6fab781,33553a6394a306c3f5a03dc99a3b6cdf27e9a7bd56202fe730d3c466d2f9b3d5,5c9079c4cd895b805b49631debcc173b16b49adc073be4378d6220c030378a98,cdaccae0f261ae3028bb083740e7054f05af1d3498073aeafc42424573c79163,66647b4201235c7b617440f8db9d692294860c6329ebcbee5be7f3814d2afcad,8d4cd1eab34edcd141c4f91b151cc22825e8305d3dfd2ed1f2ffd6cd7df6cfde,9e4ad9b4be9a7f00c6282edfe62bd299d16fdded750f44204f0fadbfddc53e79,614fa84adddd113eefb1d8a53ddb42a5826084cf10603afe4bc2c8b121cdc930,prediction_matrices/MHPR_current_panel/SpaGE/fold1/prediction.npz,4b3785f00cff0df9b70fe3ca3a808658b88c30c4235f93d46958572dc9be88d3,"[4975,31]",True,True,False,"{""policy"":""disabled"",""used"":false}",5785fc61157bc354693106be6a8f5ed5d3c089f2caa30af857a5e9ce062182ea
SpaGE__MHPR_current_panel__fold2,SpaGE,MHPR,MHPR_current_panel,Cross-platform,2,A,completed,0,"[""python"",""${REPOSITORY_ROOT}/baseline/SpaGE/run_spage_mhpr_fold_from_split.py"",""--locations-path"",""${ARCHIVE_ROOT}/processed_datasets/cross_platform/MHPR_current_panel/Locations.txt"",""--st-data"",""${ARCHIVE_ROOT}/processed_datasets/cross_platform/MHPR_current_panel/Spatial_count.txt"",""--sc-data"",""${ARCHIVE_ROOT}/processed_datasets/cross_platform/MHPR_current_panel/scRNA_count.txt"",""--gene-split-json"",""${FORMAL_RUN_ROOT}/inputs/MHPR_current_panel/fold2/mode_a_split.json"",""--train-gene-idx-path"",""${ARCHIVE_ROOT}/frozen_splits/cross_platform/MHPR_current_panel/gene_index_masks/fold2_train_gene_idx.npy"",""--val-gene-idx-path"",""${ARCHIVE_ROOT}/frozen_splits/cross_platform/MHPR_current_panel/gene_index_masks/fold2_val_gene_idx.npy"",""--test-gene-idx-path"",""${ARCHIVE_ROOT}/frozen_splits/cross_platform/MHPR_current_panel/gene_index_masks/fold2_test_gene_idx.npy"",""--model-gene-scope"",""train_indices"",""--output-dir"",""${FORMAL_RUN_ROOT}/baselines/SpaGE/MHPR_current_panel/fold2"",""--skip-adapter-metrics""]",53a620ea84e728f17a1776612e4ee8680c64e7e2fa28668e60ef19dca6fab781,33553a6394a306c3f5a03dc99a3b6cdf27e9a7bd56202fe730d3c466d2f9b3d5,18f8beef8ffb0a6d35ce536491219a7998307d30c8fee10f162651d396429570,36b6136dea102190c0950e32ebed39e3aebda797f8957f6de7e6dca47a3f4f01,dbe544ae48f8e2cb64e05d3c7c309d66b0b7537f0fa55c7bb2b02ad4b50501c6,2d273bf06f4078fdea1e259f1c801b2ef4318606b47cc65b5870ff21fa72a804,a0b1a4dbe6006bc6b05e566f3eaba86d949fa267e8d1b826c85c679aef3547ea,dba695f2482aa520f20e4c9c6fc721cae91440843d9913f8657ca02eadeaceb0,prediction_matrices/MHPR_current_panel/SpaGE/fold2/prediction.npz,cf9df61cf0873f3393901a7d46ec3446112d5dfaacdfaf86befea0f40be6fe22,"[4975,31]",True,True,False,"{""policy"":""disabled"",""used"":false}",446322e4634017f03fecd0603320a5437f833ba9cdfc1dbb70efc32cde9d1004
SpaGE__MHPR_current_panel__fold3,SpaGE,MHPR,MHPR_current_panel,Cross-platform,3,A,completed,0,"[""python"",""${REPOSITORY_ROOT}/baseline/SpaGE/run_spage_mhpr_fold_from_split.py"",""--locations-path"",""${ARCHIVE_ROOT}/processed_datasets/cross_platform/MHPR_current_panel/Locations.txt"",""--st-data"",""${ARCHIVE_ROOT}/processed_datasets/cross_platform/MHPR_current_panel/Spatial_count.txt"",""--sc-data"",""${ARCHIVE_ROOT}/processed_datasets/cross_platform/MHPR_current_panel/scRNA_count.txt"",""--gene-split-json"",""${FORMAL_RUN_ROOT}/inputs/MHPR_current_panel/fold3/mode_a_split.json"",""--train-gene-idx-path"",""${ARCHIVE_ROOT}/frozen_splits/cross_platform/MHPR_current_panel/gene_index_masks/fold3_train_gene_idx.npy"",""--val-gene-idx-path"",""${ARCHIVE_ROOT}/frozen_splits/cross_platform/MHPR_current_panel/gene_index_masks/fold3_val_gene_idx.npy"",""--test-gene-idx-path"",""${ARCHIVE_ROOT}/frozen_splits/cross_platform/MHPR_current_panel/gene_index_masks/fold3_test_gene_idx.npy"",""--model-gene-scope"",""train_indices"",""--output-dir"",""${FORMAL_RUN_ROOT}/baselines/SpaGE/MHPR_current_panel/fold3"",""--skip-adapter-metrics""]",53a620ea84e728f17a1776612e4ee8680c64e7e2fa28668e60ef19dca6fab781,33553a6394a306c3f5a03dc99a3b6cdf27e9a7bd56202fe730d3c466d2f9b3d5,032600e7141383b285e0b00b4f8ae913a261253051e00e1617b3a7a159d3e16a,b547a321d1bb96d7a0aee2f016c01e4bd3f33f84599086fcbe96b96aab4e82c2,819813850a652c4b813fe01a87a7759eeb7d8d3a8085f391bdd6cc38d13aff7b,34c1c41e981eab9baf313ba78926c91ca3f464ba230c9f5d418be25662ba257c,775f645deb4c9cffbc40b89fbb373d3472fedd26d806b37ed0317e971c1ed562,f6d551d6f42ec2eb4462820fd6287bdc139b4e9a9d19fb7a74453b86ee7fb64c,prediction_matrices/MHPR_current_panel/SpaGE/fold3/prediction.npz,42aca11851cd5082cdb13d50f2bc4b665820993fe4c0eba3ca50fa090c0924f1,"[4975,31]",True,True,False,"{""policy"":""disabled"",""used"":false}",05ff72c0d1c0a5b3f3f882a206c918cd5f8a7d7aa1381e57561ea91e8b37eec8
SpaGE__MHPR_current_panel__fold4,SpaGE,MHPR,MHPR_current_panel,Cross-platform,4,A,completed,0,"[""python"",""${REPOSITORY_ROOT}/baseline/SpaGE/run_spage_mhpr_fold_from_split.py"",""--locations-path"",""${ARCHIVE_ROOT}/processed_datasets/cross_platform/MHPR_current_panel/Locations.txt"",""--st-data"",""${ARCHIVE_ROOT}/processed_datasets/cross_platform/MHPR_current_panel/Spatial_count.txt"",""--sc-data"",""${ARCHIVE_ROOT}/processed_datasets/cross_platform/MHPR_current_panel/scRNA_count.txt"",""--gene-split-json"",""${FORMAL_RUN_ROOT}/inputs/MHPR_current_panel/fold4/mode_a_split.json"",""--train-gene-idx-path"",""${ARCHIVE_ROOT}/frozen_splits/cross_platform/MHPR_current_panel/gene_index_masks/fold4_train_gene_idx.npy"",""--val-gene-idx-path"",""${ARCHIVE_ROOT}/frozen_splits/cross_platform/MHPR_current_panel/gene_index_masks/fold4_val_gene_idx.npy"",""--test-gene-idx-path"",""${ARCHIVE_ROOT}/frozen_splits/cross_platform/MHPR_current_panel/gene_index_masks/fold4_test_gene_idx.npy"",""--model-gene-scope"",""train_indices"",""--output-dir"",""${FORMAL_RUN_ROOT}/baselines/SpaGE/MHPR_current_panel/fold4"",""--skip-adapter-metrics""]",53a620ea84e728f17a1776612e4ee8680c64e7e2fa28668e60ef19dca6fab781,33553a6394a306c3f5a03dc99a3b6cdf27e9a7bd56202fe730d3c466d2f9b3d5,2edc342365a36b59532085681da940782cae4fe8f6a9d7f7f0a87ae7826833d4,d8f8baf97569d36d8d6bfe2975d2fd0dcc51d9838c36a795edd16d193fa75b72,630ab6844acb9b1628fa1acd63862d762f3a5c4858ef1bc878326eaa49195720,36e94f14a52ba7072ec3577607a028380bad125ec0cd9abfc43b5a4f0d5b72ca,9ceb30ff0c22706badf408211040c79a2c82c4452de521c612e447bf74c97224,981c31b05e31fc878812aa5970385e862bef3aaeaa8bb4de9bffb3742a4968de,prediction_matrices/MHPR_current_panel/SpaGE/fold4/prediction.npz,deb8eb043fa37b769e9597d17f803923a01ce53d17f71bd32380798c98ec9884,"[4975,30]",True,True,False,"{""policy"":""disabled"",""used"":false}",cec9c8080278b0b6a624c3d4be771959e6d9fc6f07c94f33fbae04c17ed4344f
SpaGE__MVC_shared981__fold0,SpaGE,MVC,MVC_shared981,Cross-platform,0,A,completed,0,"[""python"",""${REPOSITORY_ROOT}/baseline/SpaGE/run_spage_mhpr_fold_from_split.py"",""--locations-path"",""${ARCHIVE_ROOT}/processed_datasets/cross_platform/MVC_shared981/Locations.txt"",""--st-data"",""${ARCHIVE_ROOT}/processed_datasets/cross_platform/MVC_shared981/Spatial_count.txt"",""--sc-data"",""${ARCHIVE_ROOT}/processed_datasets/cross_platform/MVC_shared981/scRNA_count.txt"",""--gene-split-json"",""${FORMAL_RUN_ROOT}/inputs/MVC_shared981/fold0/mode_a_split.json"",""--train-gene-idx-path"",""${ARCHIVE_ROOT}/frozen_splits/cross_platform/MVC_shared981/gene_index_masks/fold0_train_gene_idx.npy"",""--val-gene-idx-path"",""${ARCHIVE_ROOT}/frozen_splits/cross_platform/MVC_shared981/gene_index_masks/fold0_val_gene_idx.npy"",""--test-gene-idx-path"",""${ARCHIVE_ROOT}/frozen_splits/cross_platform/MVC_shared981/gene_index_masks/fold0_test_gene_idx.npy"",""--model-gene-scope"",""train_indices"",""--output-dir"",""${FORMAL_RUN_ROOT}/baselines/SpaGE/MVC_shared981/fold0"",""--skip-adapter-metrics""]",53a620ea84e728f17a1776612e4ee8680c64e7e2fa28668e60ef19dca6fab781,33553a6394a306c3f5a03dc99a3b6cdf27e9a7bd56202fe730d3c466d2f9b3d5,4d8cf81f2da455cfe6406adb6ccb216087eddf9c9311a579fdabd2c7a5bab84d,fd51ea78835fb458502afea4cb3a4bbc9c461892e3d00af94237cdfb1570de09,e13b4d402b33f67b774da78162302debfa455b61fe6f86b9733abc5c7e5dda84,2a0a247d83976ba2e1030bd5c96a487d966e7297f0ee11522805130e226afd87,916ab1d647e32b41b01ac7378b786d14930caad2df261690d515184b17938a3a,19e07f485a532168041e17eeaa6a32358beb184e9f4ddf3047629045886d3349,prediction_matrices/MVC_shared981/SpaGE/fold0/prediction.npz,c8cb1458e807bff8cefb6bdba967a089b5e0ada66333286f8f160451d4b12161,"[1549,197]",True,True,False,"{""policy"":""disabled"",""used"":false}",d201b167dc61856279efc66bf72f1d721d5bdac3a39663289439e02f177c60f7
SpaGE__MVC_shared981__fold1,SpaGE,MVC,MVC_shared981,Cross-platform,1,A,completed,0,"[""python"",""${REPOSITORY_ROOT}/baseline/SpaGE/run_spage_mhpr_fold_from_split.py"",""--locations-path"",""${ARCHIVE_ROOT}/processed_datasets/cross_platform/MVC_shared981/Locations.txt"",""--st-data"",""${ARCHIVE_ROOT}/processed_datasets/cross_platform/MVC_shared981/Spatial_count.txt"",""--sc-data"",""${ARCHIVE_ROOT}/processed_datasets/cross_platform/MVC_shared981/scRNA_count.txt"",""--gene-split-json"",""${FORMAL_RUN_ROOT}/inputs/MVC_shared981/fold1/mode_a_split.json"",""--train-gene-idx-path"",""${ARCHIVE_ROOT}/frozen_splits/cross_platform/MVC_shared981/gene_index_masks/fold1_train_gene_idx.npy"",""--val-gene-idx-path"",""${ARCHIVE_ROOT}/frozen_splits/cross_platform/MVC_shared981/gene_index_masks/fold1_val_gene_idx.npy"",""--test-gene-idx-path"",""${ARCHIVE_ROOT}/frozen_splits/cross_platform/MVC_shared981/gene_index_masks/fold1_test_gene_idx.npy"",""--model-gene-scope"",""train_indices"",""--output-dir"",""${FORMAL_RUN_ROOT}/baselines/SpaGE/MVC_shared981/fold1"",""--skip-adapter-metrics""]",53a620ea84e728f17a1776612e4ee8680c64e7e2fa28668e60ef19dca6fab781,33553a6394a306c3f5a03dc99a3b6cdf27e9a7bd56202fe730d3c466d2f9b3d5,0308013d81c2a9b2d0588cd5e40cefa914703a6ffd3c82fc4c007a3e8f37ac74,e6d0a277402c3164aae9be18c2e3e46433caeaad47de1408cd5c85836144e7c5,7ff1afb47d001e939ddd56828d0d1f40961ed9511c91df3bfbf78ece89f7bccc,ff6362879a8601a45c7d9fd2faa475bc851dd64b083cc858bca5ccca7ca90236,3423d7211f569b0bdddae7695cf2833f98b0c917d3a589878cc18667c01471b3,20acb46aa38b905eb37bf3875bac8b54281bedf84851eb21d07ceb964555482e,prediction_matrices/MVC_shared981/SpaGE/fold1/prediction.npz,ab80961fb8216a379a6b1aee95e6231ebfb2d816379f7a28f52fe876e8dd24bf,"[1549,196]",True,True,False,"{""policy"":""disabled"",""used"":false}",d4a8ce817920b2c24c1406cedff6b637d1172f95a5fb6d578be6d94b0af91f66
SpaGE__MVC_shared981__fold2,SpaGE,MVC,MVC_shared981,Cross-platform,2,A,completed,0,"[""python"",""${REPOSITORY_ROOT}/baseline/SpaGE/run_spage_mhpr_fold_from_split.py"",""--locations-path"",""${ARCHIVE_ROOT}/processed_datasets/cross_platform/MVC_shared981/Locations.txt"",""--st-data"",""${ARCHIVE_ROOT}/processed_datasets/cross_platform/MVC_shared981/Spatial_count.txt"",""--sc-data"",""${ARCHIVE_ROOT}/processed_datasets/cross_platform/MVC_shared981/scRNA_count.txt"",""--gene-split-json"",""${FORMAL_RUN_ROOT}/inputs/MVC_shared981/fold2/mode_a_split.json"",""--train-gene-idx-path"",""${ARCHIVE_ROOT}/frozen_splits/cross_platform/MVC_shared981/gene_index_masks/fold2_train_gene_idx.npy"",""--val-gene-idx-path"",""${ARCHIVE_ROOT}/frozen_splits/cross_platform/MVC_shared981/gene_index_masks/fold2_val_gene_idx.npy"",""--test-gene-idx-path"",""${ARCHIVE_ROOT}/frozen_splits/cross_platform/MVC_shared981/gene_index_masks/fold2_test_gene_idx.npy"",""--model-gene-scope"",""train_indices"",""--output-dir"",""${FORMAL_RUN_ROOT}/baselines/SpaGE/MVC_shared981/fold2"",""--skip-adapter-metrics""]",53a620ea84e728f17a1776612e4ee8680c64e7e2fa28668e60ef19dca6fab781,33553a6394a306c3f5a03dc99a3b6cdf27e9a7bd56202fe730d3c466d2f9b3d5,409f5e4ca865af20fd888fb8fab2ac907696c72fabfd6fb3c06786d0e63d8854,b40c12afce3b67ecba92704a0a951c9e6fef2ef0671305ec76b7d8476861ed92,dcae22805ae8d084c08e4fa95ea82ab517e79ee10dbc3eb14dd0042fae23e5ef,24a87ab148fbc9e0de303e7fc7a82a2752c43c5fbc6232ed7a91676389ea54f2,e01d4b5485642bc8ad58adc78bdf5aa9b16bb30436239fa8544d9a87b5c534a2,848710cb16aa37996d59287c124d07e38bd8d78fc8e4b4e44735ef1f5fe64149,prediction_matrices/MVC_shared981/SpaGE/fold2/prediction.npz,0b5ef4a6e8783ad1e5e5baa38a66d6350d40cdeb1881f817d4ed74ac33e3a738,"[1549,196]",True,True,False,"{""policy"":""disabled"",""used"":false}",8b5cf20c4079295c8d12c797b41d5070ba580ff99b9a29f0dec44058a96d61c9
SpaGE__MVC_shared981__fold3,SpaGE,MVC,MVC_shared981,Cross-platform,3,A,completed,0,"[""python"",""${REPOSITORY_ROOT}/baseline/SpaGE/run_spage_mhpr_fold_from_split.py"",""--locations-path"",""${ARCHIVE_ROOT}/processed_datasets/cross_platform/MVC_shared981/Locations.txt"",""--st-data"",""${ARCHIVE_ROOT}/processed_datasets/cross_platform/MVC_shared981/Spatial_count.txt"",""--sc-data"",""${ARCHIVE_ROOT}/processed_datasets/cross_platform/MVC_shared981/scRNA_count.txt"",""--gene-split-json"",""${FORMAL_RUN_ROOT}/inputs/MVC_shared981/fold3/mode_a_split.json"",""--train-gene-idx-path"",""${ARCHIVE_ROOT}/frozen_splits/cross_platform/MVC_shared981/gene_index_masks/fold3_train_gene_idx.npy"",""--val-gene-idx-path"",""${ARCHIVE_ROOT}/frozen_splits/cross_platform/MVC_shared981/gene_index_masks/fold3_val_gene_idx.npy"",""--test-gene-idx-path"",""${ARCHIVE_ROOT}/frozen_splits/cross_platform/MVC_shared981/gene_index_masks/fold3_test_gene_idx.npy"",""--model-gene-scope"",""train_indices"",""--output-dir"",""${FORMAL_RUN_ROOT}/baselines/SpaGE/MVC_shared981/fold3"",""--skip-adapter-metrics""]",53a620ea84e728f17a1776612e4ee8680c64e7e2fa28668e60ef19dca6fab781,33553a6394a306c3f5a03dc99a3b6cdf27e9a7bd56202fe730d3c466d2f9b3d5,586494412198510f7448fdfdcd5c535f2e96a3d9d9e85517c725d6973b06848c,6145c42c490db4111898b10e11eb0daa6cebcf300a22394fb670a382dad8f813,1425084c4e7c845519523e37036bc42b8ac9533da9a30ff5be6f62c843752b4d,6957a76ea40579faed88b4cad0a816f7c9fba7a80614fa5dda9f27a79a70a8f2,f1dce41e4d6bb34c4bca4028c3ea2f443e81f5fe92c8d43df8a5c96b2f15af0b,87dbc291ace62f26a5af22c29d73062108b4c8bf49a18531c95351a2979ae809,prediction_matrices/MVC_shared981/SpaGE/fold3/prediction.npz,eabb1a5e9ecb6458e8e8a954c7a78dc3e4b4ec946df4790ca0de3b17b9199713,"[1549,196]",True,True,False,"{""policy"":""disabled"",""used"":false}",96ad3fba509d5bfacd2beff887846918851660b7966ceefbc48f2063e833ef2e
SpaGE__MVC_shared981__fold4,SpaGE,MVC,MVC_shared981,Cross-platform,4,A,completed,0,"[""python"",""${REPOSITORY_ROOT}/baseline/SpaGE/run_spage_mhpr_fold_from_split.py"",""--locations-path"",""${ARCHIVE_ROOT}/processed_datasets/cross_platform/MVC_shared981/Locations.txt"",""--st-data"",""${ARCHIVE_ROOT}/processed_datasets/cross_platform/MVC_shared981/Spatial_count.txt"",""--sc-data"",""${ARCHIVE_ROOT}/processed_datasets/cross_platform/MVC_shared981/scRNA_count.txt"",""--gene-split-json"",""${FORMAL_RUN_ROOT}/inputs/MVC_shared981/fold4/mode_a_split.json"",""--train-gene-idx-path"",""${ARCHIVE_ROOT}/frozen_splits/cross_platform/MVC_shared981/gene_index_masks/fold4_train_gene_idx.npy"",""--val-gene-idx-path"",""${ARCHIVE_ROOT}/frozen_splits/cross_platform/MVC_shared981/gene_index_masks/fold4_val_gene_idx.npy"",""--test-gene-idx-path"",""${ARCHIVE_ROOT}/frozen_splits/cross_platform/MVC_shared981/gene_index_masks/fold4_test_gene_idx.npy"",""--model-gene-scope"",""train_indices"",""--output-dir"",""${FORMAL_RUN_ROOT}/baselines/SpaGE/MVC_shared981/fold4"",""--skip-adapter-metrics""]",53a620ea84e728f17a1776612e4ee8680c64e7e2fa28668e60ef19dca6fab781,33553a6394a306c3f5a03dc99a3b6cdf27e9a7bd56202fe730d3c466d2f9b3d5,95155822dab493c81eb9815003c251120c690d8ea40dfa3a34c51f163ab2df66,428b5cacc879ee3e17823533826bf5d6a16a829fa9f4e6ede9c289448c179836,4033983f2ebfe1a743129465918c9e575599898d94de129644e64e6a4167f8ca,5f93037186dbc03f636483499c304460dccbe25aecef666deb54237401207720,03481dabac99695db06f0d68c14912b633aff92de7253fbb5f4f5c94759e77d2,9f493e90abdfc486432ebc146e77e1f6a344a119acc8ad3b30316082553846e0,prediction_matrices/MVC_shared981/SpaGE/fold4/prediction.npz,2c55e82218d323f7a1145a97e8d67616ab4dee9d5fe2f4803fb0022b0b5521c4,"[1549,196]",True,True,False,"{""policy"":""disabled"",""used"":false}",7352d1e1818e561d12a20eee80f0e844fb2fccfd0802d2f4ad53e2831012089f
SpaGE__seqFISH_plus_cortex_svz_zeisel_sccortex_ref_shared10000__fold0,SpaGE,seqFISH+,seqFISH_plus_cortex_svz_zeisel_sccortex_ref_shared10000,Cross-platform,0,A,completed,0,"[""python"",""${REPOSITORY_ROOT}/baseline/SpaGE/run_spage_mhpr_fold_from_split.py"",""--locations-path"",""${ARCHIVE_ROOT}/processed_datasets/cross_platform/seqFISH_plus_cortex_svz_zeisel_sccortex_ref_shared10000/Locations.txt"",""--st-data"",""${ARCHIVE_ROOT}/processed_datasets/cross_platform/seqFISH_plus_cortex_svz_zeisel_sccortex_ref_shared10000/Spatial_count.txt"",""--sc-data"",""${ARCHIVE_ROOT}/processed_datasets/cross_platform/seqFISH_plus_cortex_svz_zeisel_sccortex_ref_shared10000/scRNA_count.txt"",""--gene-split-json"",""${FORMAL_RUN_ROOT}/inputs/seqFISH_plus_cortex_svz_zeisel_sccortex_ref_shared10000/fold0/mode_a_split.json"",""--train-gene-idx-path"",""${ARCHIVE_ROOT}/frozen_splits/cross_platform/seqFISH_plus_cortex_svz_zeisel_sccortex_ref_shared10000/gene_index_masks/fold0_train_gene_idx.npy"",""--val-gene-idx-path"",""${ARCHIVE_ROOT}/frozen_splits/cross_platform/seqFISH_plus_cortex_svz_zeisel_sccortex_ref_shared10000/gene_index_masks/fold0_val_gene_idx.npy"",""--test-gene-idx-path"",""${ARCHIVE_ROOT}/frozen_splits/cross_platform/seqFISH_plus_cortex_svz_zeisel_sccortex_ref_shared10000/gene_index_masks/fold0_test_gene_idx.npy"",""--model-gene-scope"",""train_indices"",""--output-dir"",""${FORMAL_RUN_ROOT}/baselines/SpaGE/seqFISH_plus_cortex_svz_zeisel_sccortex_ref_shared10000/fold0"",""--skip-adapter-metrics""]",53a620ea84e728f17a1776612e4ee8680c64e7e2fa28668e60ef19dca6fab781,33553a6394a306c3f5a03dc99a3b6cdf27e9a7bd56202fe730d3c466d2f9b3d5,b83683273232379e5ef54e490145875288691d17a2c60bdd236fd73aa7fbd2ed,3aa8216f0d982005ee069ed0046693aa04b43ab572993a9c2c297dbe85260d76,b2ad4978edd6130f418f6aa7403d688913ee07e7b0c34dcc87dbf893095dbbd2,1c4ab9ed33a900017d2f212b926eaca897818e638ba01c89afd5b9d6d5f90edd,84d41e5e87e846e03b5e2e539dd91adac3de8b4c71f35596b0ba46a4d6233315,5d75b3dd88bd09f8af430c24498673f6a7df34d29e9dcb54e3d36bbdffc96ea6,prediction_matrices/seqFISH_plus_cortex_svz_zeisel_sccortex_ref_shared10000/SpaGE/fold0/prediction.npz,394d0961f2d7cf58f860df4138d29eb67f9b4afa75a1aa60509ec92905651769,"[913,2000]",True,True,False,"{""policy"":""disabled"",""used"":false}",381fcccd8a0932a2a4b7f4194f1663e7994610065d909dd31f72568c2b6264ae
SpaGE__seqFISH_plus_cortex_svz_zeisel_sccortex_ref_shared10000__fold1,SpaGE,seqFISH+,seqFISH_plus_cortex_svz_zeisel_sccortex_ref_shared10000,Cross-platform,1,A,completed,0,"[""python"",""${REPOSITORY_ROOT}/baseline/SpaGE/run_spage_mhpr_fold_from_split.py"",""--locations-path"",""${ARCHIVE_ROOT}/processed_datasets/cross_platform/seqFISH_plus_cortex_svz_zeisel_sccortex_ref_shared10000/Locations.txt"",""--st-data"",""${ARCHIVE_ROOT}/processed_datasets/cross_platform/seqFISH_plus_cortex_svz_zeisel_sccortex_ref_shared10000/Spatial_count.txt"",""--sc-data"",""${ARCHIVE_ROOT}/processed_datasets/cross_platform/seqFISH_plus_cortex_svz_zeisel_sccortex_ref_shared10000/scRNA_count.txt"",""--gene-split-json"",""${FORMAL_RUN_ROOT}/inputs/seqFISH_plus_cortex_svz_zeisel_sccortex_ref_shared10000/fold1/mode_a_split.json"",""--train-gene-idx-path"",""${ARCHIVE_ROOT}/frozen_splits/cross_platform/seqFISH_plus_cortex_svz_zeisel_sccortex_ref_shared10000/gene_index_masks/fold1_train_gene_idx.npy"",""--val-gene-idx-path"",""${ARCHIVE_ROOT}/frozen_splits/cross_platform/seqFISH_plus_cortex_svz_zeisel_sccortex_ref_shared10000/gene_index_masks/fold1_val_gene_idx.npy"",""--test-gene-idx-path"",""${ARCHIVE_ROOT}/frozen_splits/cross_platform/seqFISH_plus_cortex_svz_zeisel_sccortex_ref_shared10000/gene_index_masks/fold1_test_gene_idx.npy"",""--model-gene-scope"",""train_indices"",""--output-dir"",""${FORMAL_RUN_ROOT}/baselines/SpaGE/seqFISH_plus_cortex_svz_zeisel_sccortex_ref_shared10000/fold1"",""--skip-adapter-metrics""]",53a620ea84e728f17a1776612e4ee8680c64e7e2fa28668e60ef19dca6fab781,33553a6394a306c3f5a03dc99a3b6cdf27e9a7bd56202fe730d3c466d2f9b3d5,e09ff76d1e95dfe6462ddabe4fc1b43bc78a921a76253cb4f820a06fbc0aae38,56d82c6723077ec761046a7a5518f5c80daa8cbdac40cef275a720f46f5625e9,bed8846fbf23aa04d574197e8258194ed0eb406644630c34924faee44f0b605f,14d63b0fdd2e64cf0905a8bde296274845b02828ab97df80d4ec725397f0ade8,31685efb9bb10958637520cbf0ba3549ad94beadf820f8ae56f3349b6b738748,06c396780453d15f594edd091c7e5c848b06bc6ca6049631b7961a0cf34609e7,prediction_matrices/seqFISH_plus_cortex_svz_zeisel_sccortex_ref_shared10000/SpaGE/fold1/prediction.npz,44172145fa144edcf314a641d4fed9d24f0506654e086871bfda4e3d23b8e150,"[913,2000]",True,True,False,"{""policy"":""disabled"",""used"":false}",5fd7b32eeef61647d98afb67f15fc9ed935dda3ebd0c53b94f7400d1faf1cf9d
SpaGE__seqFISH_plus_cortex_svz_zeisel_sccortex_ref_shared10000__fold2,SpaGE,seqFISH+,seqFISH_plus_cortex_svz_zeisel_sccortex_ref_shared10000,Cross-platform,2,A,completed,0,"[""python"",""${REPOSITORY_ROOT}/baseline/SpaGE/run_spage_mhpr_fold_from_split.py"",""--locations-path"",""${ARCHIVE_ROOT}/processed_datasets/cross_platform/seqFISH_plus_cortex_svz_zeisel_sccortex_ref_shared10000/Locations.txt"",""--st-data"",""${ARCHIVE_ROOT}/processed_datasets/cross_platform/seqFISH_plus_cortex_svz_zeisel_sccortex_ref_shared10000/Spatial_count.txt"",""--sc-data"",""${ARCHIVE_ROOT}/processed_datasets/cross_platform/seqFISH_plus_cortex_svz_zeisel_sccortex_ref_shared10000/scRNA_count.txt"",""--gene-split-json"",""${FORMAL_RUN_ROOT}/inputs/seqFISH_plus_cortex_svz_zeisel_sccortex_ref_shared10000/fold2/mode_a_split.json"",""--train-gene-idx-path"",""${ARCHIVE_ROOT}/frozen_splits/cross_platform/seqFISH_plus_cortex_svz_zeisel_sccortex_ref_shared10000/gene_index_masks/fold2_train_gene_idx.npy"",""--val-gene-idx-path"",""${ARCHIVE_ROOT}/frozen_splits/cross_platform/seqFISH_plus_cortex_svz_zeisel_sccortex_ref_shared10000/gene_index_masks/fold2_val_gene_idx.npy"",""--test-gene-idx-path"",""${ARCHIVE_ROOT}/frozen_splits/cross_platform/seqFISH_plus_cortex_svz_zeisel_sccortex_ref_shared10000/gene_index_masks/fold2_test_gene_idx.npy"",""--model-gene-scope"",""train_indices"",""--output-dir"",""${FORMAL_RUN_ROOT}/baselines/SpaGE/seqFISH_plus_cortex_svz_zeisel_sccortex_ref_shared10000/fold2"",""--skip-adapter-metrics""]",53a620ea84e728f17a1776612e4ee8680c64e7e2fa28668e60ef19dca6fab781,33553a6394a306c3f5a03dc99a3b6cdf27e9a7bd56202fe730d3c466d2f9b3d5,59e0c055bc3ad9e6405d15260501692a3f41825ccf7249da79fd6f101f354c93,a31bf3f098f889838498df7b2de28c529fb22a642823859439d950cc7db6297e,71a3bf24740bc5f8173b29e93f872852c6eb6d1d7d6079b5bba7dec1a2079098,a609886100807a2a2dbed4a3938508d1655098f0799da4bd9859172200360197,aec0b83154264b04a0cd02ff49d39f69cacfc2f9ddc6554cecae2396a2a86c0c,5651b36878d452578d423c1b29a3e90e1ce937e3ca7bab507cfe0708b5fd47ed,prediction_matrices/seqFISH_plus_cortex_svz_zeisel_sccortex_ref_shared10000/SpaGE/fold2/prediction.npz,27eaa73c1155f8862a6bfb7f121f14ab2cfc48e789165cd4e71fc4f46966e908,"[913,2000]",True,True,False,"{""policy"":""disabled"",""used"":false}",a1b738b7eeef049716e12f34708e5c60e01698de4ff2ba1858e19b42207985e7
SpaGE__seqFISH_plus_cortex_svz_zeisel_sccortex_ref_shared10000__fold3,SpaGE,seqFISH+,seqFISH_plus_cortex_svz_zeisel_sccortex_ref_shared10000,Cross-platform,3,A,completed,0,"[""python"",""${REPOSITORY_ROOT}/baseline/SpaGE/run_spage_mhpr_fold_from_split.py"",""--locations-path"",""${ARCHIVE_ROOT}/processed_datasets/cross_platform/seqFISH_plus_cortex_svz_zeisel_sccortex_ref_shared10000/Locations.txt"",""--st-data"",""${ARCHIVE_ROOT}/processed_datasets/cross_platform/seqFISH_plus_cortex_svz_zeisel_sccortex_ref_shared10000/Spatial_count.txt"",""--sc-data"",""${ARCHIVE_ROOT}/processed_datasets/cross_platform/seqFISH_plus_cortex_svz_zeisel_sccortex_ref_shared10000/scRNA_count.txt"",""--gene-split-json"",""${FORMAL_RUN_ROOT}/inputs/seqFISH_plus_cortex_svz_zeisel_sccortex_ref_shared10000/fold3/mode_a_split.json"",""--train-gene-idx-path"",""${ARCHIVE_ROOT}/frozen_splits/cross_platform/seqFISH_plus_cortex_svz_zeisel_sccortex_ref_shared10000/gene_index_masks/fold3_train_gene_idx.npy"",""--val-gene-idx-path"",""${ARCHIVE_ROOT}/frozen_splits/cross_platform/seqFISH_plus_cortex_svz_zeisel_sccortex_ref_shared10000/gene_index_masks/fold3_val_gene_idx.npy"",""--test-gene-idx-path"",""${ARCHIVE_ROOT}/frozen_splits/cross_platform/seqFISH_plus_cortex_svz_zeisel_sccortex_ref_shared10000/gene_index_masks/fold3_test_gene_idx.npy"",""--model-gene-scope"",""train_indices"",""--output-dir"",""${FORMAL_RUN_ROOT}/baselines/SpaGE/seqFISH_plus_cortex_svz_zeisel_sccortex_ref_shared10000/fold3"",""--skip-adapter-metrics""]",53a620ea84e728f17a1776612e4ee8680c64e7e2fa28668e60ef19dca6fab781,33553a6394a306c3f5a03dc99a3b6cdf27e9a7bd56202fe730d3c466d2f9b3d5,831f0dde86f93e52814483d8d429e56a1a78292995590e1c5083ce45c5c8c340,89fbe3354c743b1cc5e333921d57f12542772df89bd3f27fd23054d9420003b6,ddfdd4a99b4697a909518a689eaee963c8784a5b9beea4ff82d637284e852380,9157e2d56b6c07bf6fc3a9d43e4d7b4f27115d00e8027fe14fc3405fb2b4a8e8,95890a2ef111a8f16462b80ad7ccae8385779de9381c33198b4cf49cc1d47b7b,af8d5841d72d45a1a20b12584e4803d40ef8ec1d6cdffdb05df6f083a552e895,prediction_matrices/seqFISH_plus_cortex_svz_zeisel_sccortex_ref_shared10000/SpaGE/fold3/prediction.npz,4ac9e4445c2d64515a7768d8d03d93c89cd3ba8ea73660395eef6ae7c7bcec4e,"[913,2000]",True,True,False,"{""policy"":""disabled"",""used"":false}",d22c0b5f1cf0eeb1ae034dbcc457fa262f06989135ef0c5c1ba46016b0abbd00
SpaGE__seqFISH_plus_cortex_svz_zeisel_sccortex_ref_shared10000__fold4,SpaGE,seqFISH+,seqFISH_plus_cortex_svz_zeisel_sccortex_ref_shared10000,Cross-platform,4,A,completed,0,"[""python"",""${REPOSITORY_ROOT}/baseline/SpaGE/run_spage_mhpr_fold_from_split.py"",""--locations-path"",""${ARCHIVE_ROOT}/processed_datasets/cross_platform/seqFISH_plus_cortex_svz_zeisel_sccortex_ref_shared10000/Locations.txt"",""--st-data"",""${ARCHIVE_ROOT}/processed_datasets/cross_platform/seqFISH_plus_cortex_svz_zeisel_sccortex_ref_shared10000/Spatial_count.txt"",""--sc-data"",""${ARCHIVE_ROOT}/processed_datasets/cross_platform/seqFISH_plus_cortex_svz_zeisel_sccortex_ref_shared10000/scRNA_count.txt"",""--gene-split-json"",""${FORMAL_RUN_ROOT}/inputs/seqFISH_plus_cortex_svz_zeisel_sccortex_ref_shared10000/fold4/mode_a_split.json"",""--train-gene-idx-path"",""${ARCHIVE_ROOT}/frozen_splits/cross_platform/seqFISH_plus_cortex_svz_zeisel_sccortex_ref_shared10000/gene_index_masks/fold4_train_gene_idx.npy"",""--val-gene-idx-path"",""${ARCHIVE_ROOT}/frozen_splits/cross_platform/seqFISH_plus_cortex_svz_zeisel_sccortex_ref_shared10000/gene_index_masks/fold4_val_gene_idx.npy"",""--test-gene-idx-path"",""${ARCHIVE_ROOT}/frozen_splits/cross_platform/seqFISH_plus_cortex_svz_zeisel_sccortex_ref_shared10000/gene_index_masks/fold4_test_gene_idx.npy"",""--model-gene-scope"",""train_indices"",""--output-dir"",""${FORMAL_RUN_ROOT}/baselines/SpaGE/seqFISH_plus_cortex_svz_zeisel_sccortex_ref_shared10000/fold4"",""--skip-adapter-metrics""]",53a620ea84e728f17a1776612e4ee8680c64e7e2fa28668e60ef19dca6fab781,33553a6394a306c3f5a03dc99a3b6cdf27e9a7bd56202fe730d3c466d2f9b3d5,ee5d620e6b4aca4233864e80eef0f4c5fbc968a3631c09742d24db6734c01be2,1d1a388ff7f28de7164d81a98ff815dff2b0c507c4b89b05b5993aa9bfd55176,c305556e632796fb348e127005b5d77633dce2fa7d893724fa96982db3894cd1,7000830c73ebc687febc8ebb90fef0559cbfbb6457044da694aa50f33c464c04,8cfabe5f497843bf4ff26af39080dc531cc9d86f1c715fb78fe0d49287048b71,93abfae04de10cb86dd321b44a08d74657ee2de6a38104cb2ec8dcbfb015a952,prediction_matrices/seqFISH_plus_cortex_svz_zeisel_sccortex_ref_shared10000/SpaGE/fold4/prediction.npz,4e8fcaa10908f989274a2c848664fb397ed8a8bea225d4306a95065009736d1f,"[913,2000]",True,True,False,"{""policy"":""disabled"",""used"":false}",9a273ece90e2860d96db1d0b80ae2c60222988e197e10728c2856316f0d09515
SpaGE__Vis9A_D7_spaim_effective4470__fold0,SpaGE,Vis9A,Vis9A_D7_spaim_effective4470,Primary,0,A,completed,0,"[""python"",""${REPOSITORY_ROOT}/baseline/SpaGE/run_spage_mhpr_fold_from_split.py"",""--locations-path"",""${ARCHIVE_ROOT}/processed_datasets/primary/Vis9A_D7_spaim_effective4470/Locations.txt"",""--st-data"",""${ARCHIVE_ROOT}/processed_datasets/primary/Vis9A_D7_spaim_effective4470/Spatial_count.txt"",""--sc-data"",""${ARCHIVE_ROOT}/processed_datasets/primary/Vis9A_D7_spaim_effective4470/scRNA_count.txt"",""--gene-split-json"",""${FORMAL_RUN_ROOT}/inputs/Vis9A_D7_spaim_effective4470/fold0/mode_a_split.json"",""--train-gene-idx-path"",""${ARCHIVE_ROOT}/frozen_splits/primary/Vis9A_D7_spaim_effective4470/gene_index_masks/fold0_train_gene_idx.npy"",""--val-gene-idx-path"",""${ARCHIVE_ROOT}/frozen_splits/primary/Vis9A_D7_spaim_effective4470/gene_index_masks/fold0_val_gene_idx.npy"",""--test-gene-idx-path"",""${ARCHIVE_ROOT}/frozen_splits/primary/Vis9A_D7_spaim_effective4470/gene_index_masks/fold0_test_gene_idx.npy"",""--model-gene-scope"",""train_indices"",""--output-dir"",""${FORMAL_RUN_ROOT}/baselines/SpaGE/Vis9A_D7_spaim_effective4470/fold0"",""--skip-adapter-metrics""]",53a620ea84e728f17a1776612e4ee8680c64e7e2fa28668e60ef19dca6fab781,33553a6394a306c3f5a03dc99a3b6cdf27e9a7bd56202fe730d3c466d2f9b3d5,e28b34038d4f5b8d0c0c8fae006db066438ee765f38dc6662c2cbfa3612a8281,8d9bfb6bb972df63b56d288cb9f316e54705e3dc77e9a0427020e55e22eae919,f3a1c16b35f56a534b109ced9d72a17e056c8cfd84d141203f5f02c58645329a,10242cc536b7baf55958ecddb9a560d87e64d1a0772a6c0f08d88f0a886d8644,7480af17ae915418113f18506d281e07455a1e057935768e13ca90d158185a03,a07439a830bdedba7e112956e93369b14d2f86176a3374f36efe3b375afa8f48,prediction_matrices/Vis9A_D7_spaim_effective4470/SpaGE/fold0/prediction.npz,532df7474e2fd38495a38910c6cbf7218018f8b2e2a8093e3ebe647d634e6429,"[995,894]",True,True,False,"{""policy"":""disabled"",""used"":false}",0d27a46d2192607b55d1e804116ec6d9abdf73e99eca58d28b25c703d599575e
SpaGE__Vis9A_D7_spaim_effective4470__fold1,SpaGE,Vis9A,Vis9A_D7_spaim_effective4470,Primary,1,A,completed,0,"[""python"",""${REPOSITORY_ROOT}/baseline/SpaGE/run_spage_mhpr_fold_from_split.py"",""--locations-path"",""${ARCHIVE_ROOT}/processed_datasets/primary/Vis9A_D7_spaim_effective4470/Locations.txt"",""--st-data"",""${ARCHIVE_ROOT}/processed_datasets/primary/Vis9A_D7_spaim_effective4470/Spatial_count.txt"",""--sc-data"",""${ARCHIVE_ROOT}/processed_datasets/primary/Vis9A_D7_spaim_effective4470/scRNA_count.txt"",""--gene-split-json"",""${FORMAL_RUN_ROOT}/inputs/Vis9A_D7_spaim_effective4470/fold1/mode_a_split.json"",""--train-gene-idx-path"",""${ARCHIVE_ROOT}/frozen_splits/primary/Vis9A_D7_spaim_effective4470/gene_index_masks/fold1_train_gene_idx.npy"",""--val-gene-idx-path"",""${ARCHIVE_ROOT}/frozen_splits/primary/Vis9A_D7_spaim_effective4470/gene_index_masks/fold1_val_gene_idx.npy"",""--test-gene-idx-path"",""${ARCHIVE_ROOT}/frozen_splits/primary/Vis9A_D7_spaim_effective4470/gene_index_masks/fold1_test_gene_idx.npy"",""--model-gene-scope"",""train_indices"",""--output-dir"",""${FORMAL_RUN_ROOT}/baselines/SpaGE/Vis9A_D7_spaim_effective4470/fold1"",""--skip-adapter-metrics""]",53a620ea84e728f17a1776612e4ee8680c64e7e2fa28668e60ef19dca6fab781,33553a6394a306c3f5a03dc99a3b6cdf27e9a7bd56202fe730d3c466d2f9b3d5,0907531dfe7158ad9471f37a089ad7994110b4854e6cd75ddb86fe41066b4fd9,74941a8e41d3c1489f5ac051143f644e604a41dc8ec8ff651cbef7dd699b9524,a313fa3424ae9537f07c50950271133408102f65620ec702f75dd114b8b88577,7fa16937da45bba58d41219305e839f81b56175454ef0db94a0ae529f68e5409,46c82b360e5dd491a62e06fe287cabbbb9ab55a291aff6a677d1cf559ab5e174,1b4c079e19bd0131297898bf5b5cc96807d22e4bcb2d20855e828cf2cf38f1d9,prediction_matrices/Vis9A_D7_spaim_effective4470/SpaGE/fold1/prediction.npz,0afe4c1d1f2918140c06a4ccd6a339be23d315e2be34e83cb76dd75806afa79c,"[995,894]",True,True,False,"{""policy"":""disabled"",""used"":false}",ab937f0a63b39da169fe6d80e01290db9967fb212386266c962199f2cc506b2b
SpaGE__Vis9A_D7_spaim_effective4470__fold2,SpaGE,Vis9A,Vis9A_D7_spaim_effective4470,Primary,2,A,completed,0,"[""python"",""${REPOSITORY_ROOT}/baseline/SpaGE/run_spage_mhpr_fold_from_split.py"",""--locations-path"",""${ARCHIVE_ROOT}/processed_datasets/primary/Vis9A_D7_spaim_effective4470/Locations.txt"",""--st-data"",""${ARCHIVE_ROOT}/processed_datasets/primary/Vis9A_D7_spaim_effective4470/Spatial_count.txt"",""--sc-data"",""${ARCHIVE_ROOT}/processed_datasets/primary/Vis9A_D7_spaim_effective4470/scRNA_count.txt"",""--gene-split-json"",""${FORMAL_RUN_ROOT}/inputs/Vis9A_D7_spaim_effective4470/fold2/mode_a_split.json"",""--train-gene-idx-path"",""${ARCHIVE_ROOT}/frozen_splits/primary/Vis9A_D7_spaim_effective4470/gene_index_masks/fold2_train_gene_idx.npy"",""--val-gene-idx-path"",""${ARCHIVE_ROOT}/frozen_splits/primary/Vis9A_D7_spaim_effective4470/gene_index_masks/fold2_val_gene_idx.npy"",""--test-gene-idx-path"",""${ARCHIVE_ROOT}/frozen_splits/primary/Vis9A_D7_spaim_effective4470/gene_index_masks/fold2_test_gene_idx.npy"",""--model-gene-scope"",""train_indices"",""--output-dir"",""${FORMAL_RUN_ROOT}/baselines/SpaGE/Vis9A_D7_spaim_effective4470/fold2"",""--skip-adapter-metrics""]",53a620ea84e728f17a1776612e4ee8680c64e7e2fa28668e60ef19dca6fab781,33553a6394a306c3f5a03dc99a3b6cdf27e9a7bd56202fe730d3c466d2f9b3d5,011e96b0da99b251e54cd84efd7fa86095ff89f2fd6ac9bf4e972e25791eb8b4,1a9cf15953f3bbef389ac43fa77d9baf9b30bc8da1f6b2867f455c1cc23abec8,716fad7064f06c21164d208724a2430d2607f6a0a308d056fc73d0083a29ab3a,d6af4a2437e5bbb53595e02be753d067346e001b9f253894f515998c19c1bcfa,171131c765a7dd984b0a392ab8c32d322a7a5c01d6a97cc995e2d5c67d30140d,b391f7815fd217b0e983cc50f4d8301d33e4178c22de155d18c0a4b08c5c6627,prediction_matrices/Vis9A_D7_spaim_effective4470/SpaGE/fold2/prediction.npz,98777a62ba71e16a2c54447a849a78d8c811f007770e6cf2c0768901b82efa47,"[995,894]",True,True,False,"{""policy"":""disabled"",""used"":false}",c1071e193faa3f5b996b7d4ef53b4743d90b058fb879c11a948c4651705e2ff5
SpaGE__Vis9A_D7_spaim_effective4470__fold3,SpaGE,Vis9A,Vis9A_D7_spaim_effective4470,Primary,3,A,completed,0,"[""python"",""${REPOSITORY_ROOT}/baseline/SpaGE/run_spage_mhpr_fold_from_split.py"",""--locations-path"",""${ARCHIVE_ROOT}/processed_datasets/primary/Vis9A_D7_spaim_effective4470/Locations.txt"",""--st-data"",""${ARCHIVE_ROOT}/processed_datasets/primary/Vis9A_D7_spaim_effective4470/Spatial_count.txt"",""--sc-data"",""${ARCHIVE_ROOT}/processed_datasets/primary/Vis9A_D7_spaim_effective4470/scRNA_count.txt"",""--gene-split-json"",""${FORMAL_RUN_ROOT}/inputs/Vis9A_D7_spaim_effective4470/fold3/mode_a_split.json"",""--train-gene-idx-path"",""${ARCHIVE_ROOT}/frozen_splits/primary/Vis9A_D7_spaim_effective4470/gene_index_masks/fold3_train_gene_idx.npy"",""--val-gene-idx-path"",""${ARCHIVE_ROOT}/frozen_splits/primary/Vis9A_D7_spaim_effective4470/gene_index_masks/fold3_val_gene_idx.npy"",""--test-gene-idx-path"",""${ARCHIVE_ROOT}/frozen_splits/primary/Vis9A_D7_spaim_effective4470/gene_index_masks/fold3_test_gene_idx.npy"",""--model-gene-scope"",""train_indices"",""--output-dir"",""${FORMAL_RUN_ROOT}/baselines/SpaGE/Vis9A_D7_spaim_effective4470/fold3"",""--skip-adapter-metrics""]",53a620ea84e728f17a1776612e4ee8680c64e7e2fa28668e60ef19dca6fab781,33553a6394a306c3f5a03dc99a3b6cdf27e9a7bd56202fe730d3c466d2f9b3d5,da70bea4781d7b653b0e1372f0a45d907ec80f65a17ca15e01b01ddee22ab2a6,81adbcd321b5f4633fd86b28cbb5c4437d68d6a4d997e605fda827667afb68c3,d1a740dee74f81000d26555bc50f537d8fcb7bddcaeab61632bde6497e1390ce,37684f98f14b15f246da067cae7bf06fc0c704aa468fc31536c34de5e1cfcf3f,d55ef121d713cd02df05b594f535b51173615252a8f9a6e67d2b6cd966f3a48f,fb13f8283dcd67e6d4449990e7e3c7bab0381066a42c91dafd3d532b73b0210f,prediction_matrices/Vis9A_D7_spaim_effective4470/SpaGE/fold3/prediction.npz,7d17f5f1efaec2179fd7d7f001a55b6570591435ab4dab0baccecda9890b4eab,"[995,894]",True,True,False,"{""policy"":""disabled"",""used"":false}",c11184f03565f260b9617d84b637f5e39a4a97c486443a49e31ffacfbad1527c
SpaGE__Vis9A_D7_spaim_effective4470__fold4,SpaGE,Vis9A,Vis9A_D7_spaim_effective4470,Primary,4,A,completed,0,"[""python"",""${REPOSITORY_ROOT}/baseline/SpaGE/run_spage_mhpr_fold_from_split.py"",""--locations-path"",""${ARCHIVE_ROOT}/processed_datasets/primary/Vis9A_D7_spaim_effective4470/Locations.txt"",""--st-data"",""${ARCHIVE_ROOT}/processed_datasets/primary/Vis9A_D7_spaim_effective4470/Spatial_count.txt"",""--sc-data"",""${ARCHIVE_ROOT}/processed_datasets/primary/Vis9A_D7_spaim_effective4470/scRNA_count.txt"",""--gene-split-json"",""${FORMAL_RUN_ROOT}/inputs/Vis9A_D7_spaim_effective4470/fold4/mode_a_split.json"",""--train-gene-idx-path"",""${ARCHIVE_ROOT}/frozen_splits/primary/Vis9A_D7_spaim_effective4470/gene_index_masks/fold4_train_gene_idx.npy"",""--val-gene-idx-path"",""${ARCHIVE_ROOT}/frozen_splits/primary/Vis9A_D7_spaim_effective4470/gene_index_masks/fold4_val_gene_idx.npy"",""--test-gene-idx-path"",""${ARCHIVE_ROOT}/frozen_splits/primary/Vis9A_D7_spaim_effective4470/gene_index_masks/fold4_test_gene_idx.npy"",""--model-gene-scope"",""train_indices"",""--output-dir"",""${FORMAL_RUN_ROOT}/baselines/SpaGE/Vis9A_D7_spaim_effective4470/fold4"",""--skip-adapter-metrics""]",53a620ea84e728f17a1776612e4ee8680c64e7e2fa28668e60ef19dca6fab781,33553a6394a306c3f5a03dc99a3b6cdf27e9a7bd56202fe730d3c466d2f9b3d5,9c9fbb648a2debbb3400fd5d8dad55bb18c1a19d073077459ecbae490b2dc791,ca37cca345803631a6db534677fcf1390324e903f322c3692674b04b9badd5aa,0da07dfc5b528133dddbd3fe9ddbf9b282b61034b19ab5f4de7b9ca96f6c2f1c,2a53191f7351d8e88a4869f602852bcc1323835a717f178dfe86a051eebb1b8c,1c103fefb542a56adead736a68e00112100b512663b8d80695177b5aac4244a0,e664195299beb52a9111de66ba135a5260f732602172432e810eeb13939d46ea,prediction_matrices/Vis9A_D7_spaim_effective4470/SpaGE/fold4/prediction.npz,684c7afcbb03dfbf0aa0e9e75abd7a086fcedce6a9410a5ce48880a7ca1264c9,"[995,894]",True,True,False,"{""policy"":""disabled"",""used"":false}",208891c26afed90a3e1adb3bdcde6f5924b9eb2b4cb9b9a4de04c38f93912b80
SpaIM__Cell2location_mouse_brain_ST8059048_shared12819__fold0,SpaIM,Cell2location,Cell2location_mouse_brain_ST8059048_shared12819,Primary,0,A,completed,0,"[""python"",""${REPOSITORY_ROOT}/baseline/SpaIM-main/run_spaim_mhpr_fold_from_split.py"",""--locations-path"",""${ARCHIVE_ROOT}/processed_datasets/primary/Cell2location_mouse_brain_ST8059048_shared12819/Locations.txt"",""--st-data"",""${ARCHIVE_ROOT}/processed_datasets/primary/Cell2location_mouse_brain_ST8059048_shared12819/Spatial_count.txt"",""--sc-data"",""${ARCHIVE_ROOT}/processed_datasets/primary/Cell2location_mouse_brain_ST8059048_shared12819/scRNA_count.txt"",""--gene-split-json"",""${FORMAL_RUN_ROOT}/inputs/Cell2location_mouse_brain_ST8059048_shared12819/fold0/mode_a_split.json"",""--train-gene-idx-path"",""${ARCHIVE_ROOT}/frozen_splits/primary/Cell2location_mouse_brain_ST8059048_shared12819/gene_index_masks/fold0_train_gene_idx.npy"",""--val-gene-idx-path"",""${ARCHIVE_ROOT}/frozen_splits/primary/Cell2location_mouse_brain_ST8059048_shared12819/gene_index_masks/fold0_val_gene_idx.npy"",""--test-gene-idx-path"",""${ARCHIVE_ROOT}/frozen_splits/primary/Cell2location_mouse_brain_ST8059048_shared12819/gene_index_masks/fold0_test_gene_idx.npy"",""--st-normalization-scope"",""train_genes"",""--model-gene-scope"",""train_indices"",""--gpu"",""0"",""--disable-native-filtering"",""--output-dir"",""${FORMAL_RUN_ROOT}/baselines/SpaIM/Cell2location_mouse_brain_ST8059048_shared12819/fold0"",""--skip-adapter-metrics""]",746698f54a6a95a289fe74af906041b9dbc6e021f646b3851fb062788477faf5,33553a6394a306c3f5a03dc99a3b6cdf27e9a7bd56202fe730d3c466d2f9b3d5,8c7cf0f2cef7bfae57f2bd3846bc527a3dba2429ce561d51522497f07b5bc4e8,beb942b57e04f728580ccf6e584d0e9a51c978cb1123faea34506275bdb95999,8be16e884c5f68f03a6fb475dc8299852e76f195ca05fb177189a01317f510ed,33ac1c5e8b36e2610ec33736f195b6999892ed5d10145c5f34ac647d4f36fcb4,42132cf916c0a08eee0ac52bb15ddbae937f039dad0d804ddf1b9dd549a97cd8,d3772a0c11ec3508cb6701e4462138af9b59d21368ea8843caf18ac4e98b2c11,prediction_matrices/Cell2location_mouse_brain_ST8059048_shared12819/SpaIM/fold0/prediction.npz,d1363f6b022a5aa9f6653b4509ffe0f2d0811e45ea4fa12a1d82ee7208aeadfb,"[2987,2564]",True,True,False,native_filtering_disabled=True,66ee8246e11bc701efd8e00af8349eded49821578761a1fd91f6bcbc5e5bf7eb
SpaIM__Cell2location_mouse_brain_ST8059048_shared12819__fold1,SpaIM,Cell2location,Cell2location_mouse_brain_ST8059048_shared12819,Primary,1,A,completed,0,"[""python"",""${REPOSITORY_ROOT}/baseline/SpaIM-main/run_spaim_mhpr_fold_from_split.py"",""--locations-path"",""${ARCHIVE_ROOT}/processed_datasets/primary/Cell2location_mouse_brain_ST8059048_shared12819/Locations.txt"",""--st-data"",""${ARCHIVE_ROOT}/processed_datasets/primary/Cell2location_mouse_brain_ST8059048_shared12819/Spatial_count.txt"",""--sc-data"",""${ARCHIVE_ROOT}/processed_datasets/primary/Cell2location_mouse_brain_ST8059048_shared12819/scRNA_count.txt"",""--gene-split-json"",""${FORMAL_RUN_ROOT}/inputs/Cell2location_mouse_brain_ST8059048_shared12819/fold1/mode_a_split.json"",""--train-gene-idx-path"",""${ARCHIVE_ROOT}/frozen_splits/primary/Cell2location_mouse_brain_ST8059048_shared12819/gene_index_masks/fold1_train_gene_idx.npy"",""--val-gene-idx-path"",""${ARCHIVE_ROOT}/frozen_splits/primary/Cell2location_mouse_brain_ST8059048_shared12819/gene_index_masks/fold1_val_gene_idx.npy"",""--test-gene-idx-path"",""${ARCHIVE_ROOT}/frozen_splits/primary/Cell2location_mouse_brain_ST8059048_shared12819/gene_index_masks/fold1_test_gene_idx.npy"",""--st-normalization-scope"",""train_genes"",""--model-gene-scope"",""train_indices"",""--gpu"",""0"",""--disable-native-filtering"",""--output-dir"",""${FORMAL_RUN_ROOT}/baselines/SpaIM/Cell2location_mouse_brain_ST8059048_shared12819/fold1"",""--skip-adapter-metrics""]",746698f54a6a95a289fe74af906041b9dbc6e021f646b3851fb062788477faf5,33553a6394a306c3f5a03dc99a3b6cdf27e9a7bd56202fe730d3c466d2f9b3d5,a9fcfe791fd491ec4358a0a5ee4901c6c010b3a8eb9a11ee30b06d87c9c3982c,0ff2bfa6a65f9e83e52a8633dfedaa8721c7dd857b0ea23ed7c37b79be869435,f6dca5be5a6b3cb7e9e4aa5929f525a7647889689a628bd343be7b52871e6541,3be41559f2cc15da3c7c65c9638c12bd53309ca07291f9c628802d4009a9fb2e,c93d5ceafd8a0113441c5b57ba7410060f22ab7eb635b1b4baf6890b8402eb81,b6a7fc58b021027fdad0cd2925da07a3d6cae844c1d5046e7f66e9d2a8634413,prediction_matrices/Cell2location_mouse_brain_ST8059048_shared12819/SpaIM/fold1/prediction.npz,f48dfbd3c5c95bbc1869e682c9012b40a2c161881ca5da5a7d447e8cfde3c230,"[2987,2564]",True,True,False,native_filtering_disabled=True,d31a73ce9d14157e19375fcf9c9a9001c177fce75aa7599b00e45d11d7246e55
SpaIM__Cell2location_mouse_brain_ST8059048_shared12819__fold2,SpaIM,Cell2location,Cell2location_mouse_brain_ST8059048_shared12819,Primary,2,A,completed,0,"[""python"",""${REPOSITORY_ROOT}/baseline/SpaIM-main/run_spaim_mhpr_fold_from_split.py"",""--locations-path"",""${ARCHIVE_ROOT}/processed_datasets/primary/Cell2location_mouse_brain_ST8059048_shared12819/Locations.txt"",""--st-data"",""${ARCHIVE_ROOT}/processed_datasets/primary/Cell2location_mouse_brain_ST8059048_shared12819/Spatial_count.txt"",""--sc-data"",""${ARCHIVE_ROOT}/processed_datasets/primary/Cell2location_mouse_brain_ST8059048_shared12819/scRNA_count.txt"",""--gene-split-json"",""${FORMAL_RUN_ROOT}/inputs/Cell2location_mouse_brain_ST8059048_shared12819/fold2/mode_a_split.json"",""--train-gene-idx-path"",""${ARCHIVE_ROOT}/frozen_splits/primary/Cell2location_mouse_brain_ST8059048_shared12819/gene_index_masks/fold2_train_gene_idx.npy"",""--val-gene-idx-path"",""${ARCHIVE_ROOT}/frozen_splits/primary/Cell2location_mouse_brain_ST8059048_shared12819/gene_index_masks/fold2_val_gene_idx.npy"",""--test-gene-idx-path"",""${ARCHIVE_ROOT}/frozen_splits/primary/Cell2location_mouse_brain_ST8059048_shared12819/gene_index_masks/fold2_test_gene_idx.npy"",""--st-normalization-scope"",""train_genes"",""--model-gene-scope"",""train_indices"",""--gpu"",""0"",""--disable-native-filtering"",""--output-dir"",""${FORMAL_RUN_ROOT}/baselines/SpaIM/Cell2location_mouse_brain_ST8059048_shared12819/fold2"",""--skip-adapter-metrics""]",746698f54a6a95a289fe74af906041b9dbc6e021f646b3851fb062788477faf5,33553a6394a306c3f5a03dc99a3b6cdf27e9a7bd56202fe730d3c466d2f9b3d5,819a27cbe0214bd4181e39e5f0a15edf6ff6cb633d68febb389e0b1df9681788,eefeca3f31c91967f8ecb2d8afa5e2b990aff18fd97bee4ff8d4eacb1becc0cb,3b1d1818321bb1aad27509a350d0d0f4236b98ab1907a6ae09ecca0423d2259b,7721049aa7985f166194f9815e2072dcc66d56def574ce6922057026da582c1c,388b0c2f32a30a09cd51e187b80065e4362646d4a53ba443db77cbf7f93849fe,fe5ac5802d5ad5ae7979ed8da3b63548473f1ee55e5cbe255ff419deb96ad96f,prediction_matrices/Cell2location_mouse_brain_ST8059048_shared12819/SpaIM/fold2/prediction.npz,ef936b8a39d0c0a7d93d662c3893f91f1747632d0e38d8a9927015f274301d98,"[2987,2564]",True,True,False,native_filtering_disabled=True,6ba941fcf9fb5dd05e35c072e576eaeee141039384c9209faf5bd8b9bfcb85d5
SpaIM__Cell2location_mouse_brain_ST8059048_shared12819__fold3,SpaIM,Cell2location,Cell2location_mouse_brain_ST8059048_shared12819,Primary,3,A,completed,0,"[""python"",""${REPOSITORY_ROOT}/baseline/SpaIM-main/run_spaim_mhpr_fold_from_split.py"",""--locations-path"",""${ARCHIVE_ROOT}/processed_datasets/primary/Cell2location_mouse_brain_ST8059048_shared12819/Locations.txt"",""--st-data"",""${ARCHIVE_ROOT}/processed_datasets/primary/Cell2location_mouse_brain_ST8059048_shared12819/Spatial_count.txt"",""--sc-data"",""${ARCHIVE_ROOT}/processed_datasets/primary/Cell2location_mouse_brain_ST8059048_shared12819/scRNA_count.txt"",""--gene-split-json"",""${FORMAL_RUN_ROOT}/inputs/Cell2location_mouse_brain_ST8059048_shared12819/fold3/mode_a_split.json"",""--train-gene-idx-path"",""${ARCHIVE_ROOT}/frozen_splits/primary/Cell2location_mouse_brain_ST8059048_shared12819/gene_index_masks/fold3_train_gene_idx.npy"",""--val-gene-idx-path"",""${ARCHIVE_ROOT}/frozen_splits/primary/Cell2location_mouse_brain_ST8059048_shared12819/gene_index_masks/fold3_val_gene_idx.npy"",""--test-gene-idx-path"",""${ARCHIVE_ROOT}/frozen_splits/primary/Cell2location_mouse_brain_ST8059048_shared12819/gene_index_masks/fold3_test_gene_idx.npy"",""--st-normalization-scope"",""train_genes"",""--model-gene-scope"",""train_indices"",""--gpu"",""0"",""--disable-native-filtering"",""--output-dir"",""${FORMAL_RUN_ROOT}/baselines/SpaIM/Cell2location_mouse_brain_ST8059048_shared12819/fold3"",""--skip-adapter-metrics""]",746698f54a6a95a289fe74af906041b9dbc6e021f646b3851fb062788477faf5,33553a6394a306c3f5a03dc99a3b6cdf27e9a7bd56202fe730d3c466d2f9b3d5,9d4ebd250b1cda6ffbcbb2b29f1a5fe0f0980335235d843caac9acc18f982fef,c7bebc9fe0284c3c385d44872385f244da718a70f8cdf397c5247d8fbe1f010c,64626541e38ccc7934d048bf78aca7d206cedec5c245492d4a4e9f90d279bd51,087c62d320d0fc959472bab977f31c2ad218ecd12a29a42774d0da150fee820e,bf93b7e05806eb237fb160017302819f4014b724aa0cf5cc93b97e6126b7c19d,e9e9e88dcb5dd0f5134922bbfe76b29301cd4994e8cc6ec51df302880b48acb1,prediction_matrices/Cell2location_mouse_brain_ST8059048_shared12819/SpaIM/fold3/prediction.npz,b0e4f6425bed850bad9121ec6aa58148635f4c7f52a1d1e737e499ad6adec709,"[2987,2564]",True,True,False,native_filtering_disabled=True,04dee06726082014fa1791eb9f492ac8c16b2315aabac342238d7595b77b2040
SpaIM__Cell2location_mouse_brain_ST8059048_shared12819__fold4,SpaIM,Cell2location,Cell2location_mouse_brain_ST8059048_shared12819,Primary,4,A,completed,0,"[""python"",""${REPOSITORY_ROOT}/baseline/SpaIM-main/run_spaim_mhpr_fold_from_split.py"",""--locations-path"",""${ARCHIVE_ROOT}/processed_datasets/primary/Cell2location_mouse_brain_ST8059048_shared12819/Locations.txt"",""--st-data"",""${ARCHIVE_ROOT}/processed_datasets/primary/Cell2location_mouse_brain_ST8059048_shared12819/Spatial_count.txt"",""--sc-data"",""${ARCHIVE_ROOT}/processed_datasets/primary/Cell2location_mouse_brain_ST8059048_shared12819/scRNA_count.txt"",""--gene-split-json"",""${FORMAL_RUN_ROOT}/inputs/Cell2location_mouse_brain_ST8059048_shared12819/fold4/mode_a_split.json"",""--train-gene-idx-path"",""${ARCHIVE_ROOT}/frozen_splits/primary/Cell2location_mouse_brain_ST8059048_shared12819/gene_index_masks/fold4_train_gene_idx.npy"",""--val-gene-idx-path"",""${ARCHIVE_ROOT}/frozen_splits/primary/Cell2location_mouse_brain_ST8059048_shared12819/gene_index_masks/fold4_val_gene_idx.npy"",""--test-gene-idx-path"",""${ARCHIVE_ROOT}/frozen_splits/primary/Cell2location_mouse_brain_ST8059048_shared12819/gene_index_masks/fold4_test_gene_idx.npy"",""--st-normalization-scope"",""train_genes"",""--model-gene-scope"",""train_indices"",""--gpu"",""0"",""--disable-native-filtering"",""--output-dir"",""${FORMAL_RUN_ROOT}/baselines/SpaIM/Cell2location_mouse_brain_ST8059048_shared12819/fold4"",""--skip-adapter-metrics""]",746698f54a6a95a289fe74af906041b9dbc6e021f646b3851fb062788477faf5,33553a6394a306c3f5a03dc99a3b6cdf27e9a7bd56202fe730d3c466d2f9b3d5,f3f8a6437f43a07906d1664c0aee3bb44e3e6880b56b293a9988889281f03a28,6466cbcee4a1936f8dbb07a0960d6d76f25aa44542edc491134ce7eec5ef37f1,cbfd99ddf09fc04cdd459900188deebf6aa01fb6772593727f2ff5fc584e637c,c7b76f6a2f506710a748a0a3a82d9f5a0cda55969fbdb712f1aa6fc562c45645,9e94e2499f4429b3086b9be011fd8b5ba1762f33507e11202bd4d64e0ae69f73,9b93eae5339db2225cd2f86dadf5bee71c867172cb3ec64d97b707062eef7190,prediction_matrices/Cell2location_mouse_brain_ST8059048_shared12819/SpaIM/fold4/prediction.npz,85ca9952defb8c3e74c72aa04f1b6c142e538ac95a823e757316e5c2b5f9b250,"[2987,2563]",True,True,False,native_filtering_disabled=True,05cfa24a5ad880ab703cff78208098bb0881811a344fe3713494ae877ae2c7a1
SpaIM__HBC_shared16112__fold0,SpaIM,HBC,HBC_shared16112,Primary,0,A,completed,0,"[""python"",""${REPOSITORY_ROOT}/baseline/SpaIM-main/run_spaim_mhpr_fold_from_split.py"",""--locations-path"",""${ARCHIVE_ROOT}/processed_datasets/primary/HBC_shared16112/Locations.txt"",""--st-data"",""${ARCHIVE_ROOT}/processed_datasets/primary/HBC_shared16112/Spatial_count.txt"",""--sc-data"",""${ARCHIVE_ROOT}/processed_datasets/primary/HBC_shared16112/scRNA_count.txt"",""--gene-split-json"",""${FORMAL_RUN_ROOT}/inputs/HBC_shared16112/fold0/mode_a_split.json"",""--train-gene-idx-path"",""${ARCHIVE_ROOT}/frozen_splits/primary/HBC_shared16112/gene_index_masks/fold0_train_gene_idx.npy"",""--val-gene-idx-path"",""${ARCHIVE_ROOT}/frozen_splits/primary/HBC_shared16112/gene_index_masks/fold0_val_gene_idx.npy"",""--test-gene-idx-path"",""${ARCHIVE_ROOT}/frozen_splits/primary/HBC_shared16112/gene_index_masks/fold0_test_gene_idx.npy"",""--st-normalization-scope"",""train_genes"",""--model-gene-scope"",""train_indices"",""--gpu"",""0"",""--disable-native-filtering"",""--output-dir"",""${FORMAL_RUN_ROOT}/baselines/SpaIM/HBC_shared16112/fold0"",""--skip-adapter-metrics""]",746698f54a6a95a289fe74af906041b9dbc6e021f646b3851fb062788477faf5,33553a6394a306c3f5a03dc99a3b6cdf27e9a7bd56202fe730d3c466d2f9b3d5,0e0f26aae7890412c874fec53e7b273bd0d4e46909eb9e1b4b88e1dc1a04c319,4ce4847e775e2d24b06c749fb149a6aaa2de40942e4a9f3777be9f3abb032977,ef83fab615edb32ce9bdae91286943e023e38ae1f7e97b8d48274757fb37f562,76af4f9935024e2ac1fd6186c7e99cf5c01d56ca5fcc023d47497d9581c10874,a3f4969b2064f41c0446caa29c91b0a0bd97fba5a7bb664ac4176083afeb2f85,328f85b624e8ce94201a9ea8aa5066647276191cceac02bf2ba68e78bec09ea6,prediction_matrices/HBC_shared16112/SpaIM/fold0/prediction.npz,feba8c9fc0ce3d5a3a58c97fe47204de84c92a7b3ee8b30c1c2bf9cb6e8887ab,"[4784,3223]",True,True,False,native_filtering_disabled=True,f38019f41b66a17e799ffcf60e7278125f97bd3673fa7f69cc6152a3b05ae43b
SpaIM__HBC_shared16112__fold1,SpaIM,HBC,HBC_shared16112,Primary,1,A,completed,0,"[""python"",""${REPOSITORY_ROOT}/baseline/SpaIM-main/run_spaim_mhpr_fold_from_split.py"",""--locations-path"",""${ARCHIVE_ROOT}/processed_datasets/primary/HBC_shared16112/Locations.txt"",""--st-data"",""${ARCHIVE_ROOT}/processed_datasets/primary/HBC_shared16112/Spatial_count.txt"",""--sc-data"",""${ARCHIVE_ROOT}/processed_datasets/primary/HBC_shared16112/scRNA_count.txt"",""--gene-split-json"",""${FORMAL_RUN_ROOT}/inputs/HBC_shared16112/fold1/mode_a_split.json"",""--train-gene-idx-path"",""${ARCHIVE_ROOT}/frozen_splits/primary/HBC_shared16112/gene_index_masks/fold1_train_gene_idx.npy"",""--val-gene-idx-path"",""${ARCHIVE_ROOT}/frozen_splits/primary/HBC_shared16112/gene_index_masks/fold1_val_gene_idx.npy"",""--test-gene-idx-path"",""${ARCHIVE_ROOT}/frozen_splits/primary/HBC_shared16112/gene_index_masks/fold1_test_gene_idx.npy"",""--st-normalization-scope"",""train_genes"",""--model-gene-scope"",""train_indices"",""--gpu"",""0"",""--disable-native-filtering"",""--output-dir"",""${FORMAL_RUN_ROOT}/baselines/SpaIM/HBC_shared16112/fold1"",""--skip-adapter-metrics""]",746698f54a6a95a289fe74af906041b9dbc6e021f646b3851fb062788477faf5,33553a6394a306c3f5a03dc99a3b6cdf27e9a7bd56202fe730d3c466d2f9b3d5,71f97ec07a1af8c1e9452b99db6b09896c76912c566cef2b722885ba7fd8ba68,f6691162c498f3137b20fa905f242e3aef94af9baae454a9ea793484f2681761,6e62bbad175f2aaa6df1e9bb647e7adcdeadc72591877ab28245dcbff0363b30,a360b611bda06d9e4cc17925d9e0e1215cdc6989f2b6546ba1020b48ff8867a4,89d348c106fe410e5bd6f85aff16a978bd38b4406b96ed490b0f54c877a22d06,81f9d1dec0d42e9d041e24d6a202c8dd6dbc674a147db234aabd80b98dcd9cf1,prediction_matrices/HBC_shared16112/SpaIM/fold1/prediction.npz,2d5caaf33fb367d3a83bc7eea9c7594035ab780ff12a5d8dfd0b923539276b02,"[4784,3223]",True,True,False,native_filtering_disabled=True,90b2ca8f08c3c12a2aeb531e8f297b178dadf332b1d7d0753a0713fbd2c864ec
SpaIM__HBC_shared16112__fold2,SpaIM,HBC,HBC_shared16112,Primary,2,A,completed,0,"[""python"",""${REPOSITORY_ROOT}/baseline/SpaIM-main/run_spaim_mhpr_fold_from_split.py"",""--locations-path"",""${ARCHIVE_ROOT}/processed_datasets/primary/HBC_shared16112/Locations.txt"",""--st-data"",""${ARCHIVE_ROOT}/processed_datasets/primary/HBC_shared16112/Spatial_count.txt"",""--sc-data"",""${ARCHIVE_ROOT}/processed_datasets/primary/HBC_shared16112/scRNA_count.txt"",""--gene-split-json"",""${FORMAL_RUN_ROOT}/inputs/HBC_shared16112/fold2/mode_a_split.json"",""--train-gene-idx-path"",""${ARCHIVE_ROOT}/frozen_splits/primary/HBC_shared16112/gene_index_masks/fold2_train_gene_idx.npy"",""--val-gene-idx-path"",""${ARCHIVE_ROOT}/frozen_splits/primary/HBC_shared16112/gene_index_masks/fold2_val_gene_idx.npy"",""--test-gene-idx-path"",""${ARCHIVE_ROOT}/frozen_splits/primary/HBC_shared16112/gene_index_masks/fold2_test_gene_idx.npy"",""--st-normalization-scope"",""train_genes"",""--model-gene-scope"",""train_indices"",""--gpu"",""0"",""--disable-native-filtering"",""--output-dir"",""${FORMAL_RUN_ROOT}/baselines/SpaIM/HBC_shared16112/fold2"",""--skip-adapter-metrics""]",746698f54a6a95a289fe74af906041b9dbc6e021f646b3851fb062788477faf5,33553a6394a306c3f5a03dc99a3b6cdf27e9a7bd56202fe730d3c466d2f9b3d5,3151e7d7ecb1e6a766ccd9b8426b8cbd41bd28c195af49f220ada555888a0691,74e6b6d0a2308db90c59d08f6a9d95a2ea8ce510f160c4623ea4e6e171218d81,5615efb74616d0c80e8435991868790245143020fc88e691e677355667146182,cd66c3485da98b37730a74b6241945037566355ecfdb478262f3db6fd5fcd041,c3be12018dc6417829a992c180042316326aa1dee1f67df43376122d443c03dc,6c898573b7133a467b4a570d44290117a975000102acd3ceb08f980e340297d0,prediction_matrices/HBC_shared16112/SpaIM/fold2/prediction.npz,2471ef8e409cda72293fad963fb668857df11ba997319ca7bcabbda5c44e7d98,"[4784,3222]",True,True,False,native_filtering_disabled=True,b9ac078be518455bc40f03e646e1b9943bcafc7c8500ad530b27d8fa920af7e2
SpaIM__HBC_shared16112__fold3,SpaIM,HBC,HBC_shared16112,Primary,3,A,completed,0,"[""python"",""${REPOSITORY_ROOT}/baseline/SpaIM-main/run_spaim_mhpr_fold_from_split.py"",""--locations-path"",""${ARCHIVE_ROOT}/processed_datasets/primary/HBC_shared16112/Locations.txt"",""--st-data"",""${ARCHIVE_ROOT}/processed_datasets/primary/HBC_shared16112/Spatial_count.txt"",""--sc-data"",""${ARCHIVE_ROOT}/processed_datasets/primary/HBC_shared16112/scRNA_count.txt"",""--gene-split-json"",""${FORMAL_RUN_ROOT}/inputs/HBC_shared16112/fold3/mode_a_split.json"",""--train-gene-idx-path"",""${ARCHIVE_ROOT}/frozen_splits/primary/HBC_shared16112/gene_index_masks/fold3_train_gene_idx.npy"",""--val-gene-idx-path"",""${ARCHIVE_ROOT}/frozen_splits/primary/HBC_shared16112/gene_index_masks/fold3_val_gene_idx.npy"",""--test-gene-idx-path"",""${ARCHIVE_ROOT}/frozen_splits/primary/HBC_shared16112/gene_index_masks/fold3_test_gene_idx.npy"",""--st-normalization-scope"",""train_genes"",""--model-gene-scope"",""train_indices"",""--gpu"",""0"",""--disable-native-filtering"",""--output-dir"",""${FORMAL_RUN_ROOT}/baselines/SpaIM/HBC_shared16112/fold3"",""--skip-adapter-metrics""]",746698f54a6a95a289fe74af906041b9dbc6e021f646b3851fb062788477faf5,33553a6394a306c3f5a03dc99a3b6cdf27e9a7bd56202fe730d3c466d2f9b3d5,0bc2fa14bfd07f7ad42c99d9ccb5bc7256321890bdc7632941f7c77e84ea201a,4d37be4bb433e1eb64d48e016818fdb19d7bb9cd109378daea424cafe05d95c8,9c7f0f0dfe9faea0e5c51061770d4b0f803b1cf356e515f5c0a80da7b27fd241,8087243cdb7b39691bdcc01fc15801c95fdcb9dec09222e50eab655048232c36,93256c82c034aaac186c28bd21d97e512d6827d756c1e1e95c1fa85812282c32,48746d76cfa8667ad9f7c63353efb7e36046a1f6a4b3d935ab22c8a23fc313ca,prediction_matrices/HBC_shared16112/SpaIM/fold3/prediction.npz,d386e1f639456eaaaa37f7ec3bb096137af474b1182fb3cd2c85bcda0c564aec,"[4784,3222]",True,True,False,native_filtering_disabled=True,62ce2c29fc37be79e217393c60eaa917cf4d5b04c5c103184df770b69fffc9b5
SpaIM__HBC_shared16112__fold4,SpaIM,HBC,HBC_shared16112,Primary,4,A,completed,0,"[""python"",""${REPOSITORY_ROOT}/baseline/SpaIM-main/run_spaim_mhpr_fold_from_split.py"",""--locations-path"",""${ARCHIVE_ROOT}/processed_datasets/primary/HBC_shared16112/Locations.txt"",""--st-data"",""${ARCHIVE_ROOT}/processed_datasets/primary/HBC_shared16112/Spatial_count.txt"",""--sc-data"",""${ARCHIVE_ROOT}/processed_datasets/primary/HBC_shared16112/scRNA_count.txt"",""--gene-split-json"",""${FORMAL_RUN_ROOT}/inputs/HBC_shared16112/fold4/mode_a_split.json"",""--train-gene-idx-path"",""${ARCHIVE_ROOT}/frozen_splits/primary/HBC_shared16112/gene_index_masks/fold4_train_gene_idx.npy"",""--val-gene-idx-path"",""${ARCHIVE_ROOT}/frozen_splits/primary/HBC_shared16112/gene_index_masks/fold4_val_gene_idx.npy"",""--test-gene-idx-path"",""${ARCHIVE_ROOT}/frozen_splits/primary/HBC_shared16112/gene_index_masks/fold4_test_gene_idx.npy"",""--st-normalization-scope"",""train_genes"",""--model-gene-scope"",""train_indices"",""--gpu"",""0"",""--disable-native-filtering"",""--output-dir"",""${FORMAL_RUN_ROOT}/baselines/SpaIM/HBC_shared16112/fold4"",""--skip-adapter-metrics""]",746698f54a6a95a289fe74af906041b9dbc6e021f646b3851fb062788477faf5,33553a6394a306c3f5a03dc99a3b6cdf27e9a7bd56202fe730d3c466d2f9b3d5,50bc08f08312203728bb423118610a20c20a57b61172cbd65f473ec37f4e5725,b37dc409f10071fda19e0442700e7b9e421adb325c90962e47529d74a2cc35c8,49d83a99de196efa3c7e88b1a6d9273297f2353ce77ce82098a58f7e174a4b41,e14a2a75568077bd2411444d4cfc8f92b7bee577016a75c237de095a7922c328,e1c31c594a974e5f60b55ac5c075aa29b463436e11c5fb1f9762ce7f9b0f78ae,688b31f0e7999e23b22817558abe8b749254aad514c6479714479aec43cbf6b0,prediction_matrices/HBC_shared16112/SpaIM/fold4/prediction.npz,a75d14115f8abbfbf06dfc141646f3d25485f13144e9070f19e82107e767b971,"[4784,3222]",True,True,False,native_filtering_disabled=True,071b36bc84dd122f3852274835d3937fc8136175357d906c9caf49cabc48c231
SpaIM__MHPR_current_panel__fold0,SpaIM,MHPR,MHPR_current_panel,Cross-platform,0,A,completed,0,"[""python"",""${REPOSITORY_ROOT}/baseline/SpaIM-main/run_spaim_mhpr_fold_from_split.py"",""--locations-path"",""${ARCHIVE_ROOT}/processed_datasets/cross_platform/MHPR_current_panel/Locations.txt"",""--st-data"",""${ARCHIVE_ROOT}/processed_datasets/cross_platform/MHPR_current_panel/Spatial_count.txt"",""--sc-data"",""${ARCHIVE_ROOT}/processed_datasets/cross_platform/MHPR_current_panel/scRNA_count.txt"",""--gene-split-json"",""${FORMAL_RUN_ROOT}/inputs/MHPR_current_panel/fold0/mode_a_split.json"",""--train-gene-idx-path"",""${ARCHIVE_ROOT}/frozen_splits/cross_platform/MHPR_current_panel/gene_index_masks/fold0_train_gene_idx.npy"",""--val-gene-idx-path"",""${ARCHIVE_ROOT}/frozen_splits/cross_platform/MHPR_current_panel/gene_index_masks/fold0_val_gene_idx.npy"",""--test-gene-idx-path"",""${ARCHIVE_ROOT}/frozen_splits/cross_platform/MHPR_current_panel/gene_index_masks/fold0_test_gene_idx.npy"",""--st-normalization-scope"",""train_genes"",""--model-gene-scope"",""train_indices"",""--gpu"",""0"",""--disable-native-filtering"",""--output-dir"",""${FORMAL_RUN_ROOT}/baselines/SpaIM/MHPR_current_panel/fold0"",""--skip-adapter-metrics""]",746698f54a6a95a289fe74af906041b9dbc6e021f646b3851fb062788477faf5,33553a6394a306c3f5a03dc99a3b6cdf27e9a7bd56202fe730d3c466d2f9b3d5,88c06464a227011265319ac81d1df782ceaf47b82ac8ef706886eeeb66da049f,b1013c6452a81457d697471e5d16a95d7094947e915b03dcd772d6b853773cdb,036cf336ecd09358235b422277280bb5af2ef8c6b8150a3d2cbd256c3c8e3cd7,d1f5df6226611de08ef70f86e141417a7813b9cfa1aea08cd70599a1a6873af8,ed629707929131f4452d80ef755d61748a77eca26575ffab67975613a82acee2,91cd76cd5be8c8f6410ffede20b9db485c9cce0e34ecab49cca02609b1280985,prediction_matrices/MHPR_current_panel/SpaIM/fold0/prediction.npz,e26b5cbfd7a86beda30f53f6d8c0d1cb91219334d42b20d2150e0eac87948707,"[4975,31]",True,True,False,native_filtering_disabled=True,64009e85bf0ec9cb7bd9d5c85f24a084ae6d20fa476bb3075df791ed21fc432f
SpaIM__MHPR_current_panel__fold1,SpaIM,MHPR,MHPR_current_panel,Cross-platform,1,A,completed,0,"[""python"",""${REPOSITORY_ROOT}/baseline/SpaIM-main/run_spaim_mhpr_fold_from_split.py"",""--locations-path"",""${ARCHIVE_ROOT}/processed_datasets/cross_platform/MHPR_current_panel/Locations.txt"",""--st-data"",""${ARCHIVE_ROOT}/processed_datasets/cross_platform/MHPR_current_panel/Spatial_count.txt"",""--sc-data"",""${ARCHIVE_ROOT}/processed_datasets/cross_platform/MHPR_current_panel/scRNA_count.txt"",""--gene-split-json"",""${FORMAL_RUN_ROOT}/inputs/MHPR_current_panel/fold1/mode_a_split.json"",""--train-gene-idx-path"",""${ARCHIVE_ROOT}/frozen_splits/cross_platform/MHPR_current_panel/gene_index_masks/fold1_train_gene_idx.npy"",""--val-gene-idx-path"",""${ARCHIVE_ROOT}/frozen_splits/cross_platform/MHPR_current_panel/gene_index_masks/fold1_val_gene_idx.npy"",""--test-gene-idx-path"",""${ARCHIVE_ROOT}/frozen_splits/cross_platform/MHPR_current_panel/gene_index_masks/fold1_test_gene_idx.npy"",""--st-normalization-scope"",""train_genes"",""--model-gene-scope"",""train_indices"",""--gpu"",""0"",""--disable-native-filtering"",""--output-dir"",""${FORMAL_RUN_ROOT}/baselines/SpaIM/MHPR_current_panel/fold1"",""--skip-adapter-metrics""]",746698f54a6a95a289fe74af906041b9dbc6e021f646b3851fb062788477faf5,33553a6394a306c3f5a03dc99a3b6cdf27e9a7bd56202fe730d3c466d2f9b3d5,5c9079c4cd895b805b49631debcc173b16b49adc073be4378d6220c030378a98,cdaccae0f261ae3028bb083740e7054f05af1d3498073aeafc42424573c79163,66647b4201235c7b617440f8db9d692294860c6329ebcbee5be7f3814d2afcad,8d4cd1eab34edcd141c4f91b151cc22825e8305d3dfd2ed1f2ffd6cd7df6cfde,9e4ad9b4be9a7f00c6282edfe62bd299d16fdded750f44204f0fadbfddc53e79,1c3bcd02974681fe65e5636ae002c8ff251eca249a9ad8aa73624d1351bae838,prediction_matrices/MHPR_current_panel/SpaIM/fold1/prediction.npz,545e3bb7fda41186afc74f6c7a7974852569f5df4b27152989858d26d97af924,"[4975,31]",True,True,False,native_filtering_disabled=True,6a2d47c870806d958c7ab844a0239e9a70e79575289619bddb479885b0fdeb1f
SpaIM__MHPR_current_panel__fold2,SpaIM,MHPR,MHPR_current_panel,Cross-platform,2,A,completed,0,"[""python"",""${REPOSITORY_ROOT}/baseline/SpaIM-main/run_spaim_mhpr_fold_from_split.py"",""--locations-path"",""${ARCHIVE_ROOT}/processed_datasets/cross_platform/MHPR_current_panel/Locations.txt"",""--st-data"",""${ARCHIVE_ROOT}/processed_datasets/cross_platform/MHPR_current_panel/Spatial_count.txt"",""--sc-data"",""${ARCHIVE_ROOT}/processed_datasets/cross_platform/MHPR_current_panel/scRNA_count.txt"",""--gene-split-json"",""${FORMAL_RUN_ROOT}/inputs/MHPR_current_panel/fold2/mode_a_split.json"",""--train-gene-idx-path"",""${ARCHIVE_ROOT}/frozen_splits/cross_platform/MHPR_current_panel/gene_index_masks/fold2_train_gene_idx.npy"",""--val-gene-idx-path"",""${ARCHIVE_ROOT}/frozen_splits/cross_platform/MHPR_current_panel/gene_index_masks/fold2_val_gene_idx.npy"",""--test-gene-idx-path"",""${ARCHIVE_ROOT}/frozen_splits/cross_platform/MHPR_current_panel/gene_index_masks/fold2_test_gene_idx.npy"",""--st-normalization-scope"",""train_genes"",""--model-gene-scope"",""train_indices"",""--gpu"",""0"",""--disable-native-filtering"",""--output-dir"",""${FORMAL_RUN_ROOT}/baselines/SpaIM/MHPR_current_panel/fold2"",""--skip-adapter-metrics""]",746698f54a6a95a289fe74af906041b9dbc6e021f646b3851fb062788477faf5,33553a6394a306c3f5a03dc99a3b6cdf27e9a7bd56202fe730d3c466d2f9b3d5,18f8beef8ffb0a6d35ce536491219a7998307d30c8fee10f162651d396429570,36b6136dea102190c0950e32ebed39e3aebda797f8957f6de7e6dca47a3f4f01,dbe544ae48f8e2cb64e05d3c7c309d66b0b7537f0fa55c7bb2b02ad4b50501c6,2d273bf06f4078fdea1e259f1c801b2ef4318606b47cc65b5870ff21fa72a804,a0b1a4dbe6006bc6b05e566f3eaba86d949fa267e8d1b826c85c679aef3547ea,99b970c5af6f128432c47dfa22b3fbf0e09123b755aa87a0169f5f519891c6fd,prediction_matrices/MHPR_current_panel/SpaIM/fold2/prediction.npz,c40e0f545fedbbe97eddba888a7bbd5f9520a617091c7db0f23b0a0a1fe20d1c,"[4975,31]",True,True,False,native_filtering_disabled=True,8aa6d2c5355d9f378af75f1f8c0ddb12c40c4900cd3a72aadd290586463489ab
SpaIM__MHPR_current_panel__fold3,SpaIM,MHPR,MHPR_current_panel,Cross-platform,3,A,completed,0,"[""python"",""${REPOSITORY_ROOT}/baseline/SpaIM-main/run_spaim_mhpr_fold_from_split.py"",""--locations-path"",""${ARCHIVE_ROOT}/processed_datasets/cross_platform/MHPR_current_panel/Locations.txt"",""--st-data"",""${ARCHIVE_ROOT}/processed_datasets/cross_platform/MHPR_current_panel/Spatial_count.txt"",""--sc-data"",""${ARCHIVE_ROOT}/processed_datasets/cross_platform/MHPR_current_panel/scRNA_count.txt"",""--gene-split-json"",""${FORMAL_RUN_ROOT}/inputs/MHPR_current_panel/fold3/mode_a_split.json"",""--train-gene-idx-path"",""${ARCHIVE_ROOT}/frozen_splits/cross_platform/MHPR_current_panel/gene_index_masks/fold3_train_gene_idx.npy"",""--val-gene-idx-path"",""${ARCHIVE_ROOT}/frozen_splits/cross_platform/MHPR_current_panel/gene_index_masks/fold3_val_gene_idx.npy"",""--test-gene-idx-path"",""${ARCHIVE_ROOT}/frozen_splits/cross_platform/MHPR_current_panel/gene_index_masks/fold3_test_gene_idx.npy"",""--st-normalization-scope"",""train_genes"",""--model-gene-scope"",""train_indices"",""--gpu"",""0"",""--disable-native-filtering"",""--output-dir"",""${FORMAL_RUN_ROOT}/baselines/SpaIM/MHPR_current_panel/fold3"",""--skip-adapter-metrics""]",746698f54a6a95a289fe74af906041b9dbc6e021f646b3851fb062788477faf5,33553a6394a306c3f5a03dc99a3b6cdf27e9a7bd56202fe730d3c466d2f9b3d5,032600e7141383b285e0b00b4f8ae913a261253051e00e1617b3a7a159d3e16a,b547a321d1bb96d7a0aee2f016c01e4bd3f33f84599086fcbe96b96aab4e82c2,819813850a652c4b813fe01a87a7759eeb7d8d3a8085f391bdd6cc38d13aff7b,34c1c41e981eab9baf313ba78926c91ca3f464ba230c9f5d418be25662ba257c,775f645deb4c9cffbc40b89fbb373d3472fedd26d806b37ed0317e971c1ed562,a5011b015dd57bd19239f7323abbc267bb13acee4c4aac52c68b1e8bfe5d53e0,prediction_matrices/MHPR_current_panel/SpaIM/fold3/prediction.npz,1d88e606e9f18fcbd3eb0690b8cd583783cba47e87ebbd728d836ce4f3358a6a,"[4975,31]",True,True,False,native_filtering_disabled=True,ef503bfa862711f622b21b0473358339f970cda9f63e5b3d42f8751a2a2dc2fb
SpaIM__MHPR_current_panel__fold4,SpaIM,MHPR,MHPR_current_panel,Cross-platform,4,A,completed,0,"[""python"",""${REPOSITORY_ROOT}/baseline/SpaIM-main/run_spaim_mhpr_fold_from_split.py"",""--locations-path"",""${ARCHIVE_ROOT}/processed_datasets/cross_platform/MHPR_current_panel/Locations.txt"",""--st-data"",""${ARCHIVE_ROOT}/processed_datasets/cross_platform/MHPR_current_panel/Spatial_count.txt"",""--sc-data"",""${ARCHIVE_ROOT}/processed_datasets/cross_platform/MHPR_current_panel/scRNA_count.txt"",""--gene-split-json"",""${FORMAL_RUN_ROOT}/inputs/MHPR_current_panel/fold4/mode_a_split.json"",""--train-gene-idx-path"",""${ARCHIVE_ROOT}/frozen_splits/cross_platform/MHPR_current_panel/gene_index_masks/fold4_train_gene_idx.npy"",""--val-gene-idx-path"",""${ARCHIVE_ROOT}/frozen_splits/cross_platform/MHPR_current_panel/gene_index_masks/fold4_val_gene_idx.npy"",""--test-gene-idx-path"",""${ARCHIVE_ROOT}/frozen_splits/cross_platform/MHPR_current_panel/gene_index_masks/fold4_test_gene_idx.npy"",""--st-normalization-scope"",""train_genes"",""--model-gene-scope"",""train_indices"",""--gpu"",""0"",""--disable-native-filtering"",""--output-dir"",""${FORMAL_RUN_ROOT}/baselines/SpaIM/MHPR_current_panel/fold4"",""--skip-adapter-metrics""]",746698f54a6a95a289fe74af906041b9dbc6e021f646b3851fb062788477faf5,33553a6394a306c3f5a03dc99a3b6cdf27e9a7bd56202fe730d3c466d2f9b3d5,2edc342365a36b59532085681da940782cae4fe8f6a9d7f7f0a87ae7826833d4,d8f8baf97569d36d8d6bfe2975d2fd0dcc51d9838c36a795edd16d193fa75b72,630ab6844acb9b1628fa1acd63862d762f3a5c4858ef1bc878326eaa49195720,36e94f14a52ba7072ec3577607a028380bad125ec0cd9abfc43b5a4f0d5b72ca,9ceb30ff0c22706badf408211040c79a2c82c4452de521c612e447bf74c97224,349baba2f2f84481c63c3672cdbc1663c3b64d97c79641020bf7da3c47131fb0,prediction_matrices/MHPR_current_panel/SpaIM/fold4/prediction.npz,e3ec00d6e82da7bed247694a8b2f0c4c0b82d72697b336b1b82f0beb374cfc7f,"[4975,30]",True,True,False,native_filtering_disabled=True,b0c46e9e41e97bcd8fc1b3655c781fd2a84ebcf61597f3057a227e5b587806d7
SpaIM__MVC_shared981__fold0,SpaIM,MVC,MVC_shared981,Cross-platform,0,A,completed,0,"[""python"",""${REPOSITORY_ROOT}/baseline/SpaIM-main/run_spaim_mhpr_fold_from_split.py"",""--locations-path"",""${ARCHIVE_ROOT}/processed_datasets/cross_platform/MVC_shared981/Locations.txt"",""--st-data"",""${ARCHIVE_ROOT}/processed_datasets/cross_platform/MVC_shared981/Spatial_count.txt"",""--sc-data"",""${ARCHIVE_ROOT}/processed_datasets/cross_platform/MVC_shared981/scRNA_count.txt"",""--gene-split-json"",""${FORMAL_RUN_ROOT}/inputs/MVC_shared981/fold0/mode_a_split.json"",""--train-gene-idx-path"",""${ARCHIVE_ROOT}/frozen_splits/cross_platform/MVC_shared981/gene_index_masks/fold0_train_gene_idx.npy"",""--val-gene-idx-path"",""${ARCHIVE_ROOT}/frozen_splits/cross_platform/MVC_shared981/gene_index_masks/fold0_val_gene_idx.npy"",""--test-gene-idx-path"",""${ARCHIVE_ROOT}/frozen_splits/cross_platform/MVC_shared981/gene_index_masks/fold0_test_gene_idx.npy"",""--st-normalization-scope"",""train_genes"",""--model-gene-scope"",""train_indices"",""--gpu"",""0"",""--disable-native-filtering"",""--output-dir"",""${FORMAL_RUN_ROOT}/baselines/SpaIM/MVC_shared981/fold0"",""--skip-adapter-metrics""]",746698f54a6a95a289fe74af906041b9dbc6e021f646b3851fb062788477faf5,33553a6394a306c3f5a03dc99a3b6cdf27e9a7bd56202fe730d3c466d2f9b3d5,4d8cf81f2da455cfe6406adb6ccb216087eddf9c9311a579fdabd2c7a5bab84d,fd51ea78835fb458502afea4cb3a4bbc9c461892e3d00af94237cdfb1570de09,e13b4d402b33f67b774da78162302debfa455b61fe6f86b9733abc5c7e5dda84,2a0a247d83976ba2e1030bd5c96a487d966e7297f0ee11522805130e226afd87,916ab1d647e32b41b01ac7378b786d14930caad2df261690d515184b17938a3a,dfab39cd6be11a73b47627a25a14680b779c858f969500692be78becafd78855,prediction_matrices/MVC_shared981/SpaIM/fold0/prediction.npz,3829df84b5df5cfa8baedcec400adf43886c5340a0ef47c47e53db5c77e152f1,"[1549,197]",True,True,False,native_filtering_disabled=True,f29a88cc92e944acce7103ba86562dca39340e9b70d6209e743417b364cb1242
SpaIM__MVC_shared981__fold1,SpaIM,MVC,MVC_shared981,Cross-platform,1,A,completed,0,"[""python"",""${REPOSITORY_ROOT}/baseline/SpaIM-main/run_spaim_mhpr_fold_from_split.py"",""--locations-path"",""${ARCHIVE_ROOT}/processed_datasets/cross_platform/MVC_shared981/Locations.txt"",""--st-data"",""${ARCHIVE_ROOT}/processed_datasets/cross_platform/MVC_shared981/Spatial_count.txt"",""--sc-data"",""${ARCHIVE_ROOT}/processed_datasets/cross_platform/MVC_shared981/scRNA_count.txt"",""--gene-split-json"",""${FORMAL_RUN_ROOT}/inputs/MVC_shared981/fold1/mode_a_split.json"",""--train-gene-idx-path"",""${ARCHIVE_ROOT}/frozen_splits/cross_platform/MVC_shared981/gene_index_masks/fold1_train_gene_idx.npy"",""--val-gene-idx-path"",""${ARCHIVE_ROOT}/frozen_splits/cross_platform/MVC_shared981/gene_index_masks/fold1_val_gene_idx.npy"",""--test-gene-idx-path"",""${ARCHIVE_ROOT}/frozen_splits/cross_platform/MVC_shared981/gene_index_masks/fold1_test_gene_idx.npy"",""--st-normalization-scope"",""train_genes"",""--model-gene-scope"",""train_indices"",""--gpu"",""0"",""--disable-native-filtering"",""--output-dir"",""${FORMAL_RUN_ROOT}/baselines/SpaIM/MVC_shared981/fold1"",""--skip-adapter-metrics""]",746698f54a6a95a289fe74af906041b9dbc6e021f646b3851fb062788477faf5,33553a6394a306c3f5a03dc99a3b6cdf27e9a7bd56202fe730d3c466d2f9b3d5,0308013d81c2a9b2d0588cd5e40cefa914703a6ffd3c82fc4c007a3e8f37ac74,e6d0a277402c3164aae9be18c2e3e46433caeaad47de1408cd5c85836144e7c5,7ff1afb47d001e939ddd56828d0d1f40961ed9511c91df3bfbf78ece89f7bccc,ff6362879a8601a45c7d9fd2faa475bc851dd64b083cc858bca5ccca7ca90236,3423d7211f569b0bdddae7695cf2833f98b0c917d3a589878cc18667c01471b3,c074f18a7893175804184985d226f92e8781ea279f023b3ee89eff19b62ab276,prediction_matrices/MVC_shared981/SpaIM/fold1/prediction.npz,e305034ad403e650bfa0ed69edaad7aeb11f83a49a72fbf5382440f0cae23abd,"[1549,196]",True,True,False,native_filtering_disabled=True,39033c252295d778885928954eb62483c32ca0db263cbfc1c3299038e8b58b0a
SpaIM__MVC_shared981__fold2,SpaIM,MVC,MVC_shared981,Cross-platform,2,A,completed,0,"[""python"",""${REPOSITORY_ROOT}/baseline/SpaIM-main/run_spaim_mhpr_fold_from_split.py"",""--locations-path"",""${ARCHIVE_ROOT}/processed_datasets/cross_platform/MVC_shared981/Locations.txt"",""--st-data"",""${ARCHIVE_ROOT}/processed_datasets/cross_platform/MVC_shared981/Spatial_count.txt"",""--sc-data"",""${ARCHIVE_ROOT}/processed_datasets/cross_platform/MVC_shared981/scRNA_count.txt"",""--gene-split-json"",""${FORMAL_RUN_ROOT}/inputs/MVC_shared981/fold2/mode_a_split.json"",""--train-gene-idx-path"",""${ARCHIVE_ROOT}/frozen_splits/cross_platform/MVC_shared981/gene_index_masks/fold2_train_gene_idx.npy"",""--val-gene-idx-path"",""${ARCHIVE_ROOT}/frozen_splits/cross_platform/MVC_shared981/gene_index_masks/fold2_val_gene_idx.npy"",""--test-gene-idx-path"",""${ARCHIVE_ROOT}/frozen_splits/cross_platform/MVC_shared981/gene_index_masks/fold2_test_gene_idx.npy"",""--st-normalization-scope"",""train_genes"",""--model-gene-scope"",""train_indices"",""--gpu"",""0"",""--disable-native-filtering"",""--output-dir"",""${FORMAL_RUN_ROOT}/baselines/SpaIM/MVC_shared981/fold2"",""--skip-adapter-metrics""]",746698f54a6a95a289fe74af906041b9dbc6e021f646b3851fb062788477faf5,33553a6394a306c3f5a03dc99a3b6cdf27e9a7bd56202fe730d3c466d2f9b3d5,409f5e4ca865af20fd888fb8fab2ac907696c72fabfd6fb3c06786d0e63d8854,b40c12afce3b67ecba92704a0a951c9e6fef2ef0671305ec76b7d8476861ed92,dcae22805ae8d084c08e4fa95ea82ab517e79ee10dbc3eb14dd0042fae23e5ef,24a87ab148fbc9e0de303e7fc7a82a2752c43c5fbc6232ed7a91676389ea54f2,e01d4b5485642bc8ad58adc78bdf5aa9b16bb30436239fa8544d9a87b5c534a2,e41dc2b7e059d21cadf0edda15261c323af737eec24e07154bcee3cf30689fe8,prediction_matrices/MVC_shared981/SpaIM/fold2/prediction.npz,6ceb628a0ef7e3029a7c8e2c124f7547236b972f9742799bd02f433832a13cbc,"[1549,196]",True,True,False,native_filtering_disabled=True,f1a4da5fb910f6649f93738c09e8fe0b7703e96c6c01d93d6e5b2bad53c5dad3
SpaIM__MVC_shared981__fold3,SpaIM,MVC,MVC_shared981,Cross-platform,3,A,completed,0,"[""python"",""${REPOSITORY_ROOT}/baseline/SpaIM-main/run_spaim_mhpr_fold_from_split.py"",""--locations-path"",""${ARCHIVE_ROOT}/processed_datasets/cross_platform/MVC_shared981/Locations.txt"",""--st-data"",""${ARCHIVE_ROOT}/processed_datasets/cross_platform/MVC_shared981/Spatial_count.txt"",""--sc-data"",""${ARCHIVE_ROOT}/processed_datasets/cross_platform/MVC_shared981/scRNA_count.txt"",""--gene-split-json"",""${FORMAL_RUN_ROOT}/inputs/MVC_shared981/fold3/mode_a_split.json"",""--train-gene-idx-path"",""${ARCHIVE_ROOT}/frozen_splits/cross_platform/MVC_shared981/gene_index_masks/fold3_train_gene_idx.npy"",""--val-gene-idx-path"",""${ARCHIVE_ROOT}/frozen_splits/cross_platform/MVC_shared981/gene_index_masks/fold3_val_gene_idx.npy"",""--test-gene-idx-path"",""${ARCHIVE_ROOT}/frozen_splits/cross_platform/MVC_shared981/gene_index_masks/fold3_test_gene_idx.npy"",""--st-normalization-scope"",""train_genes"",""--model-gene-scope"",""train_indices"",""--gpu"",""0"",""--disable-native-filtering"",""--output-dir"",""${FORMAL_RUN_ROOT}/baselines/SpaIM/MVC_shared981/fold3"",""--skip-adapter-metrics""]",746698f54a6a95a289fe74af906041b9dbc6e021f646b3851fb062788477faf5,33553a6394a306c3f5a03dc99a3b6cdf27e9a7bd56202fe730d3c466d2f9b3d5,586494412198510f7448fdfdcd5c535f2e96a3d9d9e85517c725d6973b06848c,6145c42c490db4111898b10e11eb0daa6cebcf300a22394fb670a382dad8f813,1425084c4e7c845519523e37036bc42b8ac9533da9a30ff5be6f62c843752b4d,6957a76ea40579faed88b4cad0a816f7c9fba7a80614fa5dda9f27a79a70a8f2,f1dce41e4d6bb34c4bca4028c3ea2f443e81f5fe92c8d43df8a5c96b2f15af0b,c9b0f550df6c5313645e4600054fc7b0f672694bdbe742b717f93156c643058b,prediction_matrices/MVC_shared981/SpaIM/fold3/prediction.npz,afe0a67238b78486e194363c0304e221aa471bf234fde0c8c9030c8e307cdb7f,"[1549,196]",True,True,False,native_filtering_disabled=True,ec69e3c5ec37b3bd64750afffc68380fdbd9554bc384698101ab999f4b29ff34
SpaIM__MVC_shared981__fold4,SpaIM,MVC,MVC_shared981,Cross-platform,4,A,completed,0,"[""python"",""${REPOSITORY_ROOT}/baseline/SpaIM-main/run_spaim_mhpr_fold_from_split.py"",""--locations-path"",""${ARCHIVE_ROOT}/processed_datasets/cross_platform/MVC_shared981/Locations.txt"",""--st-data"",""${ARCHIVE_ROOT}/processed_datasets/cross_platform/MVC_shared981/Spatial_count.txt"",""--sc-data"",""${ARCHIVE_ROOT}/processed_datasets/cross_platform/MVC_shared981/scRNA_count.txt"",""--gene-split-json"",""${FORMAL_RUN_ROOT}/inputs/MVC_shared981/fold4/mode_a_split.json"",""--train-gene-idx-path"",""${ARCHIVE_ROOT}/frozen_splits/cross_platform/MVC_shared981/gene_index_masks/fold4_train_gene_idx.npy"",""--val-gene-idx-path"",""${ARCHIVE_ROOT}/frozen_splits/cross_platform/MVC_shared981/gene_index_masks/fold4_val_gene_idx.npy"",""--test-gene-idx-path"",""${ARCHIVE_ROOT}/frozen_splits/cross_platform/MVC_shared981/gene_index_masks/fold4_test_gene_idx.npy"",""--st-normalization-scope"",""train_genes"",""--model-gene-scope"",""train_indices"",""--gpu"",""0"",""--disable-native-filtering"",""--output-dir"",""${FORMAL_RUN_ROOT}/baselines/SpaIM/MVC_shared981/fold4"",""--skip-adapter-metrics""]",746698f54a6a95a289fe74af906041b9dbc6e021f646b3851fb062788477faf5,33553a6394a306c3f5a03dc99a3b6cdf27e9a7bd56202fe730d3c466d2f9b3d5,95155822dab493c81eb9815003c251120c690d8ea40dfa3a34c51f163ab2df66,428b5cacc879ee3e17823533826bf5d6a16a829fa9f4e6ede9c289448c179836,4033983f2ebfe1a743129465918c9e575599898d94de129644e64e6a4167f8ca,5f93037186dbc03f636483499c304460dccbe25aecef666deb54237401207720,03481dabac99695db06f0d68c14912b633aff92de7253fbb5f4f5c94759e77d2,d52130ef775fa34979b5c53aafbb9b6f79fdc85bc0d5ebafa90405988079e58e,prediction_matrices/MVC_shared981/SpaIM/fold4/prediction.npz,231d99e1381fe4e0c7c651ea7237c7e44f64ce99026d2e852edbd531e2125424,"[1549,196]",True,True,False,native_filtering_disabled=True,f3cee3af119dc6d6cca689571223fef3104532f47653980bff8a0af7187c6693
SpaIM__seqFISH_plus_cortex_svz_zeisel_sccortex_ref_shared10000__fold0,SpaIM,seqFISH+,seqFISH_plus_cortex_svz_zeisel_sccortex_ref_shared10000,Cross-platform,0,A,completed,0,"[""python"",""${REPOSITORY_ROOT}/baseline/SpaIM-main/run_spaim_mhpr_fold_from_split.py"",""--locations-path"",""${ARCHIVE_ROOT}/processed_datasets/cross_platform/seqFISH_plus_cortex_svz_zeisel_sccortex_ref_shared10000/Locations.txt"",""--st-data"",""${ARCHIVE_ROOT}/processed_datasets/cross_platform/seqFISH_plus_cortex_svz_zeisel_sccortex_ref_shared10000/Spatial_count.txt"",""--sc-data"",""${ARCHIVE_ROOT}/processed_datasets/cross_platform/seqFISH_plus_cortex_svz_zeisel_sccortex_ref_shared10000/scRNA_count.txt"",""--gene-split-json"",""${FORMAL_RUN_ROOT}/inputs/seqFISH_plus_cortex_svz_zeisel_sccortex_ref_shared10000/fold0/mode_a_split.json"",""--train-gene-idx-path"",""${ARCHIVE_ROOT}/frozen_splits/cross_platform/seqFISH_plus_cortex_svz_zeisel_sccortex_ref_shared10000/gene_index_masks/fold0_train_gene_idx.npy"",""--val-gene-idx-path"",""${ARCHIVE_ROOT}/frozen_splits/cross_platform/seqFISH_plus_cortex_svz_zeisel_sccortex_ref_shared10000/gene_index_masks/fold0_val_gene_idx.npy"",""--test-gene-idx-path"",""${ARCHIVE_ROOT}/frozen_splits/cross_platform/seqFISH_plus_cortex_svz_zeisel_sccortex_ref_shared10000/gene_index_masks/fold0_test_gene_idx.npy"",""--st-normalization-scope"",""train_genes"",""--model-gene-scope"",""train_indices"",""--gpu"",""0"",""--disable-native-filtering"",""--output-dir"",""${FORMAL_RUN_ROOT}/baselines/SpaIM/seqFISH_plus_cortex_svz_zeisel_sccortex_ref_shared10000/fold0"",""--skip-adapter-metrics""]",746698f54a6a95a289fe74af906041b9dbc6e021f646b3851fb062788477faf5,33553a6394a306c3f5a03dc99a3b6cdf27e9a7bd56202fe730d3c466d2f9b3d5,b83683273232379e5ef54e490145875288691d17a2c60bdd236fd73aa7fbd2ed,3aa8216f0d982005ee069ed0046693aa04b43ab572993a9c2c297dbe85260d76,b2ad4978edd6130f418f6aa7403d688913ee07e7b0c34dcc87dbf893095dbbd2,1c4ab9ed33a900017d2f212b926eaca897818e638ba01c89afd5b9d6d5f90edd,84d41e5e87e846e03b5e2e539dd91adac3de8b4c71f35596b0ba46a4d6233315,bd04c3c0471acd3d3935b7c147782ff45ec10acaef43c5e3328fe27867dc97b7,prediction_matrices/seqFISH_plus_cortex_svz_zeisel_sccortex_ref_shared10000/SpaIM/fold0/prediction.npz,7f45a8373841f767a5f5677070a525b7f239daed71c3686900bf0d0afa572c61,"[913,2000]",True,True,False,native_filtering_disabled=True,08b935718c62058345675f26349139cf200020aa3d3c5ba53f7df28c68c46ac8
SpaIM__seqFISH_plus_cortex_svz_zeisel_sccortex_ref_shared10000__fold1,SpaIM,seqFISH+,seqFISH_plus_cortex_svz_zeisel_sccortex_ref_shared10000,Cross-platform,1,A,completed,0,"[""python"",""${REPOSITORY_ROOT}/baseline/SpaIM-main/run_spaim_mhpr_fold_from_split.py"",""--locations-path"",""${ARCHIVE_ROOT}/processed_datasets/cross_platform/seqFISH_plus_cortex_svz_zeisel_sccortex_ref_shared10000/Locations.txt"",""--st-data"",""${ARCHIVE_ROOT}/processed_datasets/cross_platform/seqFISH_plus_cortex_svz_zeisel_sccortex_ref_shared10000/Spatial_count.txt"",""--sc-data"",""${ARCHIVE_ROOT}/processed_datasets/cross_platform/seqFISH_plus_cortex_svz_zeisel_sccortex_ref_shared10000/scRNA_count.txt"",""--gene-split-json"",""${FORMAL_RUN_ROOT}/inputs/seqFISH_plus_cortex_svz_zeisel_sccortex_ref_shared10000/fold1/mode_a_split.json"",""--train-gene-idx-path"",""${ARCHIVE_ROOT}/frozen_splits/cross_platform/seqFISH_plus_cortex_svz_zeisel_sccortex_ref_shared10000/gene_index_masks/fold1_train_gene_idx.npy"",""--val-gene-idx-path"",""${ARCHIVE_ROOT}/frozen_splits/cross_platform/seqFISH_plus_cortex_svz_zeisel_sccortex_ref_shared10000/gene_index_masks/fold1_val_gene_idx.npy"",""--test-gene-idx-path"",""${ARCHIVE_ROOT}/frozen_splits/cross_platform/seqFISH_plus_cortex_svz_zeisel_sccortex_ref_shared10000/gene_index_masks/fold1_test_gene_idx.npy"",""--st-normalization-scope"",""train_genes"",""--model-gene-scope"",""train_indices"",""--gpu"",""0"",""--disable-native-filtering"",""--output-dir"",""${FORMAL_RUN_ROOT}/baselines/SpaIM/seqFISH_plus_cortex_svz_zeisel_sccortex_ref_shared10000/fold1"",""--skip-adapter-metrics""]",746698f54a6a95a289fe74af906041b9dbc6e021f646b3851fb062788477faf5,33553a6394a306c3f5a03dc99a3b6cdf27e9a7bd56202fe730d3c466d2f9b3d5,e09ff76d1e95dfe6462ddabe4fc1b43bc78a921a76253cb4f820a06fbc0aae38,56d82c6723077ec761046a7a5518f5c80daa8cbdac40cef275a720f46f5625e9,bed8846fbf23aa04d574197e8258194ed0eb406644630c34924faee44f0b605f,14d63b0fdd2e64cf0905a8bde296274845b02828ab97df80d4ec725397f0ade8,31685efb9bb10958637520cbf0ba3549ad94beadf820f8ae56f3349b6b738748,a5aca5dbca374a14e8b9bb8650e26fb860ef9ff44816504032b1f4eeb9002b5c,prediction_matrices/seqFISH_plus_cortex_svz_zeisel_sccortex_ref_shared10000/SpaIM/fold1/prediction.npz,1b0faee1ac1c1d6e352be85560dbb6debb514d37e8fa550d69f2e2bc6530582d,"[913,2000]",True,True,False,native_filtering_disabled=True,22237d1a1c8d9691b1be7447b3776baec9dee6b20796341ba5e5cb45eee96274
SpaIM__seqFISH_plus_cortex_svz_zeisel_sccortex_ref_shared10000__fold2,SpaIM,seqFISH+,seqFISH_plus_cortex_svz_zeisel_sccortex_ref_shared10000,Cross-platform,2,A,completed,0,"[""python"",""${REPOSITORY_ROOT}/baseline/SpaIM-main/run_spaim_mhpr_fold_from_split.py"",""--locations-path"",""${ARCHIVE_ROOT}/processed_datasets/cross_platform/seqFISH_plus_cortex_svz_zeisel_sccortex_ref_shared10000/Locations.txt"",""--st-data"",""${ARCHIVE_ROOT}/processed_datasets/cross_platform/seqFISH_plus_cortex_svz_zeisel_sccortex_ref_shared10000/Spatial_count.txt"",""--sc-data"",""${ARCHIVE_ROOT}/processed_datasets/cross_platform/seqFISH_plus_cortex_svz_zeisel_sccortex_ref_shared10000/scRNA_count.txt"",""--gene-split-json"",""${FORMAL_RUN_ROOT}/inputs/seqFISH_plus_cortex_svz_zeisel_sccortex_ref_shared10000/fold2/mode_a_split.json"",""--train-gene-idx-path"",""${ARCHIVE_ROOT}/frozen_splits/cross_platform/seqFISH_plus_cortex_svz_zeisel_sccortex_ref_shared10000/gene_index_masks/fold2_train_gene_idx.npy"",""--val-gene-idx-path"",""${ARCHIVE_ROOT}/frozen_splits/cross_platform/seqFISH_plus_cortex_svz_zeisel_sccortex_ref_shared10000/gene_index_masks/fold2_val_gene_idx.npy"",""--test-gene-idx-path"",""${ARCHIVE_ROOT}/frozen_splits/cross_platform/seqFISH_plus_cortex_svz_zeisel_sccortex_ref_shared10000/gene_index_masks/fold2_test_gene_idx.npy"",""--st-normalization-scope"",""train_genes"",""--model-gene-scope"",""train_indices"",""--gpu"",""0"",""--disable-native-filtering"",""--output-dir"",""${FORMAL_RUN_ROOT}/baselines/SpaIM/seqFISH_plus_cortex_svz_zeisel_sccortex_ref_shared10000/fold2"",""--skip-adapter-metrics""]",746698f54a6a95a289fe74af906041b9dbc6e021f646b3851fb062788477faf5,33553a6394a306c3f5a03dc99a3b6cdf27e9a7bd56202fe730d3c466d2f9b3d5,59e0c055bc3ad9e6405d15260501692a3f41825ccf7249da79fd6f101f354c93,a31bf3f098f889838498df7b2de28c529fb22a642823859439d950cc7db6297e,71a3bf24740bc5f8173b29e93f872852c6eb6d1d7d6079b5bba7dec1a2079098,a609886100807a2a2dbed4a3938508d1655098f0799da4bd9859172200360197,aec0b83154264b04a0cd02ff49d39f69cacfc2f9ddc6554cecae2396a2a86c0c,149442f249dec43e465419db37d4ee9c497c70beb7f41b750b857517a25c1428,prediction_matrices/seqFISH_plus_cortex_svz_zeisel_sccortex_ref_shared10000/SpaIM/fold2/prediction.npz,5103251fcba849dbd301465359179c79b7d8a57166ea8777d802634ff11f0881,"[913,2000]",True,True,False,native_filtering_disabled=True,ce008774e590a32181f90258552f9ccabbf16fb753af31f353dbc72755ee22ba
SpaIM__seqFISH_plus_cortex_svz_zeisel_sccortex_ref_shared10000__fold3,SpaIM,seqFISH+,seqFISH_plus_cortex_svz_zeisel_sccortex_ref_shared10000,Cross-platform,3,A,completed,0,"[""python"",""${REPOSITORY_ROOT}/baseline/SpaIM-main/run_spaim_mhpr_fold_from_split.py"",""--locations-path"",""${ARCHIVE_ROOT}/processed_datasets/cross_platform/seqFISH_plus_cortex_svz_zeisel_sccortex_ref_shared10000/Locations.txt"",""--st-data"",""${ARCHIVE_ROOT}/processed_datasets/cross_platform/seqFISH_plus_cortex_svz_zeisel_sccortex_ref_shared10000/Spatial_count.txt"",""--sc-data"",""${ARCHIVE_ROOT}/processed_datasets/cross_platform/seqFISH_plus_cortex_svz_zeisel_sccortex_ref_shared10000/scRNA_count.txt"",""--gene-split-json"",""${FORMAL_RUN_ROOT}/inputs/seqFISH_plus_cortex_svz_zeisel_sccortex_ref_shared10000/fold3/mode_a_split.json"",""--train-gene-idx-path"",""${ARCHIVE_ROOT}/frozen_splits/cross_platform/seqFISH_plus_cortex_svz_zeisel_sccortex_ref_shared10000/gene_index_masks/fold3_train_gene_idx.npy"",""--val-gene-idx-path"",""${ARCHIVE_ROOT}/frozen_splits/cross_platform/seqFISH_plus_cortex_svz_zeisel_sccortex_ref_shared10000/gene_index_masks/fold3_val_gene_idx.npy"",""--test-gene-idx-path"",""${ARCHIVE_ROOT}/frozen_splits/cross_platform/seqFISH_plus_cortex_svz_zeisel_sccortex_ref_shared10000/gene_index_masks/fold3_test_gene_idx.npy"",""--st-normalization-scope"",""train_genes"",""--model-gene-scope"",""train_indices"",""--gpu"",""0"",""--disable-native-filtering"",""--output-dir"",""${FORMAL_RUN_ROOT}/baselines/SpaIM/seqFISH_plus_cortex_svz_zeisel_sccortex_ref_shared10000/fold3"",""--skip-adapter-metrics""]",746698f54a6a95a289fe74af906041b9dbc6e021f646b3851fb062788477faf5,33553a6394a306c3f5a03dc99a3b6cdf27e9a7bd56202fe730d3c466d2f9b3d5,831f0dde86f93e52814483d8d429e56a1a78292995590e1c5083ce45c5c8c340,89fbe3354c743b1cc5e333921d57f12542772df89bd3f27fd23054d9420003b6,ddfdd4a99b4697a909518a689eaee963c8784a5b9beea4ff82d637284e852380,9157e2d56b6c07bf6fc3a9d43e4d7b4f27115d00e8027fe14fc3405fb2b4a8e8,95890a2ef111a8f16462b80ad7ccae8385779de9381c33198b4cf49cc1d47b7b,09858d67f55f0f3b1b630bfde1b03ea67dfbf3e7c6aba366a074c019a3630667,prediction_matrices/seqFISH_plus_cortex_svz_zeisel_sccortex_ref_shared10000/SpaIM/fold3/prediction.npz,6e0a02e6fc6992880f860e378894f56f35625d8a52ec7a15038d5f85e82bef26,"[913,2000]",True,True,False,native_filtering_disabled=True,9910f1902553496ad827bc7e12b46f9d0b55e74042511cd2a0dadab3cf37de71
SpaIM__seqFISH_plus_cortex_svz_zeisel_sccortex_ref_shared10000__fold4,SpaIM,seqFISH+,seqFISH_plus_cortex_svz_zeisel_sccortex_ref_shared10000,Cross-platform,4,A,completed,0,"[""python"",""${REPOSITORY_ROOT}/baseline/SpaIM-main/run_spaim_mhpr_fold_from_split.py"",""--locations-path"",""${ARCHIVE_ROOT}/processed_datasets/cross_platform/seqFISH_plus_cortex_svz_zeisel_sccortex_ref_shared10000/Locations.txt"",""--st-data"",""${ARCHIVE_ROOT}/processed_datasets/cross_platform/seqFISH_plus_cortex_svz_zeisel_sccortex_ref_shared10000/Spatial_count.txt"",""--sc-data"",""${ARCHIVE_ROOT}/processed_datasets/cross_platform/seqFISH_plus_cortex_svz_zeisel_sccortex_ref_shared10000/scRNA_count.txt"",""--gene-split-json"",""${FORMAL_RUN_ROOT}/inputs/seqFISH_plus_cortex_svz_zeisel_sccortex_ref_shared10000/fold4/mode_a_split.json"",""--train-gene-idx-path"",""${ARCHIVE_ROOT}/frozen_splits/cross_platform/seqFISH_plus_cortex_svz_zeisel_sccortex_ref_shared10000/gene_index_masks/fold4_train_gene_idx.npy"",""--val-gene-idx-path"",""${ARCHIVE_ROOT}/frozen_splits/cross_platform/seqFISH_plus_cortex_svz_zeisel_sccortex_ref_shared10000/gene_index_masks/fold4_val_gene_idx.npy"",""--test-gene-idx-path"",""${ARCHIVE_ROOT}/frozen_splits/cross_platform/seqFISH_plus_cortex_svz_zeisel_sccortex_ref_shared10000/gene_index_masks/fold4_test_gene_idx.npy"",""--st-normalization-scope"",""train_genes"",""--model-gene-scope"",""train_indices"",""--gpu"",""0"",""--disable-native-filtering"",""--output-dir"",""${FORMAL_RUN_ROOT}/baselines/SpaIM/seqFISH_plus_cortex_svz_zeisel_sccortex_ref_shared10000/fold4"",""--skip-adapter-metrics""]",746698f54a6a95a289fe74af906041b9dbc6e021f646b3851fb062788477faf5,33553a6394a306c3f5a03dc99a3b6cdf27e9a7bd56202fe730d3c466d2f9b3d5,ee5d620e6b4aca4233864e80eef0f4c5fbc968a3631c09742d24db6734c01be2,1d1a388ff7f28de7164d81a98ff815dff2b0c507c4b89b05b5993aa9bfd55176,c305556e632796fb348e127005b5d77633dce2fa7d893724fa96982db3894cd1,7000830c73ebc687febc8ebb90fef0559cbfbb6457044da694aa50f33c464c04,8cfabe5f497843bf4ff26af39080dc531cc9d86f1c715fb78fe0d49287048b71,fc2b6fd9a35651062500dad215ba830e594a28631351ecdee207a5ded4f86462,prediction_matrices/seqFISH_plus_cortex_svz_zeisel_sccortex_ref_shared10000/SpaIM/fold4/prediction.npz,e461bed4a78c49eb1ac6ba4a564c69173af4c43ee92a55dd2918c9d912a687fb,"[913,2000]",True,True,False,native_filtering_disabled=True,d252daa9a0af4cb970aa4f43ef9dd77af7f6d47ec269cd913202db668136c02f
SpaIM__Vis9A_D7_spaim_effective4470__fold0,SpaIM,Vis9A,Vis9A_D7_spaim_effective4470,Primary,0,A,completed,0,"[""python"",""${REPOSITORY_ROOT}/baseline/SpaIM-main/run_spaim_mhpr_fold_from_split.py"",""--locations-path"",""${ARCHIVE_ROOT}/processed_datasets/primary/Vis9A_D7_spaim_effective4470/Locations.txt"",""--st-data"",""${ARCHIVE_ROOT}/processed_datasets/primary/Vis9A_D7_spaim_effective4470/Spatial_count.txt"",""--sc-data"",""${ARCHIVE_ROOT}/processed_datasets/primary/Vis9A_D7_spaim_effective4470/scRNA_count.txt"",""--gene-split-json"",""${FORMAL_RUN_ROOT}/inputs/Vis9A_D7_spaim_effective4470/fold0/mode_a_split.json"",""--train-gene-idx-path"",""${ARCHIVE_ROOT}/frozen_splits/primary/Vis9A_D7_spaim_effective4470/gene_index_masks/fold0_train_gene_idx.npy"",""--val-gene-idx-path"",""${ARCHIVE_ROOT}/frozen_splits/primary/Vis9A_D7_spaim_effective4470/gene_index_masks/fold0_val_gene_idx.npy"",""--test-gene-idx-path"",""${ARCHIVE_ROOT}/frozen_splits/primary/Vis9A_D7_spaim_effective4470/gene_index_masks/fold0_test_gene_idx.npy"",""--st-normalization-scope"",""train_genes"",""--model-gene-scope"",""train_indices"",""--gpu"",""0"",""--disable-native-filtering"",""--output-dir"",""${FORMAL_RUN_ROOT}/baselines/SpaIM/Vis9A_D7_spaim_effective4470/fold0"",""--skip-adapter-metrics""]",746698f54a6a95a289fe74af906041b9dbc6e021f646b3851fb062788477faf5,33553a6394a306c3f5a03dc99a3b6cdf27e9a7bd56202fe730d3c466d2f9b3d5,e28b34038d4f5b8d0c0c8fae006db066438ee765f38dc6662c2cbfa3612a8281,8d9bfb6bb972df63b56d288cb9f316e54705e3dc77e9a0427020e55e22eae919,f3a1c16b35f56a534b109ced9d72a17e056c8cfd84d141203f5f02c58645329a,10242cc536b7baf55958ecddb9a560d87e64d1a0772a6c0f08d88f0a886d8644,7480af17ae915418113f18506d281e07455a1e057935768e13ca90d158185a03,60dd4a8614be4c1541c441d327abaa857bb1d911b9f5ed718ca510a78ec6e62b,prediction_matrices/Vis9A_D7_spaim_effective4470/SpaIM/fold0/prediction.npz,789dbf33e997579caf34ed27b9f751bf2ab2d09440d583edce75348e04be2fe5,"[995,894]",True,True,False,native_filtering_disabled=True,efd882cc446e8cf46f15e71eb8c86d913c7b1628918542b41250aa7ccccf1cd6
SpaIM__Vis9A_D7_spaim_effective4470__fold1,SpaIM,Vis9A,Vis9A_D7_spaim_effective4470,Primary,1,A,completed,0,"[""python"",""${REPOSITORY_ROOT}/baseline/SpaIM-main/run_spaim_mhpr_fold_from_split.py"",""--locations-path"",""${ARCHIVE_ROOT}/processed_datasets/primary/Vis9A_D7_spaim_effective4470/Locations.txt"",""--st-data"",""${ARCHIVE_ROOT}/processed_datasets/primary/Vis9A_D7_spaim_effective4470/Spatial_count.txt"",""--sc-data"",""${ARCHIVE_ROOT}/processed_datasets/primary/Vis9A_D7_spaim_effective4470/scRNA_count.txt"",""--gene-split-json"",""${FORMAL_RUN_ROOT}/inputs/Vis9A_D7_spaim_effective4470/fold1/mode_a_split.json"",""--train-gene-idx-path"",""${ARCHIVE_ROOT}/frozen_splits/primary/Vis9A_D7_spaim_effective4470/gene_index_masks/fold1_train_gene_idx.npy"",""--val-gene-idx-path"",""${ARCHIVE_ROOT}/frozen_splits/primary/Vis9A_D7_spaim_effective4470/gene_index_masks/fold1_val_gene_idx.npy"",""--test-gene-idx-path"",""${ARCHIVE_ROOT}/frozen_splits/primary/Vis9A_D7_spaim_effective4470/gene_index_masks/fold1_test_gene_idx.npy"",""--st-normalization-scope"",""train_genes"",""--model-gene-scope"",""train_indices"",""--gpu"",""0"",""--disable-native-filtering"",""--output-dir"",""${FORMAL_RUN_ROOT}/baselines/SpaIM/Vis9A_D7_spaim_effective4470/fold1"",""--skip-adapter-metrics""]",746698f54a6a95a289fe74af906041b9dbc6e021f646b3851fb062788477faf5,33553a6394a306c3f5a03dc99a3b6cdf27e9a7bd56202fe730d3c466d2f9b3d5,0907531dfe7158ad9471f37a089ad7994110b4854e6cd75ddb86fe41066b4fd9,74941a8e41d3c1489f5ac051143f644e604a41dc8ec8ff651cbef7dd699b9524,a313fa3424ae9537f07c50950271133408102f65620ec702f75dd114b8b88577,7fa16937da45bba58d41219305e839f81b56175454ef0db94a0ae529f68e5409,46c82b360e5dd491a62e06fe287cabbbb9ab55a291aff6a677d1cf559ab5e174,ec0f97073a3429f04f077f018be8b5b9b6e24ee5fa31954c3d261a5425fca966,prediction_matrices/Vis9A_D7_spaim_effective4470/SpaIM/fold1/prediction.npz,19fdb233f3327ea85b79ac089fb83cdf3fcd145d78af944cfa2f822b9525ae76,"[995,894]",True,True,False,native_filtering_disabled=True,54b959607e4815ca5d9fd7c395746ae1dc210c2e5faf132206dda489ef557772
SpaIM__Vis9A_D7_spaim_effective4470__fold2,SpaIM,Vis9A,Vis9A_D7_spaim_effective4470,Primary,2,A,completed,0,"[""python"",""${REPOSITORY_ROOT}/baseline/SpaIM-main/run_spaim_mhpr_fold_from_split.py"",""--locations-path"",""${ARCHIVE_ROOT}/processed_datasets/primary/Vis9A_D7_spaim_effective4470/Locations.txt"",""--st-data"",""${ARCHIVE_ROOT}/processed_datasets/primary/Vis9A_D7_spaim_effective4470/Spatial_count.txt"",""--sc-data"",""${ARCHIVE_ROOT}/processed_datasets/primary/Vis9A_D7_spaim_effective4470/scRNA_count.txt"",""--gene-split-json"",""${FORMAL_RUN_ROOT}/inputs/Vis9A_D7_spaim_effective4470/fold2/mode_a_split.json"",""--train-gene-idx-path"",""${ARCHIVE_ROOT}/frozen_splits/primary/Vis9A_D7_spaim_effective4470/gene_index_masks/fold2_train_gene_idx.npy"",""--val-gene-idx-path"",""${ARCHIVE_ROOT}/frozen_splits/primary/Vis9A_D7_spaim_effective4470/gene_index_masks/fold2_val_gene_idx.npy"",""--test-gene-idx-path"",""${ARCHIVE_ROOT}/frozen_splits/primary/Vis9A_D7_spaim_effective4470/gene_index_masks/fold2_test_gene_idx.npy"",""--st-normalization-scope"",""train_genes"",""--model-gene-scope"",""train_indices"",""--gpu"",""0"",""--disable-native-filtering"",""--output-dir"",""${FORMAL_RUN_ROOT}/baselines/SpaIM/Vis9A_D7_spaim_effective4470/fold2"",""--skip-adapter-metrics""]",746698f54a6a95a289fe74af906041b9dbc6e021f646b3851fb062788477faf5,33553a6394a306c3f5a03dc99a3b6cdf27e9a7bd56202fe730d3c466d2f9b3d5,011e96b0da99b251e54cd84efd7fa86095ff89f2fd6ac9bf4e972e25791eb8b4,1a9cf15953f3bbef389ac43fa77d9baf9b30bc8da1f6b2867f455c1cc23abec8,716fad7064f06c21164d208724a2430d2607f6a0a308d056fc73d0083a29ab3a,d6af4a2437e5bbb53595e02be753d067346e001b9f253894f515998c19c1bcfa,171131c765a7dd984b0a392ab8c32d322a7a5c01d6a97cc995e2d5c67d30140d,8291152fa2ad48c0a9c604d4e92bbf83db30b592249775a83deacc163bc239f1,prediction_matrices/Vis9A_D7_spaim_effective4470/SpaIM/fold2/prediction.npz,ae4f5e8cc1c23316d36b2c242c347700d5a829c511a647849cdf60303d4ba126,"[995,894]",True,True,False,native_filtering_disabled=True,e35950f3a9afa82b5ca398ecec350ca380b93c06987d610deab1909ba6908824
SpaIM__Vis9A_D7_spaim_effective4470__fold3,SpaIM,Vis9A,Vis9A_D7_spaim_effective4470,Primary,3,A,completed,0,"[""python"",""${REPOSITORY_ROOT}/baseline/SpaIM-main/run_spaim_mhpr_fold_from_split.py"",""--locations-path"",""${ARCHIVE_ROOT}/processed_datasets/primary/Vis9A_D7_spaim_effective4470/Locations.txt"",""--st-data"",""${ARCHIVE_ROOT}/processed_datasets/primary/Vis9A_D7_spaim_effective4470/Spatial_count.txt"",""--sc-data"",""${ARCHIVE_ROOT}/processed_datasets/primary/Vis9A_D7_spaim_effective4470/scRNA_count.txt"",""--gene-split-json"",""${FORMAL_RUN_ROOT}/inputs/Vis9A_D7_spaim_effective4470/fold3/mode_a_split.json"",""--train-gene-idx-path"",""${ARCHIVE_ROOT}/frozen_splits/primary/Vis9A_D7_spaim_effective4470/gene_index_masks/fold3_train_gene_idx.npy"",""--val-gene-idx-path"",""${ARCHIVE_ROOT}/frozen_splits/primary/Vis9A_D7_spaim_effective4470/gene_index_masks/fold3_val_gene_idx.npy"",""--test-gene-idx-path"",""${ARCHIVE_ROOT}/frozen_splits/primary/Vis9A_D7_spaim_effective4470/gene_index_masks/fold3_test_gene_idx.npy"",""--st-normalization-scope"",""train_genes"",""--model-gene-scope"",""train_indices"",""--gpu"",""0"",""--disable-native-filtering"",""--output-dir"",""${FORMAL_RUN_ROOT}/baselines/SpaIM/Vis9A_D7_spaim_effective4470/fold3"",""--skip-adapter-metrics""]",746698f54a6a95a289fe74af906041b9dbc6e021f646b3851fb062788477faf5,33553a6394a306c3f5a03dc99a3b6cdf27e9a7bd56202fe730d3c466d2f9b3d5,da70bea4781d7b653b0e1372f0a45d907ec80f65a17ca15e01b01ddee22ab2a6,81adbcd321b5f4633fd86b28cbb5c4437d68d6a4d997e605fda827667afb68c3,d1a740dee74f81000d26555bc50f537d8fcb7bddcaeab61632bde6497e1390ce,37684f98f14b15f246da067cae7bf06fc0c704aa468fc31536c34de5e1cfcf3f,d55ef121d713cd02df05b594f535b51173615252a8f9a6e67d2b6cd966f3a48f,9cc777a7a199559427f012887fc4bf0a209343ad116e8264470ccaf06f8a75c0,prediction_matrices/Vis9A_D7_spaim_effective4470/SpaIM/fold3/prediction.npz,62462f92fc6d7d3e060339521bf776b89a7b54d7e04ccdbb905270aeb4c71eca,"[995,894]",True,True,False,native_filtering_disabled=True,f860e7af108379d04dfcfd21abb99c48095270abf45dcf178f7dbbfb35e59049
SpaIM__Vis9A_D7_spaim_effective4470__fold4,SpaIM,Vis9A,Vis9A_D7_spaim_effective4470,Primary,4,A,completed,0,"[""python"",""${REPOSITORY_ROOT}/baseline/SpaIM-main/run_spaim_mhpr_fold_from_split.py"",""--locations-path"",""${ARCHIVE_ROOT}/processed_datasets/primary/Vis9A_D7_spaim_effective4470/Locations.txt"",""--st-data"",""${ARCHIVE_ROOT}/processed_datasets/primary/Vis9A_D7_spaim_effective4470/Spatial_count.txt"",""--sc-data"",""${ARCHIVE_ROOT}/processed_datasets/primary/Vis9A_D7_spaim_effective4470/scRNA_count.txt"",""--gene-split-json"",""${FORMAL_RUN_ROOT}/inputs/Vis9A_D7_spaim_effective4470/fold4/mode_a_split.json"",""--train-gene-idx-path"",""${ARCHIVE_ROOT}/frozen_splits/primary/Vis9A_D7_spaim_effective4470/gene_index_masks/fold4_train_gene_idx.npy"",""--val-gene-idx-path"",""${ARCHIVE_ROOT}/frozen_splits/primary/Vis9A_D7_spaim_effective4470/gene_index_masks/fold4_val_gene_idx.npy"",""--test-gene-idx-path"",""${ARCHIVE_ROOT}/frozen_splits/primary/Vis9A_D7_spaim_effective4470/gene_index_masks/fold4_test_gene_idx.npy"",""--st-normalization-scope"",""train_genes"",""--model-gene-scope"",""train_indices"",""--gpu"",""0"",""--disable-native-filtering"",""--output-dir"",""${FORMAL_RUN_ROOT}/baselines/SpaIM/Vis9A_D7_spaim_effective4470/fold4"",""--skip-adapter-metrics""]",746698f54a6a95a289fe74af906041b9dbc6e021f646b3851fb062788477faf5,33553a6394a306c3f5a03dc99a3b6cdf27e9a7bd56202fe730d3c466d2f9b3d5,9c9fbb648a2debbb3400fd5d8dad55bb18c1a19d073077459ecbae490b2dc791,ca37cca345803631a6db534677fcf1390324e903f322c3692674b04b9badd5aa,0da07dfc5b528133dddbd3fe9ddbf9b282b61034b19ab5f4de7b9ca96f6c2f1c,2a53191f7351d8e88a4869f602852bcc1323835a717f178dfe86a051eebb1b8c,1c103fefb542a56adead736a68e00112100b512663b8d80695177b5aac4244a0,26091e130950bddf4fb7bfe64eaf50fdc8a584b2000f6c24ae5b03e66d0e9fab,prediction_matrices/Vis9A_D7_spaim_effective4470/SpaIM/fold4/prediction.npz,d8458cad12d84a3da57d28741d7d4b1fa9607c28a85c9329f2f85137dd1dd12d,"[995,894]",True,True,False,native_filtering_disabled=True,3227714f87ea727ae210fc95231605e661db26e799b6c7f0d736d4fe38527082
stPlus__Cell2location_mouse_brain_ST8059048_shared12819__fold0,stPlus,Cell2location,Cell2location_mouse_brain_ST8059048_shared12819,Primary,0,A,completed,0,"[""python"",""${REPOSITORY_ROOT}/baseline/stPlus/run_stplus_mhpr_fold_from_split.py"",""--locations-path"",""${ARCHIVE_ROOT}/processed_datasets/primary/Cell2location_mouse_brain_ST8059048_shared12819/Locations.txt"",""--st-data"",""${ARCHIVE_ROOT}/processed_datasets/primary/Cell2location_mouse_brain_ST8059048_shared12819/Spatial_count.txt"",""--sc-data"",""${ARCHIVE_ROOT}/processed_datasets/primary/Cell2location_mouse_brain_ST8059048_shared12819/scRNA_count.txt"",""--gene-split-json"",""${FORMAL_RUN_ROOT}/inputs/Cell2location_mouse_brain_ST8059048_shared12819/fold0/mode_a_split.json"",""--train-gene-idx-path"",""${ARCHIVE_ROOT}/frozen_splits/primary/Cell2location_mouse_brain_ST8059048_shared12819/gene_index_masks/fold0_train_gene_idx.npy"",""--val-gene-idx-path"",""${ARCHIVE_ROOT}/frozen_splits/primary/Cell2location_mouse_brain_ST8059048_shared12819/gene_index_masks/fold0_val_gene_idx.npy"",""--test-gene-idx-path"",""${ARCHIVE_ROOT}/frozen_splits/primary/Cell2location_mouse_brain_ST8059048_shared12819/gene_index_masks/fold0_test_gene_idx.npy"",""--model-gene-scope"",""train_indices"",""--output-dir"",""${FORMAL_RUN_ROOT}/baselines/stPlus/Cell2location_mouse_brain_ST8059048_shared12819/fold0"",""--skip-adapter-metrics""]",b12e8dca2c4495a1939e5e41d7db378bbdbec2e143bdff233e07120fedc634a8,33553a6394a306c3f5a03dc99a3b6cdf27e9a7bd56202fe730d3c466d2f9b3d5,8c7cf0f2cef7bfae57f2bd3846bc527a3dba2429ce561d51522497f07b5bc4e8,beb942b57e04f728580ccf6e584d0e9a51c978cb1123faea34506275bdb95999,8be16e884c5f68f03a6fb475dc8299852e76f195ca05fb177189a01317f510ed,33ac1c5e8b36e2610ec33736f195b6999892ed5d10145c5f34ac647d4f36fcb4,42132cf916c0a08eee0ac52bb15ddbae937f039dad0d804ddf1b9dd549a97cd8,9077c8501111a90a76d1783730cc8247fc66b784808f04681b1a105977714e92,prediction_matrices/Cell2location_mouse_brain_ST8059048_shared12819/stPlus/fold0/prediction.npz,fc3af7f100271cce776d85269779a917657cfb26dc6bbc60096de573bf4a69cd,"[2987,2564]",True,True,False,,8cda5d1e2c87989099afa834a48b0c802a95e01ef2628f2cd171e20959928c17
stPlus__Cell2location_mouse_brain_ST8059048_shared12819__fold1,stPlus,Cell2location,Cell2location_mouse_brain_ST8059048_shared12819,Primary,1,A,completed,0,"[""python"",""${REPOSITORY_ROOT}/baseline/stPlus/run_stplus_mhpr_fold_from_split.py"",""--locations-path"",""${ARCHIVE_ROOT}/processed_datasets/primary/Cell2location_mouse_brain_ST8059048_shared12819/Locations.txt"",""--st-data"",""${ARCHIVE_ROOT}/processed_datasets/primary/Cell2location_mouse_brain_ST8059048_shared12819/Spatial_count.txt"",""--sc-data"",""${ARCHIVE_ROOT}/processed_datasets/primary/Cell2location_mouse_brain_ST8059048_shared12819/scRNA_count.txt"",""--gene-split-json"",""${FORMAL_RUN_ROOT}/inputs/Cell2location_mouse_brain_ST8059048_shared12819/fold1/mode_a_split.json"",""--train-gene-idx-path"",""${ARCHIVE_ROOT}/frozen_splits/primary/Cell2location_mouse_brain_ST8059048_shared12819/gene_index_masks/fold1_train_gene_idx.npy"",""--val-gene-idx-path"",""${ARCHIVE_ROOT}/frozen_splits/primary/Cell2location_mouse_brain_ST8059048_shared12819/gene_index_masks/fold1_val_gene_idx.npy"",""--test-gene-idx-path"",""${ARCHIVE_ROOT}/frozen_splits/primary/Cell2location_mouse_brain_ST8059048_shared12819/gene_index_masks/fold1_test_gene_idx.npy"",""--model-gene-scope"",""train_indices"",""--output-dir"",""${FORMAL_RUN_ROOT}/baselines/stPlus/Cell2location_mouse_brain_ST8059048_shared12819/fold1"",""--skip-adapter-metrics""]",b12e8dca2c4495a1939e5e41d7db378bbdbec2e143bdff233e07120fedc634a8,33553a6394a306c3f5a03dc99a3b6cdf27e9a7bd56202fe730d3c466d2f9b3d5,a9fcfe791fd491ec4358a0a5ee4901c6c010b3a8eb9a11ee30b06d87c9c3982c,0ff2bfa6a65f9e83e52a8633dfedaa8721c7dd857b0ea23ed7c37b79be869435,f6dca5be5a6b3cb7e9e4aa5929f525a7647889689a628bd343be7b52871e6541,3be41559f2cc15da3c7c65c9638c12bd53309ca07291f9c628802d4009a9fb2e,c93d5ceafd8a0113441c5b57ba7410060f22ab7eb635b1b4baf6890b8402eb81,dcc8726b21dcd13ce0c13f6ce8df8761c187b67b003d6ada33e8d8beff1dfe75,prediction_matrices/Cell2location_mouse_brain_ST8059048_shared12819/stPlus/fold1/prediction.npz,caa28006de5049acf101588f8b785d3f9218ed90d0242570c7ecc8080adf48d3,"[2987,2564]",True,True,False,,222fc4f627ce806e3aacc68bfebcd4b85b8ee43f4f3df60334ed8ca75fa5d863
stPlus__Cell2location_mouse_brain_ST8059048_shared12819__fold2,stPlus,Cell2location,Cell2location_mouse_brain_ST8059048_shared12819,Primary,2,A,completed,0,"[""python"",""${REPOSITORY_ROOT}/baseline/stPlus/run_stplus_mhpr_fold_from_split.py"",""--locations-path"",""${ARCHIVE_ROOT}/processed_datasets/primary/Cell2location_mouse_brain_ST8059048_shared12819/Locations.txt"",""--st-data"",""${ARCHIVE_ROOT}/processed_datasets/primary/Cell2location_mouse_brain_ST8059048_shared12819/Spatial_count.txt"",""--sc-data"",""${ARCHIVE_ROOT}/processed_datasets/primary/Cell2location_mouse_brain_ST8059048_shared12819/scRNA_count.txt"",""--gene-split-json"",""${FORMAL_RUN_ROOT}/inputs/Cell2location_mouse_brain_ST8059048_shared12819/fold2/mode_a_split.json"",""--train-gene-idx-path"",""${ARCHIVE_ROOT}/frozen_splits/primary/Cell2location_mouse_brain_ST8059048_shared12819/gene_index_masks/fold2_train_gene_idx.npy"",""--val-gene-idx-path"",""${ARCHIVE_ROOT}/frozen_splits/primary/Cell2location_mouse_brain_ST8059048_shared12819/gene_index_masks/fold2_val_gene_idx.npy"",""--test-gene-idx-path"",""${ARCHIVE_ROOT}/frozen_splits/primary/Cell2location_mouse_brain_ST8059048_shared12819/gene_index_masks/fold2_test_gene_idx.npy"",""--model-gene-scope"",""train_indices"",""--output-dir"",""${FORMAL_RUN_ROOT}/baselines/stPlus/Cell2location_mouse_brain_ST8059048_shared12819/fold2"",""--skip-adapter-metrics""]",b12e8dca2c4495a1939e5e41d7db378bbdbec2e143bdff233e07120fedc634a8,33553a6394a306c3f5a03dc99a3b6cdf27e9a7bd56202fe730d3c466d2f9b3d5,819a27cbe0214bd4181e39e5f0a15edf6ff6cb633d68febb389e0b1df9681788,eefeca3f31c91967f8ecb2d8afa5e2b990aff18fd97bee4ff8d4eacb1becc0cb,3b1d1818321bb1aad27509a350d0d0f4236b98ab1907a6ae09ecca0423d2259b,7721049aa7985f166194f9815e2072dcc66d56def574ce6922057026da582c1c,388b0c2f32a30a09cd51e187b80065e4362646d4a53ba443db77cbf7f93849fe,43306a8d1187081afc2c2231f6b3bfba7853377f9ad439ed06f7a9bde896972e,prediction_matrices/Cell2location_mouse_brain_ST8059048_shared12819/stPlus/fold2/prediction.npz,64583f44f7e9466336c67d40f7c87ccef79edd0ad43f0d1b988c1245258da3c8,"[2987,2564]",True,True,False,,47deeed0476a9dcd38b482a0289f43fad03576b8854334c61bc5493e0b5933cb
stPlus__Cell2location_mouse_brain_ST8059048_shared12819__fold3,stPlus,Cell2location,Cell2location_mouse_brain_ST8059048_shared12819,Primary,3,A,completed,0,"[""python"",""${REPOSITORY_ROOT}/baseline/stPlus/run_stplus_mhpr_fold_from_split.py"",""--locations-path"",""${ARCHIVE_ROOT}/processed_datasets/primary/Cell2location_mouse_brain_ST8059048_shared12819/Locations.txt"",""--st-data"",""${ARCHIVE_ROOT}/processed_datasets/primary/Cell2location_mouse_brain_ST8059048_shared12819/Spatial_count.txt"",""--sc-data"",""${ARCHIVE_ROOT}/processed_datasets/primary/Cell2location_mouse_brain_ST8059048_shared12819/scRNA_count.txt"",""--gene-split-json"",""${FORMAL_RUN_ROOT}/inputs/Cell2location_mouse_brain_ST8059048_shared12819/fold3/mode_a_split.json"",""--train-gene-idx-path"",""${ARCHIVE_ROOT}/frozen_splits/primary/Cell2location_mouse_brain_ST8059048_shared12819/gene_index_masks/fold3_train_gene_idx.npy"",""--val-gene-idx-path"",""${ARCHIVE_ROOT}/frozen_splits/primary/Cell2location_mouse_brain_ST8059048_shared12819/gene_index_masks/fold3_val_gene_idx.npy"",""--test-gene-idx-path"",""${ARCHIVE_ROOT}/frozen_splits/primary/Cell2location_mouse_brain_ST8059048_shared12819/gene_index_masks/fold3_test_gene_idx.npy"",""--model-gene-scope"",""train_indices"",""--output-dir"",""${FORMAL_RUN_ROOT}/baselines/stPlus/Cell2location_mouse_brain_ST8059048_shared12819/fold3"",""--skip-adapter-metrics""]",b12e8dca2c4495a1939e5e41d7db378bbdbec2e143bdff233e07120fedc634a8,33553a6394a306c3f5a03dc99a3b6cdf27e9a7bd56202fe730d3c466d2f9b3d5,9d4ebd250b1cda6ffbcbb2b29f1a5fe0f0980335235d843caac9acc18f982fef,c7bebc9fe0284c3c385d44872385f244da718a70f8cdf397c5247d8fbe1f010c,64626541e38ccc7934d048bf78aca7d206cedec5c245492d4a4e9f90d279bd51,087c62d320d0fc959472bab977f31c2ad218ecd12a29a42774d0da150fee820e,bf93b7e05806eb237fb160017302819f4014b724aa0cf5cc93b97e6126b7c19d,874682022f4b7e1e863daacfadf6a1e37ba038ed425b0181a8e4698e84247348,prediction_matrices/Cell2location_mouse_brain_ST8059048_shared12819/stPlus/fold3/prediction.npz,6bb3697d842bfedbe7c7ad23e7b62d0c25d388dd1662a3a9d56cd383c6b22eba,"[2987,2564]",True,True,False,,02899476736944b09a14300de05b1b04bc79a2a908a263953dc1eb4013da78fe
stPlus__Cell2location_mouse_brain_ST8059048_shared12819__fold4,stPlus,Cell2location,Cell2location_mouse_brain_ST8059048_shared12819,Primary,4,A,completed,0,"[""python"",""${REPOSITORY_ROOT}/baseline/stPlus/run_stplus_mhpr_fold_from_split.py"",""--locations-path"",""${ARCHIVE_ROOT}/processed_datasets/primary/Cell2location_mouse_brain_ST8059048_shared12819/Locations.txt"",""--st-data"",""${ARCHIVE_ROOT}/processed_datasets/primary/Cell2location_mouse_brain_ST8059048_shared12819/Spatial_count.txt"",""--sc-data"",""${ARCHIVE_ROOT}/processed_datasets/primary/Cell2location_mouse_brain_ST8059048_shared12819/scRNA_count.txt"",""--gene-split-json"",""${FORMAL_RUN_ROOT}/inputs/Cell2location_mouse_brain_ST8059048_shared12819/fold4/mode_a_split.json"",""--train-gene-idx-path"",""${ARCHIVE_ROOT}/frozen_splits/primary/Cell2location_mouse_brain_ST8059048_shared12819/gene_index_masks/fold4_train_gene_idx.npy"",""--val-gene-idx-path"",""${ARCHIVE_ROOT}/frozen_splits/primary/Cell2location_mouse_brain_ST8059048_shared12819/gene_index_masks/fold4_val_gene_idx.npy"",""--test-gene-idx-path"",""${ARCHIVE_ROOT}/frozen_splits/primary/Cell2location_mouse_brain_ST8059048_shared12819/gene_index_masks/fold4_test_gene_idx.npy"",""--model-gene-scope"",""train_indices"",""--output-dir"",""${FORMAL_RUN_ROOT}/baselines/stPlus/Cell2location_mouse_brain_ST8059048_shared12819/fold4"",""--skip-adapter-metrics""]",b12e8dca2c4495a1939e5e41d7db378bbdbec2e143bdff233e07120fedc634a8,33553a6394a306c3f5a03dc99a3b6cdf27e9a7bd56202fe730d3c466d2f9b3d5,f3f8a6437f43a07906d1664c0aee3bb44e3e6880b56b293a9988889281f03a28,6466cbcee4a1936f8dbb07a0960d6d76f25aa44542edc491134ce7eec5ef37f1,cbfd99ddf09fc04cdd459900188deebf6aa01fb6772593727f2ff5fc584e637c,c7b76f6a2f506710a748a0a3a82d9f5a0cda55969fbdb712f1aa6fc562c45645,9e94e2499f4429b3086b9be011fd8b5ba1762f33507e11202bd4d64e0ae69f73,e024f6026f2fb5bd1407b591696186a5a04a28a21bf6734c5952d4e83d53708f,prediction_matrices/Cell2location_mouse_brain_ST8059048_shared12819/stPlus/fold4/prediction.npz,a4c70b1f92ecfb190420a44626b8e76eee64fb62642e48f1847781fff0287274,"[2987,2563]",True,True,False,,ba28488706dd3ac4dd5043940ca7846a95031a14707e7f9af1ec10b053bcd40c
stPlus__HBC_shared16112__fold0,stPlus,HBC,HBC_shared16112,Primary,0,A,completed,0,"[""python"",""${REPOSITORY_ROOT}/baseline/stPlus/run_stplus_mhpr_fold_from_split.py"",""--locations-path"",""${ARCHIVE_ROOT}/processed_datasets/primary/HBC_shared16112/Locations.txt"",""--st-data"",""${ARCHIVE_ROOT}/processed_datasets/primary/HBC_shared16112/Spatial_count.txt"",""--sc-data"",""${ARCHIVE_ROOT}/processed_datasets/primary/HBC_shared16112/scRNA_count.txt"",""--gene-split-json"",""${FORMAL_RUN_ROOT}/inputs/HBC_shared16112/fold0/mode_a_split.json"",""--train-gene-idx-path"",""${ARCHIVE_ROOT}/frozen_splits/primary/HBC_shared16112/gene_index_masks/fold0_train_gene_idx.npy"",""--val-gene-idx-path"",""${ARCHIVE_ROOT}/frozen_splits/primary/HBC_shared16112/gene_index_masks/fold0_val_gene_idx.npy"",""--test-gene-idx-path"",""${ARCHIVE_ROOT}/frozen_splits/primary/HBC_shared16112/gene_index_masks/fold0_test_gene_idx.npy"",""--model-gene-scope"",""train_indices"",""--output-dir"",""${FORMAL_RUN_ROOT}/baselines/stPlus/HBC_shared16112/fold0"",""--skip-adapter-metrics""]",b12e8dca2c4495a1939e5e41d7db378bbdbec2e143bdff233e07120fedc634a8,33553a6394a306c3f5a03dc99a3b6cdf27e9a7bd56202fe730d3c466d2f9b3d5,0e0f26aae7890412c874fec53e7b273bd0d4e46909eb9e1b4b88e1dc1a04c319,4ce4847e775e2d24b06c749fb149a6aaa2de40942e4a9f3777be9f3abb032977,ef83fab615edb32ce9bdae91286943e023e38ae1f7e97b8d48274757fb37f562,76af4f9935024e2ac1fd6186c7e99cf5c01d56ca5fcc023d47497d9581c10874,a3f4969b2064f41c0446caa29c91b0a0bd97fba5a7bb664ac4176083afeb2f85,7a7d2bb1cefd1cf1c0f7e6fe7b7aa72d9664088fa3dbcb3119de06e98f4c7add,prediction_matrices/HBC_shared16112/stPlus/fold0/prediction.npz,a54fac98655653e8c64f0d7220ac4b1cf68498aa7630585f04c8c22dc21d9f02,"[4784,3223]",True,True,False,,61e1f3b496c8ab2a6456eb2cb9a80093ba8b8442861cae2ded252342d6830849
stPlus__HBC_shared16112__fold1,stPlus,HBC,HBC_shared16112,Primary,1,A,completed,0,"[""python"",""${REPOSITORY_ROOT}/baseline/stPlus/run_stplus_mhpr_fold_from_split.py"",""--locations-path"",""${ARCHIVE_ROOT}/processed_datasets/primary/HBC_shared16112/Locations.txt"",""--st-data"",""${ARCHIVE_ROOT}/processed_datasets/primary/HBC_shared16112/Spatial_count.txt"",""--sc-data"",""${ARCHIVE_ROOT}/processed_datasets/primary/HBC_shared16112/scRNA_count.txt"",""--gene-split-json"",""${FORMAL_RUN_ROOT}/inputs/HBC_shared16112/fold1/mode_a_split.json"",""--train-gene-idx-path"",""${ARCHIVE_ROOT}/frozen_splits/primary/HBC_shared16112/gene_index_masks/fold1_train_gene_idx.npy"",""--val-gene-idx-path"",""${ARCHIVE_ROOT}/frozen_splits/primary/HBC_shared16112/gene_index_masks/fold1_val_gene_idx.npy"",""--test-gene-idx-path"",""${ARCHIVE_ROOT}/frozen_splits/primary/HBC_shared16112/gene_index_masks/fold1_test_gene_idx.npy"",""--model-gene-scope"",""train_indices"",""--output-dir"",""${FORMAL_RUN_ROOT}/baselines/stPlus/HBC_shared16112/fold1"",""--skip-adapter-metrics""]",b12e8dca2c4495a1939e5e41d7db378bbdbec2e143bdff233e07120fedc634a8,33553a6394a306c3f5a03dc99a3b6cdf27e9a7bd56202fe730d3c466d2f9b3d5,71f97ec07a1af8c1e9452b99db6b09896c76912c566cef2b722885ba7fd8ba68,f6691162c498f3137b20fa905f242e3aef94af9baae454a9ea793484f2681761,6e62bbad175f2aaa6df1e9bb647e7adcdeadc72591877ab28245dcbff0363b30,a360b611bda06d9e4cc17925d9e0e1215cdc6989f2b6546ba1020b48ff8867a4,89d348c106fe410e5bd6f85aff16a978bd38b4406b96ed490b0f54c877a22d06,9bfdbace6d994839e4d80ee0ad929b335ac5489975edaaaf98a82ece4c0963d9,prediction_matrices/HBC_shared16112/stPlus/fold1/prediction.npz,26e20bee91f82454cf92a23a4829cc65d8f19146058a5389d5cbf113ae5c7359,"[4784,3223]",True,True,False,,0f6a1446d962238e7c3c2564c53400c7f0b0e822a3d95ee374132733e31723e0
stPlus__HBC_shared16112__fold2,stPlus,HBC,HBC_shared16112,Primary,2,A,completed,0,"[""python"",""${REPOSITORY_ROOT}/baseline/stPlus/run_stplus_mhpr_fold_from_split.py"",""--locations-path"",""${ARCHIVE_ROOT}/processed_datasets/primary/HBC_shared16112/Locations.txt"",""--st-data"",""${ARCHIVE_ROOT}/processed_datasets/primary/HBC_shared16112/Spatial_count.txt"",""--sc-data"",""${ARCHIVE_ROOT}/processed_datasets/primary/HBC_shared16112/scRNA_count.txt"",""--gene-split-json"",""${FORMAL_RUN_ROOT}/inputs/HBC_shared16112/fold2/mode_a_split.json"",""--train-gene-idx-path"",""${ARCHIVE_ROOT}/frozen_splits/primary/HBC_shared16112/gene_index_masks/fold2_train_gene_idx.npy"",""--val-gene-idx-path"",""${ARCHIVE_ROOT}/frozen_splits/primary/HBC_shared16112/gene_index_masks/fold2_val_gene_idx.npy"",""--test-gene-idx-path"",""${ARCHIVE_ROOT}/frozen_splits/primary/HBC_shared16112/gene_index_masks/fold2_test_gene_idx.npy"",""--model-gene-scope"",""train_indices"",""--output-dir"",""${FORMAL_RUN_ROOT}/baselines/stPlus/HBC_shared16112/fold2"",""--skip-adapter-metrics""]",b12e8dca2c4495a1939e5e41d7db378bbdbec2e143bdff233e07120fedc634a8,33553a6394a306c3f5a03dc99a3b6cdf27e9a7bd56202fe730d3c466d2f9b3d5,3151e7d7ecb1e6a766ccd9b8426b8cbd41bd28c195af49f220ada555888a0691,74e6b6d0a2308db90c59d08f6a9d95a2ea8ce510f160c4623ea4e6e171218d81,5615efb74616d0c80e8435991868790245143020fc88e691e677355667146182,cd66c3485da98b37730a74b6241945037566355ecfdb478262f3db6fd5fcd041,c3be12018dc6417829a992c180042316326aa1dee1f67df43376122d443c03dc,a0f27778e22c99d5cdad78578739842b27dbbef8a7fa013d327d984abc7cd332,prediction_matrices/HBC_shared16112/stPlus/fold2/prediction.npz,c3bd83ba2f85e8516a47c635f8bb701769a4cea6ad55ea465ffbf18612717ffa,"[4784,3222]",True,True,False,,543822369d2c2aa9d6bf20d15a23c9163d39b932cf9f7067c2bc3b0ae74a3255
stPlus__HBC_shared16112__fold3,stPlus,HBC,HBC_shared16112,Primary,3,A,completed,0,"[""python"",""${REPOSITORY_ROOT}/baseline/stPlus/run_stplus_mhpr_fold_from_split.py"",""--locations-path"",""${ARCHIVE_ROOT}/processed_datasets/primary/HBC_shared16112/Locations.txt"",""--st-data"",""${ARCHIVE_ROOT}/processed_datasets/primary/HBC_shared16112/Spatial_count.txt"",""--sc-data"",""${ARCHIVE_ROOT}/processed_datasets/primary/HBC_shared16112/scRNA_count.txt"",""--gene-split-json"",""${FORMAL_RUN_ROOT}/inputs/HBC_shared16112/fold3/mode_a_split.json"",""--train-gene-idx-path"",""${ARCHIVE_ROOT}/frozen_splits/primary/HBC_shared16112/gene_index_masks/fold3_train_gene_idx.npy"",""--val-gene-idx-path"",""${ARCHIVE_ROOT}/frozen_splits/primary/HBC_shared16112/gene_index_masks/fold3_val_gene_idx.npy"",""--test-gene-idx-path"",""${ARCHIVE_ROOT}/frozen_splits/primary/HBC_shared16112/gene_index_masks/fold3_test_gene_idx.npy"",""--model-gene-scope"",""train_indices"",""--output-dir"",""${FORMAL_RUN_ROOT}/baselines/stPlus/HBC_shared16112/fold3"",""--skip-adapter-metrics""]",b12e8dca2c4495a1939e5e41d7db378bbdbec2e143bdff233e07120fedc634a8,33553a6394a306c3f5a03dc99a3b6cdf27e9a7bd56202fe730d3c466d2f9b3d5,0bc2fa14bfd07f7ad42c99d9ccb5bc7256321890bdc7632941f7c77e84ea201a,4d37be4bb433e1eb64d48e016818fdb19d7bb9cd109378daea424cafe05d95c8,9c7f0f0dfe9faea0e5c51061770d4b0f803b1cf356e515f5c0a80da7b27fd241,8087243cdb7b39691bdcc01fc15801c95fdcb9dec09222e50eab655048232c36,93256c82c034aaac186c28bd21d97e512d6827d756c1e1e95c1fa85812282c32,c5a6dca13c96ff934024f8c1279471f22621f24066ef7d0175dd09d9310384e7,prediction_matrices/HBC_shared16112/stPlus/fold3/prediction.npz,1db0b6db4b08da0bbec4526271933c71f173740eaa186993eb8dfc247b8a2bd7,"[4784,3222]",True,True,False,,687469ca39e1debf67617495e3dfdfebff10cd6b8e7c536f0a71e18e548ea346
stPlus__HBC_shared16112__fold4,stPlus,HBC,HBC_shared16112,Primary,4,A,completed,0,"[""python"",""${REPOSITORY_ROOT}/baseline/stPlus/run_stplus_mhpr_fold_from_split.py"",""--locations-path"",""${ARCHIVE_ROOT}/processed_datasets/primary/HBC_shared16112/Locations.txt"",""--st-data"",""${ARCHIVE_ROOT}/processed_datasets/primary/HBC_shared16112/Spatial_count.txt"",""--sc-data"",""${ARCHIVE_ROOT}/processed_datasets/primary/HBC_shared16112/scRNA_count.txt"",""--gene-split-json"",""${FORMAL_RUN_ROOT}/inputs/HBC_shared16112/fold4/mode_a_split.json"",""--train-gene-idx-path"",""${ARCHIVE_ROOT}/frozen_splits/primary/HBC_shared16112/gene_index_masks/fold4_train_gene_idx.npy"",""--val-gene-idx-path"",""${ARCHIVE_ROOT}/frozen_splits/primary/HBC_shared16112/gene_index_masks/fold4_val_gene_idx.npy"",""--test-gene-idx-path"",""${ARCHIVE_ROOT}/frozen_splits/primary/HBC_shared16112/gene_index_masks/fold4_test_gene_idx.npy"",""--model-gene-scope"",""train_indices"",""--output-dir"",""${FORMAL_RUN_ROOT}/baselines/stPlus/HBC_shared16112/fold4"",""--skip-adapter-metrics""]",b12e8dca2c4495a1939e5e41d7db378bbdbec2e143bdff233e07120fedc634a8,33553a6394a306c3f5a03dc99a3b6cdf27e9a7bd56202fe730d3c466d2f9b3d5,50bc08f08312203728bb423118610a20c20a57b61172cbd65f473ec37f4e5725,b37dc409f10071fda19e0442700e7b9e421adb325c90962e47529d74a2cc35c8,49d83a99de196efa3c7e88b1a6d9273297f2353ce77ce82098a58f7e174a4b41,e14a2a75568077bd2411444d4cfc8f92b7bee577016a75c237de095a7922c328,e1c31c594a974e5f60b55ac5c075aa29b463436e11c5fb1f9762ce7f9b0f78ae,b755456b81ce2f2a8fd3f18a5c0f9896bf4b1d4534897d0e8875fbc74d666a30,prediction_matrices/HBC_shared16112/stPlus/fold4/prediction.npz,25f286d656dc137ea665b26e57a88e6f2e2942388a549f6ed516c1539583aa97,"[4784,3222]",True,True,False,,fb3493ea1c485e7ee91c2b31b52b212bb606bdc70c7ee8c2103ac8bc29b5202f
stPlus__MHPR_current_panel__fold0,stPlus,MHPR,MHPR_current_panel,Cross-platform,0,A,completed,0,"[""python"",""${REPOSITORY_ROOT}/baseline/stPlus/run_stplus_mhpr_fold_from_split.py"",""--locations-path"",""${ARCHIVE_ROOT}/processed_datasets/cross_platform/MHPR_current_panel/Locations.txt"",""--st-data"",""${ARCHIVE_ROOT}/processed_datasets/cross_platform/MHPR_current_panel/Spatial_count.txt"",""--sc-data"",""${ARCHIVE_ROOT}/processed_datasets/cross_platform/MHPR_current_panel/scRNA_count.txt"",""--gene-split-json"",""${FORMAL_RUN_ROOT}/inputs/MHPR_current_panel/fold0/mode_a_split.json"",""--train-gene-idx-path"",""${ARCHIVE_ROOT}/frozen_splits/cross_platform/MHPR_current_panel/gene_index_masks/fold0_train_gene_idx.npy"",""--val-gene-idx-path"",""${ARCHIVE_ROOT}/frozen_splits/cross_platform/MHPR_current_panel/gene_index_masks/fold0_val_gene_idx.npy"",""--test-gene-idx-path"",""${ARCHIVE_ROOT}/frozen_splits/cross_platform/MHPR_current_panel/gene_index_masks/fold0_test_gene_idx.npy"",""--model-gene-scope"",""train_indices"",""--output-dir"",""${FORMAL_RUN_ROOT}/baselines/stPlus/MHPR_current_panel/fold0"",""--skip-adapter-metrics""]",b12e8dca2c4495a1939e5e41d7db378bbdbec2e143bdff233e07120fedc634a8,33553a6394a306c3f5a03dc99a3b6cdf27e9a7bd56202fe730d3c466d2f9b3d5,88c06464a227011265319ac81d1df782ceaf47b82ac8ef706886eeeb66da049f,b1013c6452a81457d697471e5d16a95d7094947e915b03dcd772d6b853773cdb,036cf336ecd09358235b422277280bb5af2ef8c6b8150a3d2cbd256c3c8e3cd7,d1f5df6226611de08ef70f86e141417a7813b9cfa1aea08cd70599a1a6873af8,ed629707929131f4452d80ef755d61748a77eca26575ffab67975613a82acee2,dad7c102b7bb3a29590e3e0f20ba91eef8e195eaac3204ff6062b69b096e2315,prediction_matrices/MHPR_current_panel/stPlus/fold0/prediction.npz,8869b3ef4bb9561c4ea07ee6a315c3a01c065df7f4caa09fa87b615ed7abc19c,"[4975,31]",True,True,False,,f348b0ea8e259e3cc000450e7078649ab606a82a356ae865e338e28c74def286
stPlus__MHPR_current_panel__fold1,stPlus,MHPR,MHPR_current_panel,Cross-platform,1,A,completed,0,"[""python"",""${REPOSITORY_ROOT}/baseline/stPlus/run_stplus_mhpr_fold_from_split.py"",""--locations-path"",""${ARCHIVE_ROOT}/processed_datasets/cross_platform/MHPR_current_panel/Locations.txt"",""--st-data"",""${ARCHIVE_ROOT}/processed_datasets/cross_platform/MHPR_current_panel/Spatial_count.txt"",""--sc-data"",""${ARCHIVE_ROOT}/processed_datasets/cross_platform/MHPR_current_panel/scRNA_count.txt"",""--gene-split-json"",""${FORMAL_RUN_ROOT}/inputs/MHPR_current_panel/fold1/mode_a_split.json"",""--train-gene-idx-path"",""${ARCHIVE_ROOT}/frozen_splits/cross_platform/MHPR_current_panel/gene_index_masks/fold1_train_gene_idx.npy"",""--val-gene-idx-path"",""${ARCHIVE_ROOT}/frozen_splits/cross_platform/MHPR_current_panel/gene_index_masks/fold1_val_gene_idx.npy"",""--test-gene-idx-path"",""${ARCHIVE_ROOT}/frozen_splits/cross_platform/MHPR_current_panel/gene_index_masks/fold1_test_gene_idx.npy"",""--model-gene-scope"",""train_indices"",""--output-dir"",""${FORMAL_RUN_ROOT}/baselines/stPlus/MHPR_current_panel/fold1"",""--skip-adapter-metrics""]",b12e8dca2c4495a1939e5e41d7db378bbdbec2e143bdff233e07120fedc634a8,33553a6394a306c3f5a03dc99a3b6cdf27e9a7bd56202fe730d3c466d2f9b3d5,5c9079c4cd895b805b49631debcc173b16b49adc073be4378d6220c030378a98,cdaccae0f261ae3028bb083740e7054f05af1d3498073aeafc42424573c79163,66647b4201235c7b617440f8db9d692294860c6329ebcbee5be7f3814d2afcad,8d4cd1eab34edcd141c4f91b151cc22825e8305d3dfd2ed1f2ffd6cd7df6cfde,9e4ad9b4be9a7f00c6282edfe62bd299d16fdded750f44204f0fadbfddc53e79,b91981d8bcdddf23d53e4a1b305193b9d34a4e7db65568f961c4e74c0ee43983,prediction_matrices/MHPR_current_panel/stPlus/fold1/prediction.npz,e18d6b52fcf5313e5db5716a03561089c466755734af12abe76a735b8952e557,"[4975,31]",True,True,False,,1b17366265aa2e44b8913c3952eb0ba57419e0cf8125f253da6757142b88a851
stPlus__MHPR_current_panel__fold2,stPlus,MHPR,MHPR_current_panel,Cross-platform,2,A,completed,0,"[""python"",""${REPOSITORY_ROOT}/baseline/stPlus/run_stplus_mhpr_fold_from_split.py"",""--locations-path"",""${ARCHIVE_ROOT}/processed_datasets/cross_platform/MHPR_current_panel/Locations.txt"",""--st-data"",""${ARCHIVE_ROOT}/processed_datasets/cross_platform/MHPR_current_panel/Spatial_count.txt"",""--sc-data"",""${ARCHIVE_ROOT}/processed_datasets/cross_platform/MHPR_current_panel/scRNA_count.txt"",""--gene-split-json"",""${FORMAL_RUN_ROOT}/inputs/MHPR_current_panel/fold2/mode_a_split.json"",""--train-gene-idx-path"",""${ARCHIVE_ROOT}/frozen_splits/cross_platform/MHPR_current_panel/gene_index_masks/fold2_train_gene_idx.npy"",""--val-gene-idx-path"",""${ARCHIVE_ROOT}/frozen_splits/cross_platform/MHPR_current_panel/gene_index_masks/fold2_val_gene_idx.npy"",""--test-gene-idx-path"",""${ARCHIVE_ROOT}/frozen_splits/cross_platform/MHPR_current_panel/gene_index_masks/fold2_test_gene_idx.npy"",""--model-gene-scope"",""train_indices"",""--output-dir"",""${FORMAL_RUN_ROOT}/baselines/stPlus/MHPR_current_panel/fold2"",""--skip-adapter-metrics""]",b12e8dca2c4495a1939e5e41d7db378bbdbec2e143bdff233e07120fedc634a8,33553a6394a306c3f5a03dc99a3b6cdf27e9a7bd56202fe730d3c466d2f9b3d5,18f8beef8ffb0a6d35ce536491219a7998307d30c8fee10f162651d396429570,36b6136dea102190c0950e32ebed39e3aebda797f8957f6de7e6dca47a3f4f01,dbe544ae48f8e2cb64e05d3c7c309d66b0b7537f0fa55c7bb2b02ad4b50501c6,2d273bf06f4078fdea1e259f1c801b2ef4318606b47cc65b5870ff21fa72a804,a0b1a4dbe6006bc6b05e566f3eaba86d949fa267e8d1b826c85c679aef3547ea,bb782e60142b3924b65b1506a8dd4dd93bbdda6e1dae4d2b204e5bd42915ecac,prediction_matrices/MHPR_current_panel/stPlus/fold2/prediction.npz,9d2029b8915f097b76f00f8bd8ad693a057591d307127ebd0c60b12016b6864f,"[4975,31]",True,True,False,,f120c4b7fa941a2b92677c478ef44d91414c9e4770066975eb1c9dbdc74f5831
stPlus__MHPR_current_panel__fold3,stPlus,MHPR,MHPR_current_panel,Cross-platform,3,A,completed,0,"[""python"",""${REPOSITORY_ROOT}/baseline/stPlus/run_stplus_mhpr_fold_from_split.py"",""--locations-path"",""${ARCHIVE_ROOT}/processed_datasets/cross_platform/MHPR_current_panel/Locations.txt"",""--st-data"",""${ARCHIVE_ROOT}/processed_datasets/cross_platform/MHPR_current_panel/Spatial_count.txt"",""--sc-data"",""${ARCHIVE_ROOT}/processed_datasets/cross_platform/MHPR_current_panel/scRNA_count.txt"",""--gene-split-json"",""${FORMAL_RUN_ROOT}/inputs/MHPR_current_panel/fold3/mode_a_split.json"",""--train-gene-idx-path"",""${ARCHIVE_ROOT}/frozen_splits/cross_platform/MHPR_current_panel/gene_index_masks/fold3_train_gene_idx.npy"",""--val-gene-idx-path"",""${ARCHIVE_ROOT}/frozen_splits/cross_platform/MHPR_current_panel/gene_index_masks/fold3_val_gene_idx.npy"",""--test-gene-idx-path"",""${ARCHIVE_ROOT}/frozen_splits/cross_platform/MHPR_current_panel/gene_index_masks/fold3_test_gene_idx.npy"",""--model-gene-scope"",""train_indices"",""--output-dir"",""${FORMAL_RUN_ROOT}/baselines/stPlus/MHPR_current_panel/fold3"",""--skip-adapter-metrics""]",b12e8dca2c4495a1939e5e41d7db378bbdbec2e143bdff233e07120fedc634a8,33553a6394a306c3f5a03dc99a3b6cdf27e9a7bd56202fe730d3c466d2f9b3d5,032600e7141383b285e0b00b4f8ae913a261253051e00e1617b3a7a159d3e16a,b547a321d1bb96d7a0aee2f016c01e4bd3f33f84599086fcbe96b96aab4e82c2,819813850a652c4b813fe01a87a7759eeb7d8d3a8085f391bdd6cc38d13aff7b,34c1c41e981eab9baf313ba78926c91ca3f464ba230c9f5d418be25662ba257c,775f645deb4c9cffbc40b89fbb373d3472fedd26d806b37ed0317e971c1ed562,a5e50c8ae421453c924722cbc3713786016c76c0f44f1b5babc7d17631d10583,prediction_matrices/MHPR_current_panel/stPlus/fold3/prediction.npz,909aef1f73d350202a092032ada45bc03716a5f676052f1ede31f6d04e62ad2a,"[4975,31]",True,True,False,,13ad58da6d902cad35c8f8c466ea02b34518e7f46b2844d65b39bfacda58a205
stPlus__MHPR_current_panel__fold4,stPlus,MHPR,MHPR_current_panel,Cross-platform,4,A,completed,0,"[""python"",""${REPOSITORY_ROOT}/baseline/stPlus/run_stplus_mhpr_fold_from_split.py"",""--locations-path"",""${ARCHIVE_ROOT}/processed_datasets/cross_platform/MHPR_current_panel/Locations.txt"",""--st-data"",""${ARCHIVE_ROOT}/processed_datasets/cross_platform/MHPR_current_panel/Spatial_count.txt"",""--sc-data"",""${ARCHIVE_ROOT}/processed_datasets/cross_platform/MHPR_current_panel/scRNA_count.txt"",""--gene-split-json"",""${FORMAL_RUN_ROOT}/inputs/MHPR_current_panel/fold4/mode_a_split.json"",""--train-gene-idx-path"",""${ARCHIVE_ROOT}/frozen_splits/cross_platform/MHPR_current_panel/gene_index_masks/fold4_train_gene_idx.npy"",""--val-gene-idx-path"",""${ARCHIVE_ROOT}/frozen_splits/cross_platform/MHPR_current_panel/gene_index_masks/fold4_val_gene_idx.npy"",""--test-gene-idx-path"",""${ARCHIVE_ROOT}/frozen_splits/cross_platform/MHPR_current_panel/gene_index_masks/fold4_test_gene_idx.npy"",""--model-gene-scope"",""train_indices"",""--output-dir"",""${FORMAL_RUN_ROOT}/baselines/stPlus/MHPR_current_panel/fold4"",""--skip-adapter-metrics""]",b12e8dca2c4495a1939e5e41d7db378bbdbec2e143bdff233e07120fedc634a8,33553a6394a306c3f5a03dc99a3b6cdf27e9a7bd56202fe730d3c466d2f9b3d5,2edc342365a36b59532085681da940782cae4fe8f6a9d7f7f0a87ae7826833d4,d8f8baf97569d36d8d6bfe2975d2fd0dcc51d9838c36a795edd16d193fa75b72,630ab6844acb9b1628fa1acd63862d762f3a5c4858ef1bc878326eaa49195720,36e94f14a52ba7072ec3577607a028380bad125ec0cd9abfc43b5a4f0d5b72ca,9ceb30ff0c22706badf408211040c79a2c82c4452de521c612e447bf74c97224,36cba801af8f6360fc115ed310261fb630037bf41779f69240c5f38c1f2c9aa8,prediction_matrices/MHPR_current_panel/stPlus/fold4/prediction.npz,d5bf05a9e2ce588f44a543538df5a55c9f993d47e603fe0c99a2d397d00189e4,"[4975,30]",True,True,False,,43509f05a1408c76985653f21e328c84b07df2930ab92f0487295549e514615d
stPlus__MVC_shared981__fold0,stPlus,MVC,MVC_shared981,Cross-platform,0,A,completed,0,"[""python"",""${REPOSITORY_ROOT}/baseline/stPlus/run_stplus_mhpr_fold_from_split.py"",""--locations-path"",""${ARCHIVE_ROOT}/processed_datasets/cross_platform/MVC_shared981/Locations.txt"",""--st-data"",""${ARCHIVE_ROOT}/processed_datasets/cross_platform/MVC_shared981/Spatial_count.txt"",""--sc-data"",""${ARCHIVE_ROOT}/processed_datasets/cross_platform/MVC_shared981/scRNA_count.txt"",""--gene-split-json"",""${FORMAL_RUN_ROOT}/inputs/MVC_shared981/fold0/mode_a_split.json"",""--train-gene-idx-path"",""${ARCHIVE_ROOT}/frozen_splits/cross_platform/MVC_shared981/gene_index_masks/fold0_train_gene_idx.npy"",""--val-gene-idx-path"",""${ARCHIVE_ROOT}/frozen_splits/cross_platform/MVC_shared981/gene_index_masks/fold0_val_gene_idx.npy"",""--test-gene-idx-path"",""${ARCHIVE_ROOT}/frozen_splits/cross_platform/MVC_shared981/gene_index_masks/fold0_test_gene_idx.npy"",""--model-gene-scope"",""train_indices"",""--output-dir"",""${FORMAL_RUN_ROOT}/baselines/stPlus/MVC_shared981/fold0"",""--skip-adapter-metrics""]",b12e8dca2c4495a1939e5e41d7db378bbdbec2e143bdff233e07120fedc634a8,33553a6394a306c3f5a03dc99a3b6cdf27e9a7bd56202fe730d3c466d2f9b3d5,4d8cf81f2da455cfe6406adb6ccb216087eddf9c9311a579fdabd2c7a5bab84d,fd51ea78835fb458502afea4cb3a4bbc9c461892e3d00af94237cdfb1570de09,e13b4d402b33f67b774da78162302debfa455b61fe6f86b9733abc5c7e5dda84,2a0a247d83976ba2e1030bd5c96a487d966e7297f0ee11522805130e226afd87,916ab1d647e32b41b01ac7378b786d14930caad2df261690d515184b17938a3a,48e52644746a1ba2563278fa39a818d8027eed5f6386a18a580bd4b52d545522,prediction_matrices/MVC_shared981/stPlus/fold0/prediction.npz,b52c6f89dfb6a85f7361dd6d6cac9385eae51342aa5ec9a49228f7f73333cd55,"[1549,197]",True,True,False,,0b146d691481658e2984f23413499c67a40e708fd057538866c31d8dd31f047b
stPlus__MVC_shared981__fold1,stPlus,MVC,MVC_shared981,Cross-platform,1,A,completed,0,"[""python"",""${REPOSITORY_ROOT}/baseline/stPlus/run_stplus_mhpr_fold_from_split.py"",""--locations-path"",""${ARCHIVE_ROOT}/processed_datasets/cross_platform/MVC_shared981/Locations.txt"",""--st-data"",""${ARCHIVE_ROOT}/processed_datasets/cross_platform/MVC_shared981/Spatial_count.txt"",""--sc-data"",""${ARCHIVE_ROOT}/processed_datasets/cross_platform/MVC_shared981/scRNA_count.txt"",""--gene-split-json"",""${FORMAL_RUN_ROOT}/inputs/MVC_shared981/fold1/mode_a_split.json"",""--train-gene-idx-path"",""${ARCHIVE_ROOT}/frozen_splits/cross_platform/MVC_shared981/gene_index_masks/fold1_train_gene_idx.npy"",""--val-gene-idx-path"",""${ARCHIVE_ROOT}/frozen_splits/cross_platform/MVC_shared981/gene_index_masks/fold1_val_gene_idx.npy"",""--test-gene-idx-path"",""${ARCHIVE_ROOT}/frozen_splits/cross_platform/MVC_shared981/gene_index_masks/fold1_test_gene_idx.npy"",""--model-gene-scope"",""train_indices"",""--output-dir"",""${FORMAL_RUN_ROOT}/baselines/stPlus/MVC_shared981/fold1"",""--skip-adapter-metrics""]",b12e8dca2c4495a1939e5e41d7db378bbdbec2e143bdff233e07120fedc634a8,33553a6394a306c3f5a03dc99a3b6cdf27e9a7bd56202fe730d3c466d2f9b3d5,0308013d81c2a9b2d0588cd5e40cefa914703a6ffd3c82fc4c007a3e8f37ac74,e6d0a277402c3164aae9be18c2e3e46433caeaad47de1408cd5c85836144e7c5,7ff1afb47d001e939ddd56828d0d1f40961ed9511c91df3bfbf78ece89f7bccc,ff6362879a8601a45c7d9fd2faa475bc851dd64b083cc858bca5ccca7ca90236,3423d7211f569b0bdddae7695cf2833f98b0c917d3a589878cc18667c01471b3,0868ef1eb7ab021568da7063f689411fe710fbfa75c4d3af5403db0b19c57cd5,prediction_matrices/MVC_shared981/stPlus/fold1/prediction.npz,71ff3202a707a57f74eedadae1927f2d2068c4913957bda93b8f75ff59a01c32,"[1549,196]",True,True,False,,8a6cbb06cde217c6495a7327fbae202e8e4bd3aa2df9c2ef23792422e8e83119
stPlus__MVC_shared981__fold2,stPlus,MVC,MVC_shared981,Cross-platform,2,A,completed,0,"[""python"",""${REPOSITORY_ROOT}/baseline/stPlus/run_stplus_mhpr_fold_from_split.py"",""--locations-path"",""${ARCHIVE_ROOT}/processed_datasets/cross_platform/MVC_shared981/Locations.txt"",""--st-data"",""${ARCHIVE_ROOT}/processed_datasets/cross_platform/MVC_shared981/Spatial_count.txt"",""--sc-data"",""${ARCHIVE_ROOT}/processed_datasets/cross_platform/MVC_shared981/scRNA_count.txt"",""--gene-split-json"",""${FORMAL_RUN_ROOT}/inputs/MVC_shared981/fold2/mode_a_split.json"",""--train-gene-idx-path"",""${ARCHIVE_ROOT}/frozen_splits/cross_platform/MVC_shared981/gene_index_masks/fold2_train_gene_idx.npy"",""--val-gene-idx-path"",""${ARCHIVE_ROOT}/frozen_splits/cross_platform/MVC_shared981/gene_index_masks/fold2_val_gene_idx.npy"",""--test-gene-idx-path"",""${ARCHIVE_ROOT}/frozen_splits/cross_platform/MVC_shared981/gene_index_masks/fold2_test_gene_idx.npy"",""--model-gene-scope"",""train_indices"",""--output-dir"",""${FORMAL_RUN_ROOT}/baselines/stPlus/MVC_shared981/fold2"",""--skip-adapter-metrics""]",b12e8dca2c4495a1939e5e41d7db378bbdbec2e143bdff233e07120fedc634a8,33553a6394a306c3f5a03dc99a3b6cdf27e9a7bd56202fe730d3c466d2f9b3d5,409f5e4ca865af20fd888fb8fab2ac907696c72fabfd6fb3c06786d0e63d8854,b40c12afce3b67ecba92704a0a951c9e6fef2ef0671305ec76b7d8476861ed92,dcae22805ae8d084c08e4fa95ea82ab517e79ee10dbc3eb14dd0042fae23e5ef,24a87ab148fbc9e0de303e7fc7a82a2752c43c5fbc6232ed7a91676389ea54f2,e01d4b5485642bc8ad58adc78bdf5aa9b16bb30436239fa8544d9a87b5c534a2,7e884ef87029be0f4a55d43e95e5f5e41af67e5a87a27ebeef7d194682a6345e,prediction_matrices/MVC_shared981/stPlus/fold2/prediction.npz,3ffc167a90eb5261ccf83d448775a77137894182028b759c2fcee14560e59fe6,"[1549,196]",True,True,False,,9a54fb289f026a840a39cbd932a081af9900b048c7d31f288a4120e9916b2c29
stPlus__MVC_shared981__fold3,stPlus,MVC,MVC_shared981,Cross-platform,3,A,completed,0,"[""python"",""${REPOSITORY_ROOT}/baseline/stPlus/run_stplus_mhpr_fold_from_split.py"",""--locations-path"",""${ARCHIVE_ROOT}/processed_datasets/cross_platform/MVC_shared981/Locations.txt"",""--st-data"",""${ARCHIVE_ROOT}/processed_datasets/cross_platform/MVC_shared981/Spatial_count.txt"",""--sc-data"",""${ARCHIVE_ROOT}/processed_datasets/cross_platform/MVC_shared981/scRNA_count.txt"",""--gene-split-json"",""${FORMAL_RUN_ROOT}/inputs/MVC_shared981/fold3/mode_a_split.json"",""--train-gene-idx-path"",""${ARCHIVE_ROOT}/frozen_splits/cross_platform/MVC_shared981/gene_index_masks/fold3_train_gene_idx.npy"",""--val-gene-idx-path"",""${ARCHIVE_ROOT}/frozen_splits/cross_platform/MVC_shared981/gene_index_masks/fold3_val_gene_idx.npy"",""--test-gene-idx-path"",""${ARCHIVE_ROOT}/frozen_splits/cross_platform/MVC_shared981/gene_index_masks/fold3_test_gene_idx.npy"",""--model-gene-scope"",""train_indices"",""--output-dir"",""${FORMAL_RUN_ROOT}/baselines/stPlus/MVC_shared981/fold3"",""--skip-adapter-metrics""]",b12e8dca2c4495a1939e5e41d7db378bbdbec2e143bdff233e07120fedc634a8,33553a6394a306c3f5a03dc99a3b6cdf27e9a7bd56202fe730d3c466d2f9b3d5,586494412198510f7448fdfdcd5c535f2e96a3d9d9e85517c725d6973b06848c,6145c42c490db4111898b10e11eb0daa6cebcf300a22394fb670a382dad8f813,1425084c4e7c845519523e37036bc42b8ac9533da9a30ff5be6f62c843752b4d,6957a76ea40579faed88b4cad0a816f7c9fba7a80614fa5dda9f27a79a70a8f2,f1dce41e4d6bb34c4bca4028c3ea2f443e81f5fe92c8d43df8a5c96b2f15af0b,fb7ae7945d1bcf06eae2cf7693af3e8a57e9109a0bcb75dd72eeb0a8473a6d25,prediction_matrices/MVC_shared981/stPlus/fold3/prediction.npz,2a637f120415d0999c6f8374bdf81e70890ba7d600499ab2b90f7abead3e9aa6,"[1549,196]",True,True,False,,4a68e3e566c1492576450829108aa77191c9cd4297bd13c38645f1f1bb21fce7
stPlus__MVC_shared981__fold4,stPlus,MVC,MVC_shared981,Cross-platform,4,A,completed,0,"[""python"",""${REPOSITORY_ROOT}/baseline/stPlus/run_stplus_mhpr_fold_from_split.py"",""--locations-path"",""${ARCHIVE_ROOT}/processed_datasets/cross_platform/MVC_shared981/Locations.txt"",""--st-data"",""${ARCHIVE_ROOT}/processed_datasets/cross_platform/MVC_shared981/Spatial_count.txt"",""--sc-data"",""${ARCHIVE_ROOT}/processed_datasets/cross_platform/MVC_shared981/scRNA_count.txt"",""--gene-split-json"",""${FORMAL_RUN_ROOT}/inputs/MVC_shared981/fold4/mode_a_split.json"",""--train-gene-idx-path"",""${ARCHIVE_ROOT}/frozen_splits/cross_platform/MVC_shared981/gene_index_masks/fold4_train_gene_idx.npy"",""--val-gene-idx-path"",""${ARCHIVE_ROOT}/frozen_splits/cross_platform/MVC_shared981/gene_index_masks/fold4_val_gene_idx.npy"",""--test-gene-idx-path"",""${ARCHIVE_ROOT}/frozen_splits/cross_platform/MVC_shared981/gene_index_masks/fold4_test_gene_idx.npy"",""--model-gene-scope"",""train_indices"",""--output-dir"",""${FORMAL_RUN_ROOT}/baselines/stPlus/MVC_shared981/fold4"",""--skip-adapter-metrics""]",b12e8dca2c4495a1939e5e41d7db378bbdbec2e143bdff233e07120fedc634a8,33553a6394a306c3f5a03dc99a3b6cdf27e9a7bd56202fe730d3c466d2f9b3d5,95155822dab493c81eb9815003c251120c690d8ea40dfa3a34c51f163ab2df66,428b5cacc879ee3e17823533826bf5d6a16a829fa9f4e6ede9c289448c179836,4033983f2ebfe1a743129465918c9e575599898d94de129644e64e6a4167f8ca,5f93037186dbc03f636483499c304460dccbe25aecef666deb54237401207720,03481dabac99695db06f0d68c14912b633aff92de7253fbb5f4f5c94759e77d2,2d8e2a3acc4dd6f7473ac9af5fd8a692e1e4d02f3ba09a376b7cf1b7cab7ad61,prediction_matrices/MVC_shared981/stPlus/fold4/prediction.npz,7f2a46e152ad62f3884d29e8c7a9c30351fb829961619e8d93b777ca1486c6eb,"[1549,196]",True,True,False,,34d16ee56be494655f67461a5304e23f38897a4b77a5d24dae483e51dd1f57cd
stPlus__seqFISH_plus_cortex_svz_zeisel_sccortex_ref_shared10000__fold0,stPlus,seqFISH+,seqFISH_plus_cortex_svz_zeisel_sccortex_ref_shared10000,Cross-platform,0,A,completed,0,"[""python"",""${REPOSITORY_ROOT}/baseline/stPlus/run_stplus_mhpr_fold_from_split.py"",""--locations-path"",""${ARCHIVE_ROOT}/processed_datasets/cross_platform/seqFISH_plus_cortex_svz_zeisel_sccortex_ref_shared10000/Locations.txt"",""--st-data"",""${ARCHIVE_ROOT}/processed_datasets/cross_platform/seqFISH_plus_cortex_svz_zeisel_sccortex_ref_shared10000/Spatial_count.txt"",""--sc-data"",""${ARCHIVE_ROOT}/processed_datasets/cross_platform/seqFISH_plus_cortex_svz_zeisel_sccortex_ref_shared10000/scRNA_count.txt"",""--gene-split-json"",""${FORMAL_RUN_ROOT}/inputs/seqFISH_plus_cortex_svz_zeisel_sccortex_ref_shared10000/fold0/mode_a_split.json"",""--train-gene-idx-path"",""${ARCHIVE_ROOT}/frozen_splits/cross_platform/seqFISH_plus_cortex_svz_zeisel_sccortex_ref_shared10000/gene_index_masks/fold0_train_gene_idx.npy"",""--val-gene-idx-path"",""${ARCHIVE_ROOT}/frozen_splits/cross_platform/seqFISH_plus_cortex_svz_zeisel_sccortex_ref_shared10000/gene_index_masks/fold0_val_gene_idx.npy"",""--test-gene-idx-path"",""${ARCHIVE_ROOT}/frozen_splits/cross_platform/seqFISH_plus_cortex_svz_zeisel_sccortex_ref_shared10000/gene_index_masks/fold0_test_gene_idx.npy"",""--model-gene-scope"",""train_indices"",""--output-dir"",""${FORMAL_RUN_ROOT}/baselines/stPlus/seqFISH_plus_cortex_svz_zeisel_sccortex_ref_shared10000/fold0"",""--skip-adapter-metrics""]",b12e8dca2c4495a1939e5e41d7db378bbdbec2e143bdff233e07120fedc634a8,33553a6394a306c3f5a03dc99a3b6cdf27e9a7bd56202fe730d3c466d2f9b3d5,b83683273232379e5ef54e490145875288691d17a2c60bdd236fd73aa7fbd2ed,3aa8216f0d982005ee069ed0046693aa04b43ab572993a9c2c297dbe85260d76,b2ad4978edd6130f418f6aa7403d688913ee07e7b0c34dcc87dbf893095dbbd2,1c4ab9ed33a900017d2f212b926eaca897818e638ba01c89afd5b9d6d5f90edd,84d41e5e87e846e03b5e2e539dd91adac3de8b4c71f35596b0ba46a4d6233315,32c85a372820deddd2dd119ba05053c5b0dc64cc907e2775bf7f04b604f1633f,prediction_matrices/seqFISH_plus_cortex_svz_zeisel_sccortex_ref_shared10000/stPlus/fold0/prediction.npz,1b61bd121dca077b0d769a6b5b13e1687b94e2ce442c202f36876a9fab7f5dba,"[913,2000]",True,True,False,,81a4506e6d7300b1fd3e181b3cae42d4ff24ca20378b7cdb7ccd8b7716c0986d
stPlus__seqFISH_plus_cortex_svz_zeisel_sccortex_ref_shared10000__fold1,stPlus,seqFISH+,seqFISH_plus_cortex_svz_zeisel_sccortex_ref_shared10000,Cross-platform,1,A,completed,0,"[""python"",""${REPOSITORY_ROOT}/baseline/stPlus/run_stplus_mhpr_fold_from_split.py"",""--locations-path"",""${ARCHIVE_ROOT}/processed_datasets/cross_platform/seqFISH_plus_cortex_svz_zeisel_sccortex_ref_shared10000/Locations.txt"",""--st-data"",""${ARCHIVE_ROOT}/processed_datasets/cross_platform/seqFISH_plus_cortex_svz_zeisel_sccortex_ref_shared10000/Spatial_count.txt"",""--sc-data"",""${ARCHIVE_ROOT}/processed_datasets/cross_platform/seqFISH_plus_cortex_svz_zeisel_sccortex_ref_shared10000/scRNA_count.txt"",""--gene-split-json"",""${FORMAL_RUN_ROOT}/inputs/seqFISH_plus_cortex_svz_zeisel_sccortex_ref_shared10000/fold1/mode_a_split.json"",""--train-gene-idx-path"",""${ARCHIVE_ROOT}/frozen_splits/cross_platform/seqFISH_plus_cortex_svz_zeisel_sccortex_ref_shared10000/gene_index_masks/fold1_train_gene_idx.npy"",""--val-gene-idx-path"",""${ARCHIVE_ROOT}/frozen_splits/cross_platform/seqFISH_plus_cortex_svz_zeisel_sccortex_ref_shared10000/gene_index_masks/fold1_val_gene_idx.npy"",""--test-gene-idx-path"",""${ARCHIVE_ROOT}/frozen_splits/cross_platform/seqFISH_plus_cortex_svz_zeisel_sccortex_ref_shared10000/gene_index_masks/fold1_test_gene_idx.npy"",""--model-gene-scope"",""train_indices"",""--output-dir"",""${FORMAL_RUN_ROOT}/baselines/stPlus/seqFISH_plus_cortex_svz_zeisel_sccortex_ref_shared10000/fold1"",""--skip-adapter-metrics""]",b12e8dca2c4495a1939e5e41d7db378bbdbec2e143bdff233e07120fedc634a8,33553a6394a306c3f5a03dc99a3b6cdf27e9a7bd56202fe730d3c466d2f9b3d5,e09ff76d1e95dfe6462ddabe4fc1b43bc78a921a76253cb4f820a06fbc0aae38,56d82c6723077ec761046a7a5518f5c80daa8cbdac40cef275a720f46f5625e9,bed8846fbf23aa04d574197e8258194ed0eb406644630c34924faee44f0b605f,14d63b0fdd2e64cf0905a8bde296274845b02828ab97df80d4ec725397f0ade8,31685efb9bb10958637520cbf0ba3549ad94beadf820f8ae56f3349b6b738748,f3a47dbba8100eea86129e38b4eb1ea8180c8510838a219c7bc4231fdaedf524,prediction_matrices/seqFISH_plus_cortex_svz_zeisel_sccortex_ref_shared10000/stPlus/fold1/prediction.npz,60635e01846c9ed55f6d4e8d9c089de5a4b107241c124e332f83f82306f39d87,"[913,2000]",True,True,False,,ec0a9835ac349768da7f238ec21e54e02759b7b2bfd7e5526d97894cfeb279e7
stPlus__seqFISH_plus_cortex_svz_zeisel_sccortex_ref_shared10000__fold2,stPlus,seqFISH+,seqFISH_plus_cortex_svz_zeisel_sccortex_ref_shared10000,Cross-platform,2,A,completed,0,"[""python"",""${REPOSITORY_ROOT}/baseline/stPlus/run_stplus_mhpr_fold_from_split.py"",""--locations-path"",""${ARCHIVE_ROOT}/processed_datasets/cross_platform/seqFISH_plus_cortex_svz_zeisel_sccortex_ref_shared10000/Locations.txt"",""--st-data"",""${ARCHIVE_ROOT}/processed_datasets/cross_platform/seqFISH_plus_cortex_svz_zeisel_sccortex_ref_shared10000/Spatial_count.txt"",""--sc-data"",""${ARCHIVE_ROOT}/processed_datasets/cross_platform/seqFISH_plus_cortex_svz_zeisel_sccortex_ref_shared10000/scRNA_count.txt"",""--gene-split-json"",""${FORMAL_RUN_ROOT}/inputs/seqFISH_plus_cortex_svz_zeisel_sccortex_ref_shared10000/fold2/mode_a_split.json"",""--train-gene-idx-path"",""${ARCHIVE_ROOT}/frozen_splits/cross_platform/seqFISH_plus_cortex_svz_zeisel_sccortex_ref_shared10000/gene_index_masks/fold2_train_gene_idx.npy"",""--val-gene-idx-path"",""${ARCHIVE_ROOT}/frozen_splits/cross_platform/seqFISH_plus_cortex_svz_zeisel_sccortex_ref_shared10000/gene_index_masks/fold2_val_gene_idx.npy"",""--test-gene-idx-path"",""${ARCHIVE_ROOT}/frozen_splits/cross_platform/seqFISH_plus_cortex_svz_zeisel_sccortex_ref_shared10000/gene_index_masks/fold2_test_gene_idx.npy"",""--model-gene-scope"",""train_indices"",""--output-dir"",""${FORMAL_RUN_ROOT}/baselines/stPlus/seqFISH_plus_cortex_svz_zeisel_sccortex_ref_shared10000/fold2"",""--skip-adapter-metrics""]",b12e8dca2c4495a1939e5e41d7db378bbdbec2e143bdff233e07120fedc634a8,33553a6394a306c3f5a03dc99a3b6cdf27e9a7bd56202fe730d3c466d2f9b3d5,59e0c055bc3ad9e6405d15260501692a3f41825ccf7249da79fd6f101f354c93,a31bf3f098f889838498df7b2de28c529fb22a642823859439d950cc7db6297e,71a3bf24740bc5f8173b29e93f872852c6eb6d1d7d6079b5bba7dec1a2079098,a609886100807a2a2dbed4a3938508d1655098f0799da4bd9859172200360197,aec0b83154264b04a0cd02ff49d39f69cacfc2f9ddc6554cecae2396a2a86c0c,aa885ef925baeebf58ea1acafff2a49081e6f59023e0ead5b27d861696114e45,prediction_matrices/seqFISH_plus_cortex_svz_zeisel_sccortex_ref_shared10000/stPlus/fold2/prediction.npz,b076d66533911b8904b8543e2393d13abfa6ef0a8ab544d262e16a3db346f849,"[913,2000]",True,True,False,,d0a063fe17800856613ea97b515e24c4c0efc535d136b25da3c8c36d3569a72a
stPlus__seqFISH_plus_cortex_svz_zeisel_sccortex_ref_shared10000__fold3,stPlus,seqFISH+,seqFISH_plus_cortex_svz_zeisel_sccortex_ref_shared10000,Cross-platform,3,A,completed,0,"[""python"",""${REPOSITORY_ROOT}/baseline/stPlus/run_stplus_mhpr_fold_from_split.py"",""--locations-path"",""${ARCHIVE_ROOT}/processed_datasets/cross_platform/seqFISH_plus_cortex_svz_zeisel_sccortex_ref_shared10000/Locations.txt"",""--st-data"",""${ARCHIVE_ROOT}/processed_datasets/cross_platform/seqFISH_plus_cortex_svz_zeisel_sccortex_ref_shared10000/Spatial_count.txt"",""--sc-data"",""${ARCHIVE_ROOT}/processed_datasets/cross_platform/seqFISH_plus_cortex_svz_zeisel_sccortex_ref_shared10000/scRNA_count.txt"",""--gene-split-json"",""${FORMAL_RUN_ROOT}/inputs/seqFISH_plus_cortex_svz_zeisel_sccortex_ref_shared10000/fold3/mode_a_split.json"",""--train-gene-idx-path"",""${ARCHIVE_ROOT}/frozen_splits/cross_platform/seqFISH_plus_cortex_svz_zeisel_sccortex_ref_shared10000/gene_index_masks/fold3_train_gene_idx.npy"",""--val-gene-idx-path"",""${ARCHIVE_ROOT}/frozen_splits/cross_platform/seqFISH_plus_cortex_svz_zeisel_sccortex_ref_shared10000/gene_index_masks/fold3_val_gene_idx.npy"",""--test-gene-idx-path"",""${ARCHIVE_ROOT}/frozen_splits/cross_platform/seqFISH_plus_cortex_svz_zeisel_sccortex_ref_shared10000/gene_index_masks/fold3_test_gene_idx.npy"",""--model-gene-scope"",""train_indices"",""--output-dir"",""${FORMAL_RUN_ROOT}/baselines/stPlus/seqFISH_plus_cortex_svz_zeisel_sccortex_ref_shared10000/fold3"",""--skip-adapter-metrics""]",b12e8dca2c4495a1939e5e41d7db378bbdbec2e143bdff233e07120fedc634a8,33553a6394a306c3f5a03dc99a3b6cdf27e9a7bd56202fe730d3c466d2f9b3d5,831f0dde86f93e52814483d8d429e56a1a78292995590e1c5083ce45c5c8c340,89fbe3354c743b1cc5e333921d57f12542772df89bd3f27fd23054d9420003b6,ddfdd4a99b4697a909518a689eaee963c8784a5b9beea4ff82d637284e852380,9157e2d56b6c07bf6fc3a9d43e4d7b4f27115d00e8027fe14fc3405fb2b4a8e8,95890a2ef111a8f16462b80ad7ccae8385779de9381c33198b4cf49cc1d47b7b,18588ee0c8e313639ada9394d2ffe66403a8ef3d6c0406b9d23a0618f2a91dac,prediction_matrices/seqFISH_plus_cortex_svz_zeisel_sccortex_ref_shared10000/stPlus/fold3/prediction.npz,1e2f1749e2534a734432d5e941206b6b4d2e31266cb4d0cfe388e29befe6c221,"[913,2000]",True,True,False,,1c6b1ab3d419bdb4a3ff148ea50186bc30e0643131c82fac08c6a510d7cf7d49
stPlus__seqFISH_plus_cortex_svz_zeisel_sccortex_ref_shared10000__fold4,stPlus,seqFISH+,seqFISH_plus_cortex_svz_zeisel_sccortex_ref_shared10000,Cross-platform,4,A,completed,0,"[""python"",""${REPOSITORY_ROOT}/baseline/stPlus/run_stplus_mhpr_fold_from_split.py"",""--locations-path"",""${ARCHIVE_ROOT}/processed_datasets/cross_platform/seqFISH_plus_cortex_svz_zeisel_sccortex_ref_shared10000/Locations.txt"",""--st-data"",""${ARCHIVE_ROOT}/processed_datasets/cross_platform/seqFISH_plus_cortex_svz_zeisel_sccortex_ref_shared10000/Spatial_count.txt"",""--sc-data"",""${ARCHIVE_ROOT}/processed_datasets/cross_platform/seqFISH_plus_cortex_svz_zeisel_sccortex_ref_shared10000/scRNA_count.txt"",""--gene-split-json"",""${FORMAL_RUN_ROOT}/inputs/seqFISH_plus_cortex_svz_zeisel_sccortex_ref_shared10000/fold4/mode_a_split.json"",""--train-gene-idx-path"",""${ARCHIVE_ROOT}/frozen_splits/cross_platform/seqFISH_plus_cortex_svz_zeisel_sccortex_ref_shared10000/gene_index_masks/fold4_train_gene_idx.npy"",""--val-gene-idx-path"",""${ARCHIVE_ROOT}/frozen_splits/cross_platform/seqFISH_plus_cortex_svz_zeisel_sccortex_ref_shared10000/gene_index_masks/fold4_val_gene_idx.npy"",""--test-gene-idx-path"",""${ARCHIVE_ROOT}/frozen_splits/cross_platform/seqFISH_plus_cortex_svz_zeisel_sccortex_ref_shared10000/gene_index_masks/fold4_test_gene_idx.npy"",""--model-gene-scope"",""train_indices"",""--output-dir"",""${FORMAL_RUN_ROOT}/baselines/stPlus/seqFISH_plus_cortex_svz_zeisel_sccortex_ref_shared10000/fold4"",""--skip-adapter-metrics""]",b12e8dca2c4495a1939e5e41d7db378bbdbec2e143bdff233e07120fedc634a8,33553a6394a306c3f5a03dc99a3b6cdf27e9a7bd56202fe730d3c466d2f9b3d5,ee5d620e6b4aca4233864e80eef0f4c5fbc968a3631c09742d24db6734c01be2,1d1a388ff7f28de7164d81a98ff815dff2b0c507c4b89b05b5993aa9bfd55176,c305556e632796fb348e127005b5d77633dce2fa7d893724fa96982db3894cd1,7000830c73ebc687febc8ebb90fef0559cbfbb6457044da694aa50f33c464c04,8cfabe5f497843bf4ff26af39080dc531cc9d86f1c715fb78fe0d49287048b71,428f4daf91dc7cc33f1ca30890229e3e058fccb46fafbc4dde5017a6a79c82a2,prediction_matrices/seqFISH_plus_cortex_svz_zeisel_sccortex_ref_shared10000/stPlus/fold4/prediction.npz,cb2ff1c3202c3e9620398353f0e8819d645a5b80b7de41c7c35b92e2bd47a0fa,"[913,2000]",True,True,False,,c342d3aad1118431d5052db8ae7feb19507b26cf7a9dcce5aeaeb047cb146ee7
stPlus__Vis9A_D7_spaim_effective4470__fold0,stPlus,Vis9A,Vis9A_D7_spaim_effective4470,Primary,0,A,completed,0,"[""python"",""${REPOSITORY_ROOT}/baseline/stPlus/run_stplus_mhpr_fold_from_split.py"",""--locations-path"",""${ARCHIVE_ROOT}/processed_datasets/primary/Vis9A_D7_spaim_effective4470/Locations.txt"",""--st-data"",""${ARCHIVE_ROOT}/processed_datasets/primary/Vis9A_D7_spaim_effective4470/Spatial_count.txt"",""--sc-data"",""${ARCHIVE_ROOT}/processed_datasets/primary/Vis9A_D7_spaim_effective4470/scRNA_count.txt"",""--gene-split-json"",""${FORMAL_RUN_ROOT}/inputs/Vis9A_D7_spaim_effective4470/fold0/mode_a_split.json"",""--train-gene-idx-path"",""${ARCHIVE_ROOT}/frozen_splits/primary/Vis9A_D7_spaim_effective4470/gene_index_masks/fold0_train_gene_idx.npy"",""--val-gene-idx-path"",""${ARCHIVE_ROOT}/frozen_splits/primary/Vis9A_D7_spaim_effective4470/gene_index_masks/fold0_val_gene_idx.npy"",""--test-gene-idx-path"",""${ARCHIVE_ROOT}/frozen_splits/primary/Vis9A_D7_spaim_effective4470/gene_index_masks/fold0_test_gene_idx.npy"",""--model-gene-scope"",""train_indices"",""--output-dir"",""${FORMAL_RUN_ROOT}/baselines/stPlus/Vis9A_D7_spaim_effective4470/fold0"",""--skip-adapter-metrics""]",b12e8dca2c4495a1939e5e41d7db378bbdbec2e143bdff233e07120fedc634a8,33553a6394a306c3f5a03dc99a3b6cdf27e9a7bd56202fe730d3c466d2f9b3d5,e28b34038d4f5b8d0c0c8fae006db066438ee765f38dc6662c2cbfa3612a8281,8d9bfb6bb972df63b56d288cb9f316e54705e3dc77e9a0427020e55e22eae919,f3a1c16b35f56a534b109ced9d72a17e056c8cfd84d141203f5f02c58645329a,10242cc536b7baf55958ecddb9a560d87e64d1a0772a6c0f08d88f0a886d8644,7480af17ae915418113f18506d281e07455a1e057935768e13ca90d158185a03,cb95b81356d5052cf2a81251fa9af5e3f85844be0fc34178c03e7ff0a5775a91,prediction_matrices/Vis9A_D7_spaim_effective4470/stPlus/fold0/prediction.npz,a7ffb33e3357796a8f142b9d45390c38dc6f6f6ed5f8146b6185e04a4d8ea0c5,"[995,894]",True,True,False,,52b65646cc9a94b07a8cd4c326135f22db0307785bc9af3b84063fabfd851eb8
stPlus__Vis9A_D7_spaim_effective4470__fold1,stPlus,Vis9A,Vis9A_D7_spaim_effective4470,Primary,1,A,completed,0,"[""python"",""${REPOSITORY_ROOT}/baseline/stPlus/run_stplus_mhpr_fold_from_split.py"",""--locations-path"",""${ARCHIVE_ROOT}/processed_datasets/primary/Vis9A_D7_spaim_effective4470/Locations.txt"",""--st-data"",""${ARCHIVE_ROOT}/processed_datasets/primary/Vis9A_D7_spaim_effective4470/Spatial_count.txt"",""--sc-data"",""${ARCHIVE_ROOT}/processed_datasets/primary/Vis9A_D7_spaim_effective4470/scRNA_count.txt"",""--gene-split-json"",""${FORMAL_RUN_ROOT}/inputs/Vis9A_D7_spaim_effective4470/fold1/mode_a_split.json"",""--train-gene-idx-path"",""${ARCHIVE_ROOT}/frozen_splits/primary/Vis9A_D7_spaim_effective4470/gene_index_masks/fold1_train_gene_idx.npy"",""--val-gene-idx-path"",""${ARCHIVE_ROOT}/frozen_splits/primary/Vis9A_D7_spaim_effective4470/gene_index_masks/fold1_val_gene_idx.npy"",""--test-gene-idx-path"",""${ARCHIVE_ROOT}/frozen_splits/primary/Vis9A_D7_spaim_effective4470/gene_index_masks/fold1_test_gene_idx.npy"",""--model-gene-scope"",""train_indices"",""--output-dir"",""${FORMAL_RUN_ROOT}/baselines/stPlus/Vis9A_D7_spaim_effective4470/fold1"",""--skip-adapter-metrics""]",b12e8dca2c4495a1939e5e41d7db378bbdbec2e143bdff233e07120fedc634a8,33553a6394a306c3f5a03dc99a3b6cdf27e9a7bd56202fe730d3c466d2f9b3d5,0907531dfe7158ad9471f37a089ad7994110b4854e6cd75ddb86fe41066b4fd9,74941a8e41d3c1489f5ac051143f644e604a41dc8ec8ff651cbef7dd699b9524,a313fa3424ae9537f07c50950271133408102f65620ec702f75dd114b8b88577,7fa16937da45bba58d41219305e839f81b56175454ef0db94a0ae529f68e5409,46c82b360e5dd491a62e06fe287cabbbb9ab55a291aff6a677d1cf559ab5e174,7b3786ce71effb63507673ac6ad252fb56d7502a464cf9f26c5cf8daad3cd958,prediction_matrices/Vis9A_D7_spaim_effective4470/stPlus/fold1/prediction.npz,e8d4fd135869e34d07af99ce8e2197b87e92d5ddeb84ce60f94bca60cb7d91a1,"[995,894]",True,True,False,,cf67fa9177e040fb50fd926f24c041fbf3c6173c2052f86dd637c8307fd1d59c
stPlus__Vis9A_D7_spaim_effective4470__fold2,stPlus,Vis9A,Vis9A_D7_spaim_effective4470,Primary,2,A,completed,0,"[""python"",""${REPOSITORY_ROOT}/baseline/stPlus/run_stplus_mhpr_fold_from_split.py"",""--locations-path"",""${ARCHIVE_ROOT}/processed_datasets/primary/Vis9A_D7_spaim_effective4470/Locations.txt"",""--st-data"",""${ARCHIVE_ROOT}/processed_datasets/primary/Vis9A_D7_spaim_effective4470/Spatial_count.txt"",""--sc-data"",""${ARCHIVE_ROOT}/processed_datasets/primary/Vis9A_D7_spaim_effective4470/scRNA_count.txt"",""--gene-split-json"",""${FORMAL_RUN_ROOT}/inputs/Vis9A_D7_spaim_effective4470/fold2/mode_a_split.json"",""--train-gene-idx-path"",""${ARCHIVE_ROOT}/frozen_splits/primary/Vis9A_D7_spaim_effective4470/gene_index_masks/fold2_train_gene_idx.npy"",""--val-gene-idx-path"",""${ARCHIVE_ROOT}/frozen_splits/primary/Vis9A_D7_spaim_effective4470/gene_index_masks/fold2_val_gene_idx.npy"",""--test-gene-idx-path"",""${ARCHIVE_ROOT}/frozen_splits/primary/Vis9A_D7_spaim_effective4470/gene_index_masks/fold2_test_gene_idx.npy"",""--model-gene-scope"",""train_indices"",""--output-dir"",""${FORMAL_RUN_ROOT}/baselines/stPlus/Vis9A_D7_spaim_effective4470/fold2"",""--skip-adapter-metrics""]",b12e8dca2c4495a1939e5e41d7db378bbdbec2e143bdff233e07120fedc634a8,33553a6394a306c3f5a03dc99a3b6cdf27e9a7bd56202fe730d3c466d2f9b3d5,011e96b0da99b251e54cd84efd7fa86095ff89f2fd6ac9bf4e972e25791eb8b4,1a9cf15953f3bbef389ac43fa77d9baf9b30bc8da1f6b2867f455c1cc23abec8,716fad7064f06c21164d208724a2430d2607f6a0a308d056fc73d0083a29ab3a,d6af4a2437e5bbb53595e02be753d067346e001b9f253894f515998c19c1bcfa,171131c765a7dd984b0a392ab8c32d322a7a5c01d6a97cc995e2d5c67d30140d,701e4a1e53045cba981e2e3884ee206252adec2ce49e2153e78b66d43650443c,prediction_matrices/Vis9A_D7_spaim_effective4470/stPlus/fold2/prediction.npz,dda1e91c4028b7bb9affcc91d6166907985361cf33e9b770bb957d49336de646,"[995,894]",True,True,False,,df9a3f50555d65da82c2ec28feea1d2e0e93af33ff4cf9b5f07ef4b9632c0cf8
stPlus__Vis9A_D7_spaim_effective4470__fold3,stPlus,Vis9A,Vis9A_D7_spaim_effective4470,Primary,3,A,completed,0,"[""python"",""${REPOSITORY_ROOT}/baseline/stPlus/run_stplus_mhpr_fold_from_split.py"",""--locations-path"",""${ARCHIVE_ROOT}/processed_datasets/primary/Vis9A_D7_spaim_effective4470/Locations.txt"",""--st-data"",""${ARCHIVE_ROOT}/processed_datasets/primary/Vis9A_D7_spaim_effective4470/Spatial_count.txt"",""--sc-data"",""${ARCHIVE_ROOT}/processed_datasets/primary/Vis9A_D7_spaim_effective4470/scRNA_count.txt"",""--gene-split-json"",""${FORMAL_RUN_ROOT}/inputs/Vis9A_D7_spaim_effective4470/fold3/mode_a_split.json"",""--train-gene-idx-path"",""${ARCHIVE_ROOT}/frozen_splits/primary/Vis9A_D7_spaim_effective4470/gene_index_masks/fold3_train_gene_idx.npy"",""--val-gene-idx-path"",""${ARCHIVE_ROOT}/frozen_splits/primary/Vis9A_D7_spaim_effective4470/gene_index_masks/fold3_val_gene_idx.npy"",""--test-gene-idx-path"",""${ARCHIVE_ROOT}/frozen_splits/primary/Vis9A_D7_spaim_effective4470/gene_index_masks/fold3_test_gene_idx.npy"",""--model-gene-scope"",""train_indices"",""--output-dir"",""${FORMAL_RUN_ROOT}/baselines/stPlus/Vis9A_D7_spaim_effective4470/fold3"",""--skip-adapter-metrics""]",b12e8dca2c4495a1939e5e41d7db378bbdbec2e143bdff233e07120fedc634a8,33553a6394a306c3f5a03dc99a3b6cdf27e9a7bd56202fe730d3c466d2f9b3d5,da70bea4781d7b653b0e1372f0a45d907ec80f65a17ca15e01b01ddee22ab2a6,81adbcd321b5f4633fd86b28cbb5c4437d68d6a4d997e605fda827667afb68c3,d1a740dee74f81000d26555bc50f537d8fcb7bddcaeab61632bde6497e1390ce,37684f98f14b15f246da067cae7bf06fc0c704aa468fc31536c34de5e1cfcf3f,d55ef121d713cd02df05b594f535b51173615252a8f9a6e67d2b6cd966f3a48f,9b2e9f54bd6c550168f9f833b71d8e88fd8e83730498651b0535c7243182dcfd,prediction_matrices/Vis9A_D7_spaim_effective4470/stPlus/fold3/prediction.npz,5bd4faf651688003edbb4ef425c85158fb1da9d135bf0120becc5d3b797ce369,"[995,894]",True,True,False,,c34417b5f8b0530817b45ff2b4e4109854ea306e773ae55038686106861aa85f
stPlus__Vis9A_D7_spaim_effective4470__fold4,stPlus,Vis9A,Vis9A_D7_spaim_effective4470,Primary,4,A,completed,0,"[""python"",""${REPOSITORY_ROOT}/baseline/stPlus/run_stplus_mhpr_fold_from_split.py"",""--locations-path"",""${ARCHIVE_ROOT}/processed_datasets/primary/Vis9A_D7_spaim_effective4470/Locations.txt"",""--st-data"",""${ARCHIVE_ROOT}/processed_datasets/primary/Vis9A_D7_spaim_effective4470/Spatial_count.txt"",""--sc-data"",""${ARCHIVE_ROOT}/processed_datasets/primary/Vis9A_D7_spaim_effective4470/scRNA_count.txt"",""--gene-split-json"",""${FORMAL_RUN_ROOT}/inputs/Vis9A_D7_spaim_effective4470/fold4/mode_a_split.json"",""--train-gene-idx-path"",""${ARCHIVE_ROOT}/frozen_splits/primary/Vis9A_D7_spaim_effective4470/gene_index_masks/fold4_train_gene_idx.npy"",""--val-gene-idx-path"",""${ARCHIVE_ROOT}/frozen_splits/primary/Vis9A_D7_spaim_effective4470/gene_index_masks/fold4_val_gene_idx.npy"",""--test-gene-idx-path"",""${ARCHIVE_ROOT}/frozen_splits/primary/Vis9A_D7_spaim_effective4470/gene_index_masks/fold4_test_gene_idx.npy"",""--model-gene-scope"",""train_indices"",""--output-dir"",""${FORMAL_RUN_ROOT}/baselines/stPlus/Vis9A_D7_spaim_effective4470/fold4"",""--skip-adapter-metrics""]",b12e8dca2c4495a1939e5e41d7db378bbdbec2e143bdff233e07120fedc634a8,33553a6394a306c3f5a03dc99a3b6cdf27e9a7bd56202fe730d3c466d2f9b3d5,9c9fbb648a2debbb3400fd5d8dad55bb18c1a19d073077459ecbae490b2dc791,ca37cca345803631a6db534677fcf1390324e903f322c3692674b04b9badd5aa,0da07dfc5b528133dddbd3fe9ddbf9b282b61034b19ab5f4de7b9ca96f6c2f1c,2a53191f7351d8e88a4869f602852bcc1323835a717f178dfe86a051eebb1b8c,1c103fefb542a56adead736a68e00112100b512663b8d80695177b5aac4244a0,479ad534a0491fce63938055be7784960ba2bb8ad84a8c652b0c0d06d4d390b5,prediction_matrices/Vis9A_D7_spaim_effective4470/stPlus/fold4/prediction.npz,61a287a9f3cad931a05d212222dd919e2b3d81401b75094a6cf2afcac191cee4,"[995,894]",True,True,False,,82ef359fbbb32a18140f1935a2b311f03f8bb6c13f2da103ff951e535604bd17
Tangram__Cell2location_mouse_brain_ST8059048_shared12819__fold0,Tangram,Cell2location,Cell2location_mouse_brain_ST8059048_shared12819,Primary,0,A,completed,0,"[""python"",""${REPOSITORY_ROOT}/baseline/tangram/run_tangram_mhpr_fold_from_split.py"",""--locations-path"",""${ARCHIVE_ROOT}/processed_datasets/primary/Cell2location_mouse_brain_ST8059048_shared12819/Locations.txt"",""--st-data"",""${ARCHIVE_ROOT}/processed_datasets/primary/Cell2location_mouse_brain_ST8059048_shared12819/Spatial_count.txt"",""--sc-data"",""${ARCHIVE_ROOT}/processed_datasets/primary/Cell2location_mouse_brain_ST8059048_shared12819/scRNA_count.txt"",""--gene-split-json"",""${FORMAL_RUN_ROOT}/inputs/Cell2location_mouse_brain_ST8059048_shared12819/fold0/mode_a_split.json"",""--train-gene-idx-path"",""${ARCHIVE_ROOT}/frozen_splits/primary/Cell2location_mouse_brain_ST8059048_shared12819/gene_index_masks/fold0_train_gene_idx.npy"",""--val-gene-idx-path"",""${ARCHIVE_ROOT}/frozen_splits/primary/Cell2location_mouse_brain_ST8059048_shared12819/gene_index_masks/fold0_val_gene_idx.npy"",""--test-gene-idx-path"",""${ARCHIVE_ROOT}/frozen_splits/primary/Cell2location_mouse_brain_ST8059048_shared12819/gene_index_masks/fold0_test_gene_idx.npy"",""--st-normalization-scope"",""train_genes"",""--model-gene-scope"",""train_indices"",""--device"",""cuda:0"",""--output-dir"",""${FORMAL_RUN_ROOT}/baselines/Tangram/Cell2location_mouse_brain_ST8059048_shared12819/fold0"",""--skip-adapter-metrics""]",be5c725d76e4e74e4714118fb32cbe90f5083d38bba3909eb853cd9eccf9272f,33553a6394a306c3f5a03dc99a3b6cdf27e9a7bd56202fe730d3c466d2f9b3d5,8c7cf0f2cef7bfae57f2bd3846bc527a3dba2429ce561d51522497f07b5bc4e8,beb942b57e04f728580ccf6e584d0e9a51c978cb1123faea34506275bdb95999,8be16e884c5f68f03a6fb475dc8299852e76f195ca05fb177189a01317f510ed,33ac1c5e8b36e2610ec33736f195b6999892ed5d10145c5f34ac647d4f36fcb4,42132cf916c0a08eee0ac52bb15ddbae937f039dad0d804ddf1b9dd549a97cd8,8e53252a7e1e2c3cae958b4c560731c113944a259737e27cb1b6b07bb3844fae,prediction_matrices/Cell2location_mouse_brain_ST8059048_shared12819/Tangram/fold0/prediction.npz,0a88689a20e6414a365a90c7b1c3cd1cb3a81c38cfa82d23d6d50a982842abab,"[2987,2564]",True,True,False,,610ea200e2e749d4efcf5913f698760cebff842e8ee257e9a96104a8b2f016a6
Tangram__Cell2location_mouse_brain_ST8059048_shared12819__fold1,Tangram,Cell2location,Cell2location_mouse_brain_ST8059048_shared12819,Primary,1,A,completed,0,"[""python"",""${REPOSITORY_ROOT}/baseline/tangram/run_tangram_mhpr_fold_from_split.py"",""--locations-path"",""${ARCHIVE_ROOT}/processed_datasets/primary/Cell2location_mouse_brain_ST8059048_shared12819/Locations.txt"",""--st-data"",""${ARCHIVE_ROOT}/processed_datasets/primary/Cell2location_mouse_brain_ST8059048_shared12819/Spatial_count.txt"",""--sc-data"",""${ARCHIVE_ROOT}/processed_datasets/primary/Cell2location_mouse_brain_ST8059048_shared12819/scRNA_count.txt"",""--gene-split-json"",""${FORMAL_RUN_ROOT}/inputs/Cell2location_mouse_brain_ST8059048_shared12819/fold1/mode_a_split.json"",""--train-gene-idx-path"",""${ARCHIVE_ROOT}/frozen_splits/primary/Cell2location_mouse_brain_ST8059048_shared12819/gene_index_masks/fold1_train_gene_idx.npy"",""--val-gene-idx-path"",""${ARCHIVE_ROOT}/frozen_splits/primary/Cell2location_mouse_brain_ST8059048_shared12819/gene_index_masks/fold1_val_gene_idx.npy"",""--test-gene-idx-path"",""${ARCHIVE_ROOT}/frozen_splits/primary/Cell2location_mouse_brain_ST8059048_shared12819/gene_index_masks/fold1_test_gene_idx.npy"",""--st-normalization-scope"",""train_genes"",""--model-gene-scope"",""train_indices"",""--device"",""cuda:0"",""--output-dir"",""${FORMAL_RUN_ROOT}/baselines/Tangram/Cell2location_mouse_brain_ST8059048_shared12819/fold1"",""--skip-adapter-metrics""]",be5c725d76e4e74e4714118fb32cbe90f5083d38bba3909eb853cd9eccf9272f,33553a6394a306c3f5a03dc99a3b6cdf27e9a7bd56202fe730d3c466d2f9b3d5,a9fcfe791fd491ec4358a0a5ee4901c6c010b3a8eb9a11ee30b06d87c9c3982c,0ff2bfa6a65f9e83e52a8633dfedaa8721c7dd857b0ea23ed7c37b79be869435,f6dca5be5a6b3cb7e9e4aa5929f525a7647889689a628bd343be7b52871e6541,3be41559f2cc15da3c7c65c9638c12bd53309ca07291f9c628802d4009a9fb2e,c93d5ceafd8a0113441c5b57ba7410060f22ab7eb635b1b4baf6890b8402eb81,351054f1b35c012fe7e9976556d1397c5adfd5962901d83182f56d896f70ebc1,prediction_matrices/Cell2location_mouse_brain_ST8059048_shared12819/Tangram/fold1/prediction.npz,eded737122e40418120ca76826e34a6a7b44a1ab57c2d1aa75b80e057722e791,"[2987,2564]",True,True,False,,15b15b89f0c7484fa11ab8d86b39cb4686c0e6311684ddaa7cb3e6d734a16bed
Tangram__Cell2location_mouse_brain_ST8059048_shared12819__fold2,Tangram,Cell2location,Cell2location_mouse_brain_ST8059048_shared12819,Primary,2,A,completed,0,"[""python"",""${REPOSITORY_ROOT}/baseline/tangram/run_tangram_mhpr_fold_from_split.py"",""--locations-path"",""${ARCHIVE_ROOT}/processed_datasets/primary/Cell2location_mouse_brain_ST8059048_shared12819/Locations.txt"",""--st-data"",""${ARCHIVE_ROOT}/processed_datasets/primary/Cell2location_mouse_brain_ST8059048_shared12819/Spatial_count.txt"",""--sc-data"",""${ARCHIVE_ROOT}/processed_datasets/primary/Cell2location_mouse_brain_ST8059048_shared12819/scRNA_count.txt"",""--gene-split-json"",""${FORMAL_RUN_ROOT}/inputs/Cell2location_mouse_brain_ST8059048_shared12819/fold2/mode_a_split.json"",""--train-gene-idx-path"",""${ARCHIVE_ROOT}/frozen_splits/primary/Cell2location_mouse_brain_ST8059048_shared12819/gene_index_masks/fold2_train_gene_idx.npy"",""--val-gene-idx-path"",""${ARCHIVE_ROOT}/frozen_splits/primary/Cell2location_mouse_brain_ST8059048_shared12819/gene_index_masks/fold2_val_gene_idx.npy"",""--test-gene-idx-path"",""${ARCHIVE_ROOT}/frozen_splits/primary/Cell2location_mouse_brain_ST8059048_shared12819/gene_index_masks/fold2_test_gene_idx.npy"",""--st-normalization-scope"",""train_genes"",""--model-gene-scope"",""train_indices"",""--device"",""cuda:0"",""--output-dir"",""${FORMAL_RUN_ROOT}/baselines/Tangram/Cell2location_mouse_brain_ST8059048_shared12819/fold2"",""--skip-adapter-metrics""]",be5c725d76e4e74e4714118fb32cbe90f5083d38bba3909eb853cd9eccf9272f,33553a6394a306c3f5a03dc99a3b6cdf27e9a7bd56202fe730d3c466d2f9b3d5,819a27cbe0214bd4181e39e5f0a15edf6ff6cb633d68febb389e0b1df9681788,eefeca3f31c91967f8ecb2d8afa5e2b990aff18fd97bee4ff8d4eacb1becc0cb,3b1d1818321bb1aad27509a350d0d0f4236b98ab1907a6ae09ecca0423d2259b,7721049aa7985f166194f9815e2072dcc66d56def574ce6922057026da582c1c,388b0c2f32a30a09cd51e187b80065e4362646d4a53ba443db77cbf7f93849fe,cabc67d834cd66196d7639e443db4cd5b85466fb69306b7993d5171bad3a8faa,prediction_matrices/Cell2location_mouse_brain_ST8059048_shared12819/Tangram/fold2/prediction.npz,7aff272efa4473c967ffe818b226f4883a5f6efb8ff7a17f879750ee6d631d0e,"[2987,2564]",True,True,False,,d2e5d343902fa95904e02653c92f2ae48bf6c0f672cc193123567c106a57ee59
Tangram__Cell2location_mouse_brain_ST8059048_shared12819__fold3,Tangram,Cell2location,Cell2location_mouse_brain_ST8059048_shared12819,Primary,3,A,completed,0,"[""python"",""${REPOSITORY_ROOT}/baseline/tangram/run_tangram_mhpr_fold_from_split.py"",""--locations-path"",""${ARCHIVE_ROOT}/processed_datasets/primary/Cell2location_mouse_brain_ST8059048_shared12819/Locations.txt"",""--st-data"",""${ARCHIVE_ROOT}/processed_datasets/primary/Cell2location_mouse_brain_ST8059048_shared12819/Spatial_count.txt"",""--sc-data"",""${ARCHIVE_ROOT}/processed_datasets/primary/Cell2location_mouse_brain_ST8059048_shared12819/scRNA_count.txt"",""--gene-split-json"",""${FORMAL_RUN_ROOT}/inputs/Cell2location_mouse_brain_ST8059048_shared12819/fold3/mode_a_split.json"",""--train-gene-idx-path"",""${ARCHIVE_ROOT}/frozen_splits/primary/Cell2location_mouse_brain_ST8059048_shared12819/gene_index_masks/fold3_train_gene_idx.npy"",""--val-gene-idx-path"",""${ARCHIVE_ROOT}/frozen_splits/primary/Cell2location_mouse_brain_ST8059048_shared12819/gene_index_masks/fold3_val_gene_idx.npy"",""--test-gene-idx-path"",""${ARCHIVE_ROOT}/frozen_splits/primary/Cell2location_mouse_brain_ST8059048_shared12819/gene_index_masks/fold3_test_gene_idx.npy"",""--st-normalization-scope"",""train_genes"",""--model-gene-scope"",""train_indices"",""--device"",""cuda:0"",""--output-dir"",""${FORMAL_RUN_ROOT}/baselines/Tangram/Cell2location_mouse_brain_ST8059048_shared12819/fold3"",""--skip-adapter-metrics""]",be5c725d76e4e74e4714118fb32cbe90f5083d38bba3909eb853cd9eccf9272f,33553a6394a306c3f5a03dc99a3b6cdf27e9a7bd56202fe730d3c466d2f9b3d5,9d4ebd250b1cda6ffbcbb2b29f1a5fe0f0980335235d843caac9acc18f982fef,c7bebc9fe0284c3c385d44872385f244da718a70f8cdf397c5247d8fbe1f010c,64626541e38ccc7934d048bf78aca7d206cedec5c245492d4a4e9f90d279bd51,087c62d320d0fc959472bab977f31c2ad218ecd12a29a42774d0da150fee820e,bf93b7e05806eb237fb160017302819f4014b724aa0cf5cc93b97e6126b7c19d,ca3c8dcc2536d32c57bdac6d42bbba8b662f3ee1139415c52fcfd67de768b1f5,prediction_matrices/Cell2location_mouse_brain_ST8059048_shared12819/Tangram/fold3/prediction.npz,1287942f06132b1b98252583b102bd935a1664ad150086450883305d184827d2,"[2987,2564]",True,True,False,,92372af30372b723e3e38ff6c9c387f6d571c4c65eeddc8b68def4efed40e84c
Tangram__Cell2location_mouse_brain_ST8059048_shared12819__fold4,Tangram,Cell2location,Cell2location_mouse_brain_ST8059048_shared12819,Primary,4,A,completed,0,"[""python"",""${REPOSITORY_ROOT}/baseline/tangram/run_tangram_mhpr_fold_from_split.py"",""--locations-path"",""${ARCHIVE_ROOT}/processed_datasets/primary/Cell2location_mouse_brain_ST8059048_shared12819/Locations.txt"",""--st-data"",""${ARCHIVE_ROOT}/processed_datasets/primary/Cell2location_mouse_brain_ST8059048_shared12819/Spatial_count.txt"",""--sc-data"",""${ARCHIVE_ROOT}/processed_datasets/primary/Cell2location_mouse_brain_ST8059048_shared12819/scRNA_count.txt"",""--gene-split-json"",""${FORMAL_RUN_ROOT}/inputs/Cell2location_mouse_brain_ST8059048_shared12819/fold4/mode_a_split.json"",""--train-gene-idx-path"",""${ARCHIVE_ROOT}/frozen_splits/primary/Cell2location_mouse_brain_ST8059048_shared12819/gene_index_masks/fold4_train_gene_idx.npy"",""--val-gene-idx-path"",""${ARCHIVE_ROOT}/frozen_splits/primary/Cell2location_mouse_brain_ST8059048_shared12819/gene_index_masks/fold4_val_gene_idx.npy"",""--test-gene-idx-path"",""${ARCHIVE_ROOT}/frozen_splits/primary/Cell2location_mouse_brain_ST8059048_shared12819/gene_index_masks/fold4_test_gene_idx.npy"",""--st-normalization-scope"",""train_genes"",""--model-gene-scope"",""train_indices"",""--device"",""cuda:0"",""--output-dir"",""${FORMAL_RUN_ROOT}/baselines/Tangram/Cell2location_mouse_brain_ST8059048_shared12819/fold4"",""--skip-adapter-metrics""]",be5c725d76e4e74e4714118fb32cbe90f5083d38bba3909eb853cd9eccf9272f,33553a6394a306c3f5a03dc99a3b6cdf27e9a7bd56202fe730d3c466d2f9b3d5,f3f8a6437f43a07906d1664c0aee3bb44e3e6880b56b293a9988889281f03a28,6466cbcee4a1936f8dbb07a0960d6d76f25aa44542edc491134ce7eec5ef37f1,cbfd99ddf09fc04cdd459900188deebf6aa01fb6772593727f2ff5fc584e637c,c7b76f6a2f506710a748a0a3a82d9f5a0cda55969fbdb712f1aa6fc562c45645,9e94e2499f4429b3086b9be011fd8b5ba1762f33507e11202bd4d64e0ae69f73,ad3a8ea8daa2c1103c26ea25b619b0bc658f62f9e1243d4591caa41c790cb8c0,prediction_matrices/Cell2location_mouse_brain_ST8059048_shared12819/Tangram/fold4/prediction.npz,8cc6be9fbb487b1ac5ec7c08bf968c84445e7ba2d858e3d0aef2b3800cc9bf0d,"[2987,2563]",True,True,False,,92e2a7d5cd1faebb4ef54a7dc6ebe5646eadd9e886eca33e17152710a05f448a
Tangram__HBC_shared16112__fold0,Tangram,HBC,HBC_shared16112,Primary,0,A,completed,0,"[""python"",""${REPOSITORY_ROOT}/baseline/tangram/run_tangram_mhpr_fold_from_split.py"",""--locations-path"",""${ARCHIVE_ROOT}/processed_datasets/primary/HBC_shared16112/Locations.txt"",""--st-data"",""${ARCHIVE_ROOT}/processed_datasets/primary/HBC_shared16112/Spatial_count.txt"",""--sc-data"",""${ARCHIVE_ROOT}/processed_datasets/primary/HBC_shared16112/scRNA_count.txt"",""--gene-split-json"",""${FORMAL_RUN_ROOT}/inputs/HBC_shared16112/fold0/mode_a_split.json"",""--train-gene-idx-path"",""${ARCHIVE_ROOT}/frozen_splits/primary/HBC_shared16112/gene_index_masks/fold0_train_gene_idx.npy"",""--val-gene-idx-path"",""${ARCHIVE_ROOT}/frozen_splits/primary/HBC_shared16112/gene_index_masks/fold0_val_gene_idx.npy"",""--test-gene-idx-path"",""${ARCHIVE_ROOT}/frozen_splits/primary/HBC_shared16112/gene_index_masks/fold0_test_gene_idx.npy"",""--st-normalization-scope"",""train_genes"",""--model-gene-scope"",""train_indices"",""--device"",""cuda:0"",""--output-dir"",""${FORMAL_RUN_ROOT}/baselines/Tangram/HBC_shared16112/fold0"",""--skip-adapter-metrics""]",be5c725d76e4e74e4714118fb32cbe90f5083d38bba3909eb853cd9eccf9272f,33553a6394a306c3f5a03dc99a3b6cdf27e9a7bd56202fe730d3c466d2f9b3d5,0e0f26aae7890412c874fec53e7b273bd0d4e46909eb9e1b4b88e1dc1a04c319,4ce4847e775e2d24b06c749fb149a6aaa2de40942e4a9f3777be9f3abb032977,ef83fab615edb32ce9bdae91286943e023e38ae1f7e97b8d48274757fb37f562,76af4f9935024e2ac1fd6186c7e99cf5c01d56ca5fcc023d47497d9581c10874,a3f4969b2064f41c0446caa29c91b0a0bd97fba5a7bb664ac4176083afeb2f85,30dee11b615bc5e0374e1d20d61250ab3c766bce38498960e5f52bb260362e89,prediction_matrices/HBC_shared16112/Tangram/fold0/prediction.npz,2d762c7e3ba3a037e42ff88967f7322ce707c550afc5a05886e68d1d511b41a7,"[4784,3223]",True,True,False,,2c42ad0222d2622603b86bd6b3906c14692aad2c36e9642727c730142aedc713
Tangram__HBC_shared16112__fold1,Tangram,HBC,HBC_shared16112,Primary,1,A,completed,0,"[""python"",""${REPOSITORY_ROOT}/baseline/tangram/run_tangram_mhpr_fold_from_split.py"",""--locations-path"",""${ARCHIVE_ROOT}/processed_datasets/primary/HBC_shared16112/Locations.txt"",""--st-data"",""${ARCHIVE_ROOT}/processed_datasets/primary/HBC_shared16112/Spatial_count.txt"",""--sc-data"",""${ARCHIVE_ROOT}/processed_datasets/primary/HBC_shared16112/scRNA_count.txt"",""--gene-split-json"",""${FORMAL_RUN_ROOT}/inputs/HBC_shared16112/fold1/mode_a_split.json"",""--train-gene-idx-path"",""${ARCHIVE_ROOT}/frozen_splits/primary/HBC_shared16112/gene_index_masks/fold1_train_gene_idx.npy"",""--val-gene-idx-path"",""${ARCHIVE_ROOT}/frozen_splits/primary/HBC_shared16112/gene_index_masks/fold1_val_gene_idx.npy"",""--test-gene-idx-path"",""${ARCHIVE_ROOT}/frozen_splits/primary/HBC_shared16112/gene_index_masks/fold1_test_gene_idx.npy"",""--st-normalization-scope"",""train_genes"",""--model-gene-scope"",""train_indices"",""--device"",""cuda:0"",""--output-dir"",""${FORMAL_RUN_ROOT}/baselines/Tangram/HBC_shared16112/fold1"",""--skip-adapter-metrics""]",be5c725d76e4e74e4714118fb32cbe90f5083d38bba3909eb853cd9eccf9272f,33553a6394a306c3f5a03dc99a3b6cdf27e9a7bd56202fe730d3c466d2f9b3d5,71f97ec07a1af8c1e9452b99db6b09896c76912c566cef2b722885ba7fd8ba68,f6691162c498f3137b20fa905f242e3aef94af9baae454a9ea793484f2681761,6e62bbad175f2aaa6df1e9bb647e7adcdeadc72591877ab28245dcbff0363b30,a360b611bda06d9e4cc17925d9e0e1215cdc6989f2b6546ba1020b48ff8867a4,89d348c106fe410e5bd6f85aff16a978bd38b4406b96ed490b0f54c877a22d06,971c3d2105c3d76e78cd38dd703313e449ed5c78d4b41678014489192b8810cf,prediction_matrices/HBC_shared16112/Tangram/fold1/prediction.npz,e39de6a98ef5780af46e4a40e454a87196404fc930a32b3f580e03fc80dff716,"[4784,3223]",True,True,False,,a3cfb6058a248540bab1e5dce124a97bfa6177c908e04039528de353849286b9
Tangram__HBC_shared16112__fold2,Tangram,HBC,HBC_shared16112,Primary,2,A,completed,0,"[""python"",""${REPOSITORY_ROOT}/baseline/tangram/run_tangram_mhpr_fold_from_split.py"",""--locations-path"",""${ARCHIVE_ROOT}/processed_datasets/primary/HBC_shared16112/Locations.txt"",""--st-data"",""${ARCHIVE_ROOT}/processed_datasets/primary/HBC_shared16112/Spatial_count.txt"",""--sc-data"",""${ARCHIVE_ROOT}/processed_datasets/primary/HBC_shared16112/scRNA_count.txt"",""--gene-split-json"",""${FORMAL_RUN_ROOT}/inputs/HBC_shared16112/fold2/mode_a_split.json"",""--train-gene-idx-path"",""${ARCHIVE_ROOT}/frozen_splits/primary/HBC_shared16112/gene_index_masks/fold2_train_gene_idx.npy"",""--val-gene-idx-path"",""${ARCHIVE_ROOT}/frozen_splits/primary/HBC_shared16112/gene_index_masks/fold2_val_gene_idx.npy"",""--test-gene-idx-path"",""${ARCHIVE_ROOT}/frozen_splits/primary/HBC_shared16112/gene_index_masks/fold2_test_gene_idx.npy"",""--st-normalization-scope"",""train_genes"",""--model-gene-scope"",""train_indices"",""--device"",""cuda:0"",""--output-dir"",""${FORMAL_RUN_ROOT}/baselines/Tangram/HBC_shared16112/fold2"",""--skip-adapter-metrics""]",be5c725d76e4e74e4714118fb32cbe90f5083d38bba3909eb853cd9eccf9272f,33553a6394a306c3f5a03dc99a3b6cdf27e9a7bd56202fe730d3c466d2f9b3d5,3151e7d7ecb1e6a766ccd9b8426b8cbd41bd28c195af49f220ada555888a0691,74e6b6d0a2308db90c59d08f6a9d95a2ea8ce510f160c4623ea4e6e171218d81,5615efb74616d0c80e8435991868790245143020fc88e691e677355667146182,cd66c3485da98b37730a74b6241945037566355ecfdb478262f3db6fd5fcd041,c3be12018dc6417829a992c180042316326aa1dee1f67df43376122d443c03dc,cec64bc39ae5c8bf80a0ef22e627ef11c152f6b689fb48336f3e9eebdbc17683,prediction_matrices/HBC_shared16112/Tangram/fold2/prediction.npz,c2be421e534a448fc6e12abe47093598a943b0114f046d88d3f314a6da74c1e7,"[4784,3222]",True,True,False,,218e8a44b8f17bcf1dcede375ef822ea4c3f37ad6f036ed8fab97ea77262dee3
Tangram__HBC_shared16112__fold3,Tangram,HBC,HBC_shared16112,Primary,3,A,completed,0,"[""python"",""${REPOSITORY_ROOT}/baseline/tangram/run_tangram_mhpr_fold_from_split.py"",""--locations-path"",""${ARCHIVE_ROOT}/processed_datasets/primary/HBC_shared16112/Locations.txt"",""--st-data"",""${ARCHIVE_ROOT}/processed_datasets/primary/HBC_shared16112/Spatial_count.txt"",""--sc-data"",""${ARCHIVE_ROOT}/processed_datasets/primary/HBC_shared16112/scRNA_count.txt"",""--gene-split-json"",""${FORMAL_RUN_ROOT}/inputs/HBC_shared16112/fold3/mode_a_split.json"",""--train-gene-idx-path"",""${ARCHIVE_ROOT}/frozen_splits/primary/HBC_shared16112/gene_index_masks/fold3_train_gene_idx.npy"",""--val-gene-idx-path"",""${ARCHIVE_ROOT}/frozen_splits/primary/HBC_shared16112/gene_index_masks/fold3_val_gene_idx.npy"",""--test-gene-idx-path"",""${ARCHIVE_ROOT}/frozen_splits/primary/HBC_shared16112/gene_index_masks/fold3_test_gene_idx.npy"",""--st-normalization-scope"",""train_genes"",""--model-gene-scope"",""train_indices"",""--device"",""cuda:0"",""--output-dir"",""${FORMAL_RUN_ROOT}/baselines/Tangram/HBC_shared16112/fold3"",""--skip-adapter-metrics""]",be5c725d76e4e74e4714118fb32cbe90f5083d38bba3909eb853cd9eccf9272f,33553a6394a306c3f5a03dc99a3b6cdf27e9a7bd56202fe730d3c466d2f9b3d5,0bc2fa14bfd07f7ad42c99d9ccb5bc7256321890bdc7632941f7c77e84ea201a,4d37be4bb433e1eb64d48e016818fdb19d7bb9cd109378daea424cafe05d95c8,9c7f0f0dfe9faea0e5c51061770d4b0f803b1cf356e515f5c0a80da7b27fd241,8087243cdb7b39691bdcc01fc15801c95fdcb9dec09222e50eab655048232c36,93256c82c034aaac186c28bd21d97e512d6827d756c1e1e95c1fa85812282c32,8ab8c9b88c557d8152669b08299f18222d97b9c947ba70a421b78429aa46fdd3,prediction_matrices/HBC_shared16112/Tangram/fold3/prediction.npz,2f34f66cd5a9f8d3f3700ff4c4a356492e9eeac6d0ab2cc3eb93553242452767,"[4784,3222]",True,True,False,,0a96b4ea5f1e984375e894522971d008395bfe1412b393c62eb2f7ce3754d5aa
Tangram__HBC_shared16112__fold4,Tangram,HBC,HBC_shared16112,Primary,4,A,completed,0,"[""python"",""${REPOSITORY_ROOT}/baseline/tangram/run_tangram_mhpr_fold_from_split.py"",""--locations-path"",""${ARCHIVE_ROOT}/processed_datasets/primary/HBC_shared16112/Locations.txt"",""--st-data"",""${ARCHIVE_ROOT}/processed_datasets/primary/HBC_shared16112/Spatial_count.txt"",""--sc-data"",""${ARCHIVE_ROOT}/processed_datasets/primary/HBC_shared16112/scRNA_count.txt"",""--gene-split-json"",""${FORMAL_RUN_ROOT}/inputs/HBC_shared16112/fold4/mode_a_split.json"",""--train-gene-idx-path"",""${ARCHIVE_ROOT}/frozen_splits/primary/HBC_shared16112/gene_index_masks/fold4_train_gene_idx.npy"",""--val-gene-idx-path"",""${ARCHIVE_ROOT}/frozen_splits/primary/HBC_shared16112/gene_index_masks/fold4_val_gene_idx.npy"",""--test-gene-idx-path"",""${ARCHIVE_ROOT}/frozen_splits/primary/HBC_shared16112/gene_index_masks/fold4_test_gene_idx.npy"",""--st-normalization-scope"",""train_genes"",""--model-gene-scope"",""train_indices"",""--device"",""cuda:0"",""--output-dir"",""${FORMAL_RUN_ROOT}/baselines/Tangram/HBC_shared16112/fold4"",""--skip-adapter-metrics""]",be5c725d76e4e74e4714118fb32cbe90f5083d38bba3909eb853cd9eccf9272f,33553a6394a306c3f5a03dc99a3b6cdf27e9a7bd56202fe730d3c466d2f9b3d5,50bc08f08312203728bb423118610a20c20a57b61172cbd65f473ec37f4e5725,b37dc409f10071fda19e0442700e7b9e421adb325c90962e47529d74a2cc35c8,49d83a99de196efa3c7e88b1a6d9273297f2353ce77ce82098a58f7e174a4b41,e14a2a75568077bd2411444d4cfc8f92b7bee577016a75c237de095a7922c328,e1c31c594a974e5f60b55ac5c075aa29b463436e11c5fb1f9762ce7f9b0f78ae,cc35520a469844f5927f375d39473dead3ae5e128254f6cc3d06e797787cfca1,prediction_matrices/HBC_shared16112/Tangram/fold4/prediction.npz,7337decf9abf8b9deeee83a735381921a8a0ad26bb9e46cd5a4cde1a79557f59,"[4784,3222]",True,True,False,,52010f637b48c5be85c4122d5487bdf4829fc89988c53f51846bba3ab6d6abb0
Tangram__MHPR_current_panel__fold0,Tangram,MHPR,MHPR_current_panel,Cross-platform,0,A,completed,0,"[""python"",""${REPOSITORY_ROOT}/baseline/tangram/run_tangram_mhpr_fold_from_split.py"",""--locations-path"",""${ARCHIVE_ROOT}/processed_datasets/cross_platform/MHPR_current_panel/Locations.txt"",""--st-data"",""${ARCHIVE_ROOT}/processed_datasets/cross_platform/MHPR_current_panel/Spatial_count.txt"",""--sc-data"",""${ARCHIVE_ROOT}/processed_datasets/cross_platform/MHPR_current_panel/scRNA_count.txt"",""--gene-split-json"",""${FORMAL_RUN_ROOT}/inputs/MHPR_current_panel/fold0/mode_a_split.json"",""--train-gene-idx-path"",""${ARCHIVE_ROOT}/frozen_splits/cross_platform/MHPR_current_panel/gene_index_masks/fold0_train_gene_idx.npy"",""--val-gene-idx-path"",""${ARCHIVE_ROOT}/frozen_splits/cross_platform/MHPR_current_panel/gene_index_masks/fold0_val_gene_idx.npy"",""--test-gene-idx-path"",""${ARCHIVE_ROOT}/frozen_splits/cross_platform/MHPR_current_panel/gene_index_masks/fold0_test_gene_idx.npy"",""--st-normalization-scope"",""train_genes"",""--model-gene-scope"",""train_indices"",""--device"",""cuda:0"",""--output-dir"",""${FORMAL_RUN_ROOT}/baselines/Tangram/MHPR_current_panel/fold0"",""--skip-adapter-metrics""]",be5c725d76e4e74e4714118fb32cbe90f5083d38bba3909eb853cd9eccf9272f,33553a6394a306c3f5a03dc99a3b6cdf27e9a7bd56202fe730d3c466d2f9b3d5,88c06464a227011265319ac81d1df782ceaf47b82ac8ef706886eeeb66da049f,b1013c6452a81457d697471e5d16a95d7094947e915b03dcd772d6b853773cdb,036cf336ecd09358235b422277280bb5af2ef8c6b8150a3d2cbd256c3c8e3cd7,d1f5df6226611de08ef70f86e141417a7813b9cfa1aea08cd70599a1a6873af8,ed629707929131f4452d80ef755d61748a77eca26575ffab67975613a82acee2,cafd7944f4fcf8baf7123d215927c6654cb43515f2e4d5a3449ae11392940271,prediction_matrices/MHPR_current_panel/Tangram/fold0/prediction.npz,4baec14e920eea7d411ad5c591cfc1f49415a66b0b8dae2748520e7e576b82ea,"[4975,31]",True,True,False,,635c8348683e75598aa614f3365ff381e68961e9710caa210d1653e527c1a766
Tangram__MHPR_current_panel__fold1,Tangram,MHPR,MHPR_current_panel,Cross-platform,1,A,completed,0,"[""python"",""${REPOSITORY_ROOT}/baseline/tangram/run_tangram_mhpr_fold_from_split.py"",""--locations-path"",""${ARCHIVE_ROOT}/processed_datasets/cross_platform/MHPR_current_panel/Locations.txt"",""--st-data"",""${ARCHIVE_ROOT}/processed_datasets/cross_platform/MHPR_current_panel/Spatial_count.txt"",""--sc-data"",""${ARCHIVE_ROOT}/processed_datasets/cross_platform/MHPR_current_panel/scRNA_count.txt"",""--gene-split-json"",""${FORMAL_RUN_ROOT}/inputs/MHPR_current_panel/fold1/mode_a_split.json"",""--train-gene-idx-path"",""${ARCHIVE_ROOT}/frozen_splits/cross_platform/MHPR_current_panel/gene_index_masks/fold1_train_gene_idx.npy"",""--val-gene-idx-path"",""${ARCHIVE_ROOT}/frozen_splits/cross_platform/MHPR_current_panel/gene_index_masks/fold1_val_gene_idx.npy"",""--test-gene-idx-path"",""${ARCHIVE_ROOT}/frozen_splits/cross_platform/MHPR_current_panel/gene_index_masks/fold1_test_gene_idx.npy"",""--st-normalization-scope"",""train_genes"",""--model-gene-scope"",""train_indices"",""--device"",""cuda:0"",""--output-dir"",""${FORMAL_RUN_ROOT}/baselines/Tangram/MHPR_current_panel/fold1"",""--skip-adapter-metrics""]",be5c725d76e4e74e4714118fb32cbe90f5083d38bba3909eb853cd9eccf9272f,33553a6394a306c3f5a03dc99a3b6cdf27e9a7bd56202fe730d3c466d2f9b3d5,5c9079c4cd895b805b49631debcc173b16b49adc073be4378d6220c030378a98,cdaccae0f261ae3028bb083740e7054f05af1d3498073aeafc42424573c79163,66647b4201235c7b617440f8db9d692294860c6329ebcbee5be7f3814d2afcad,8d4cd1eab34edcd141c4f91b151cc22825e8305d3dfd2ed1f2ffd6cd7df6cfde,9e4ad9b4be9a7f00c6282edfe62bd299d16fdded750f44204f0fadbfddc53e79,a5c0ceef85fd1aa779e5bc59b53dacaf523491e74c327c39e96f6a79f3f33cff,prediction_matrices/MHPR_current_panel/Tangram/fold1/prediction.npz,4a3a6fb151cba27040fb1c85d437a74f0003369520cfa13d3e03d50e1ca6c9c4,"[4975,31]",True,True,False,,5bbe5a5da2550c73964cbb1ad33e81c4b12f16d543046aeec046b082ed3f54cb
Tangram__MHPR_current_panel__fold2,Tangram,MHPR,MHPR_current_panel,Cross-platform,2,A,completed,0,"[""python"",""${REPOSITORY_ROOT}/baseline/tangram/run_tangram_mhpr_fold_from_split.py"",""--locations-path"",""${ARCHIVE_ROOT}/processed_datasets/cross_platform/MHPR_current_panel/Locations.txt"",""--st-data"",""${ARCHIVE_ROOT}/processed_datasets/cross_platform/MHPR_current_panel/Spatial_count.txt"",""--sc-data"",""${ARCHIVE_ROOT}/processed_datasets/cross_platform/MHPR_current_panel/scRNA_count.txt"",""--gene-split-json"",""${FORMAL_RUN_ROOT}/inputs/MHPR_current_panel/fold2/mode_a_split.json"",""--train-gene-idx-path"",""${ARCHIVE_ROOT}/frozen_splits/cross_platform/MHPR_current_panel/gene_index_masks/fold2_train_gene_idx.npy"",""--val-gene-idx-path"",""${ARCHIVE_ROOT}/frozen_splits/cross_platform/MHPR_current_panel/gene_index_masks/fold2_val_gene_idx.npy"",""--test-gene-idx-path"",""${ARCHIVE_ROOT}/frozen_splits/cross_platform/MHPR_current_panel/gene_index_masks/fold2_test_gene_idx.npy"",""--st-normalization-scope"",""train_genes"",""--model-gene-scope"",""train_indices"",""--device"",""cuda:0"",""--output-dir"",""${FORMAL_RUN_ROOT}/baselines/Tangram/MHPR_current_panel/fold2"",""--skip-adapter-metrics""]",be5c725d76e4e74e4714118fb32cbe90f5083d38bba3909eb853cd9eccf9272f,33553a6394a306c3f5a03dc99a3b6cdf27e9a7bd56202fe730d3c466d2f9b3d5,18f8beef8ffb0a6d35ce536491219a7998307d30c8fee10f162651d396429570,36b6136dea102190c0950e32ebed39e3aebda797f8957f6de7e6dca47a3f4f01,dbe544ae48f8e2cb64e05d3c7c309d66b0b7537f0fa55c7bb2b02ad4b50501c6,2d273bf06f4078fdea1e259f1c801b2ef4318606b47cc65b5870ff21fa72a804,a0b1a4dbe6006bc6b05e566f3eaba86d949fa267e8d1b826c85c679aef3547ea,8abba840bf214295d19467bdc10de4824f90e8a558d3a4637f2c12bdb49c82df,prediction_matrices/MHPR_current_panel/Tangram/fold2/prediction.npz,4ef014f97df4260c0322aa9b79b45430de014e2c6cd07ef430efdcf748976895,"[4975,31]",True,True,False,,60e40aaccfda8eb80fea5e4538d13b7ff52833649f8301b3cdb9a4e74069bf17
Tangram__MHPR_current_panel__fold3,Tangram,MHPR,MHPR_current_panel,Cross-platform,3,A,completed,0,"[""python"",""${REPOSITORY_ROOT}/baseline/tangram/run_tangram_mhpr_fold_from_split.py"",""--locations-path"",""${ARCHIVE_ROOT}/processed_datasets/cross_platform/MHPR_current_panel/Locations.txt"",""--st-data"",""${ARCHIVE_ROOT}/processed_datasets/cross_platform/MHPR_current_panel/Spatial_count.txt"",""--sc-data"",""${ARCHIVE_ROOT}/processed_datasets/cross_platform/MHPR_current_panel/scRNA_count.txt"",""--gene-split-json"",""${FORMAL_RUN_ROOT}/inputs/MHPR_current_panel/fold3/mode_a_split.json"",""--train-gene-idx-path"",""${ARCHIVE_ROOT}/frozen_splits/cross_platform/MHPR_current_panel/gene_index_masks/fold3_train_gene_idx.npy"",""--val-gene-idx-path"",""${ARCHIVE_ROOT}/frozen_splits/cross_platform/MHPR_current_panel/gene_index_masks/fold3_val_gene_idx.npy"",""--test-gene-idx-path"",""${ARCHIVE_ROOT}/frozen_splits/cross_platform/MHPR_current_panel/gene_index_masks/fold3_test_gene_idx.npy"",""--st-normalization-scope"",""train_genes"",""--model-gene-scope"",""train_indices"",""--device"",""cuda:0"",""--output-dir"",""${FORMAL_RUN_ROOT}/baselines/Tangram/MHPR_current_panel/fold3"",""--skip-adapter-metrics""]",be5c725d76e4e74e4714118fb32cbe90f5083d38bba3909eb853cd9eccf9272f,33553a6394a306c3f5a03dc99a3b6cdf27e9a7bd56202fe730d3c466d2f9b3d5,032600e7141383b285e0b00b4f8ae913a261253051e00e1617b3a7a159d3e16a,b547a321d1bb96d7a0aee2f016c01e4bd3f33f84599086fcbe96b96aab4e82c2,819813850a652c4b813fe01a87a7759eeb7d8d3a8085f391bdd6cc38d13aff7b,34c1c41e981eab9baf313ba78926c91ca3f464ba230c9f5d418be25662ba257c,775f645deb4c9cffbc40b89fbb373d3472fedd26d806b37ed0317e971c1ed562,184380446c16148d2c77352643027a5b1ab336c8d8b46407627e0a4ce47f96b4,prediction_matrices/MHPR_current_panel/Tangram/fold3/prediction.npz,b8ebd2b10e8b2f508a19cdaaa3bf1d3ab6da1955ced067913711376a1bce0581,"[4975,31]",True,True,False,,e4ae3d54992ca300609e9acbbaa55bee92cf015d11261c0402bfcee098e3c3d9
Tangram__MHPR_current_panel__fold4,Tangram,MHPR,MHPR_current_panel,Cross-platform,4,A,completed,0,"[""python"",""${REPOSITORY_ROOT}/baseline/tangram/run_tangram_mhpr_fold_from_split.py"",""--locations-path"",""${ARCHIVE_ROOT}/processed_datasets/cross_platform/MHPR_current_panel/Locations.txt"",""--st-data"",""${ARCHIVE_ROOT}/processed_datasets/cross_platform/MHPR_current_panel/Spatial_count.txt"",""--sc-data"",""${ARCHIVE_ROOT}/processed_datasets/cross_platform/MHPR_current_panel/scRNA_count.txt"",""--gene-split-json"",""${FORMAL_RUN_ROOT}/inputs/MHPR_current_panel/fold4/mode_a_split.json"",""--train-gene-idx-path"",""${ARCHIVE_ROOT}/frozen_splits/cross_platform/MHPR_current_panel/gene_index_masks/fold4_train_gene_idx.npy"",""--val-gene-idx-path"",""${ARCHIVE_ROOT}/frozen_splits/cross_platform/MHPR_current_panel/gene_index_masks/fold4_val_gene_idx.npy"",""--test-gene-idx-path"",""${ARCHIVE_ROOT}/frozen_splits/cross_platform/MHPR_current_panel/gene_index_masks/fold4_test_gene_idx.npy"",""--st-normalization-scope"",""train_genes"",""--model-gene-scope"",""train_indices"",""--device"",""cuda:0"",""--output-dir"",""${FORMAL_RUN_ROOT}/baselines/Tangram/MHPR_current_panel/fold4"",""--skip-adapter-metrics""]",be5c725d76e4e74e4714118fb32cbe90f5083d38bba3909eb853cd9eccf9272f,33553a6394a306c3f5a03dc99a3b6cdf27e9a7bd56202fe730d3c466d2f9b3d5,2edc342365a36b59532085681da940782cae4fe8f6a9d7f7f0a87ae7826833d4,d8f8baf97569d36d8d6bfe2975d2fd0dcc51d9838c36a795edd16d193fa75b72,630ab6844acb9b1628fa1acd63862d762f3a5c4858ef1bc878326eaa49195720,36e94f14a52ba7072ec3577607a028380bad125ec0cd9abfc43b5a4f0d5b72ca,9ceb30ff0c22706badf408211040c79a2c82c4452de521c612e447bf74c97224,d2aa5d39388907530519938b1d6fb6adb688ad1286a2cfd88668a89e564d0d35,prediction_matrices/MHPR_current_panel/Tangram/fold4/prediction.npz,2cdc15fce404ebde934eb2ac40db43dc562480b88ae3d6e46d7ebf00b5fa08dc,"[4975,30]",True,True,False,,edff9586f5217909047b7829ab496e1a722c05d71c9f749bb87d37fca572d654
Tangram__MVC_shared981__fold0,Tangram,MVC,MVC_shared981,Cross-platform,0,A,completed,0,"[""python"",""${REPOSITORY_ROOT}/baseline/tangram/run_tangram_mhpr_fold_from_split.py"",""--locations-path"",""${ARCHIVE_ROOT}/processed_datasets/cross_platform/MVC_shared981/Locations.txt"",""--st-data"",""${ARCHIVE_ROOT}/processed_datasets/cross_platform/MVC_shared981/Spatial_count.txt"",""--sc-data"",""${ARCHIVE_ROOT}/processed_datasets/cross_platform/MVC_shared981/scRNA_count.txt"",""--gene-split-json"",""${FORMAL_RUN_ROOT}/inputs/MVC_shared981/fold0/mode_a_split.json"",""--train-gene-idx-path"",""${ARCHIVE_ROOT}/frozen_splits/cross_platform/MVC_shared981/gene_index_masks/fold0_train_gene_idx.npy"",""--val-gene-idx-path"",""${ARCHIVE_ROOT}/frozen_splits/cross_platform/MVC_shared981/gene_index_masks/fold0_val_gene_idx.npy"",""--test-gene-idx-path"",""${ARCHIVE_ROOT}/frozen_splits/cross_platform/MVC_shared981/gene_index_masks/fold0_test_gene_idx.npy"",""--st-normalization-scope"",""train_genes"",""--model-gene-scope"",""train_indices"",""--device"",""cuda:0"",""--output-dir"",""${FORMAL_RUN_ROOT}/baselines/Tangram/MVC_shared981/fold0"",""--skip-adapter-metrics""]",be5c725d76e4e74e4714118fb32cbe90f5083d38bba3909eb853cd9eccf9272f,33553a6394a306c3f5a03dc99a3b6cdf27e9a7bd56202fe730d3c466d2f9b3d5,4d8cf81f2da455cfe6406adb6ccb216087eddf9c9311a579fdabd2c7a5bab84d,fd51ea78835fb458502afea4cb3a4bbc9c461892e3d00af94237cdfb1570de09,e13b4d402b33f67b774da78162302debfa455b61fe6f86b9733abc5c7e5dda84,2a0a247d83976ba2e1030bd5c96a487d966e7297f0ee11522805130e226afd87,916ab1d647e32b41b01ac7378b786d14930caad2df261690d515184b17938a3a,a9fa1139705bf5e0236826645554c183df685e82d5776cf6238bff3f0eac57e0,prediction_matrices/MVC_shared981/Tangram/fold0/prediction.npz,5e6bd18ba612ed2a4058b20ea4350258e9ee1d66f75f9ba6ceb2d62dc66fb3b3,"[1549,197]",True,True,False,,5216b4509867bd53fd056a8bd76ad147c136c8b3e81675b9c81b82c88b7549d2
Tangram__MVC_shared981__fold1,Tangram,MVC,MVC_shared981,Cross-platform,1,A,completed,0,"[""python"",""${REPOSITORY_ROOT}/baseline/tangram/run_tangram_mhpr_fold_from_split.py"",""--locations-path"",""${ARCHIVE_ROOT}/processed_datasets/cross_platform/MVC_shared981/Locations.txt"",""--st-data"",""${ARCHIVE_ROOT}/processed_datasets/cross_platform/MVC_shared981/Spatial_count.txt"",""--sc-data"",""${ARCHIVE_ROOT}/processed_datasets/cross_platform/MVC_shared981/scRNA_count.txt"",""--gene-split-json"",""${FORMAL_RUN_ROOT}/inputs/MVC_shared981/fold1/mode_a_split.json"",""--train-gene-idx-path"",""${ARCHIVE_ROOT}/frozen_splits/cross_platform/MVC_shared981/gene_index_masks/fold1_train_gene_idx.npy"",""--val-gene-idx-path"",""${ARCHIVE_ROOT}/frozen_splits/cross_platform/MVC_shared981/gene_index_masks/fold1_val_gene_idx.npy"",""--test-gene-idx-path"",""${ARCHIVE_ROOT}/frozen_splits/cross_platform/MVC_shared981/gene_index_masks/fold1_test_gene_idx.npy"",""--st-normalization-scope"",""train_genes"",""--model-gene-scope"",""train_indices"",""--device"",""cuda:0"",""--output-dir"",""${FORMAL_RUN_ROOT}/baselines/Tangram/MVC_shared981/fold1"",""--skip-adapter-metrics""]",be5c725d76e4e74e4714118fb32cbe90f5083d38bba3909eb853cd9eccf9272f,33553a6394a306c3f5a03dc99a3b6cdf27e9a7bd56202fe730d3c466d2f9b3d5,0308013d81c2a9b2d0588cd5e40cefa914703a6ffd3c82fc4c007a3e8f37ac74,e6d0a277402c3164aae9be18c2e3e46433caeaad47de1408cd5c85836144e7c5,7ff1afb47d001e939ddd56828d0d1f40961ed9511c91df3bfbf78ece89f7bccc,ff6362879a8601a45c7d9fd2faa475bc851dd64b083cc858bca5ccca7ca90236,3423d7211f569b0bdddae7695cf2833f98b0c917d3a589878cc18667c01471b3,e16a17e669948b804c9f0ffa94ceb79322925fd7e27b777de48f6609ec33980f,prediction_matrices/MVC_shared981/Tangram/fold1/prediction.npz,b6433c5acfb2e24b8bcb9a730789cbbae55349dfd44f63652341f85a28ca6316,"[1549,196]",True,True,False,,af9ee081b0dfb63a9634c504abc0f325f203b458c6325dfd89f8f5398ea68dc3
Tangram__MVC_shared981__fold2,Tangram,MVC,MVC_shared981,Cross-platform,2,A,completed,0,"[""python"",""${REPOSITORY_ROOT}/baseline/tangram/run_tangram_mhpr_fold_from_split.py"",""--locations-path"",""${ARCHIVE_ROOT}/processed_datasets/cross_platform/MVC_shared981/Locations.txt"",""--st-data"",""${ARCHIVE_ROOT}/processed_datasets/cross_platform/MVC_shared981/Spatial_count.txt"",""--sc-data"",""${ARCHIVE_ROOT}/processed_datasets/cross_platform/MVC_shared981/scRNA_count.txt"",""--gene-split-json"",""${FORMAL_RUN_ROOT}/inputs/MVC_shared981/fold2/mode_a_split.json"",""--train-gene-idx-path"",""${ARCHIVE_ROOT}/frozen_splits/cross_platform/MVC_shared981/gene_index_masks/fold2_train_gene_idx.npy"",""--val-gene-idx-path"",""${ARCHIVE_ROOT}/frozen_splits/cross_platform/MVC_shared981/gene_index_masks/fold2_val_gene_idx.npy"",""--test-gene-idx-path"",""${ARCHIVE_ROOT}/frozen_splits/cross_platform/MVC_shared981/gene_index_masks/fold2_test_gene_idx.npy"",""--st-normalization-scope"",""train_genes"",""--model-gene-scope"",""train_indices"",""--device"",""cuda:0"",""--output-dir"",""${FORMAL_RUN_ROOT}/baselines/Tangram/MVC_shared981/fold2"",""--skip-adapter-metrics""]",be5c725d76e4e74e4714118fb32cbe90f5083d38bba3909eb853cd9eccf9272f,33553a6394a306c3f5a03dc99a3b6cdf27e9a7bd56202fe730d3c466d2f9b3d5,409f5e4ca865af20fd888fb8fab2ac907696c72fabfd6fb3c06786d0e63d8854,b40c12afce3b67ecba92704a0a951c9e6fef2ef0671305ec76b7d8476861ed92,dcae22805ae8d084c08e4fa95ea82ab517e79ee10dbc3eb14dd0042fae23e5ef,24a87ab148fbc9e0de303e7fc7a82a2752c43c5fbc6232ed7a91676389ea54f2,e01d4b5485642bc8ad58adc78bdf5aa9b16bb30436239fa8544d9a87b5c534a2,644392bbec693957e7e0a74846b0c00c395fc2aa9b548e6ec1fb624441959b34,prediction_matrices/MVC_shared981/Tangram/fold2/prediction.npz,aaa5ad76ceade688f5a92c377343ae4535543cea7cb49a585abc721e5e582fb4,"[1549,196]",True,True,False,,32e45a274548d3b8d792a8bfdc0f965f0c16464e39bac3bf34921fd243296c59
Tangram__MVC_shared981__fold3,Tangram,MVC,MVC_shared981,Cross-platform,3,A,completed,0,"[""python"",""${REPOSITORY_ROOT}/baseline/tangram/run_tangram_mhpr_fold_from_split.py"",""--locations-path"",""${ARCHIVE_ROOT}/processed_datasets/cross_platform/MVC_shared981/Locations.txt"",""--st-data"",""${ARCHIVE_ROOT}/processed_datasets/cross_platform/MVC_shared981/Spatial_count.txt"",""--sc-data"",""${ARCHIVE_ROOT}/processed_datasets/cross_platform/MVC_shared981/scRNA_count.txt"",""--gene-split-json"",""${FORMAL_RUN_ROOT}/inputs/MVC_shared981/fold3/mode_a_split.json"",""--train-gene-idx-path"",""${ARCHIVE_ROOT}/frozen_splits/cross_platform/MVC_shared981/gene_index_masks/fold3_train_gene_idx.npy"",""--val-gene-idx-path"",""${ARCHIVE_ROOT}/frozen_splits/cross_platform/MVC_shared981/gene_index_masks/fold3_val_gene_idx.npy"",""--test-gene-idx-path"",""${ARCHIVE_ROOT}/frozen_splits/cross_platform/MVC_shared981/gene_index_masks/fold3_test_gene_idx.npy"",""--st-normalization-scope"",""train_genes"",""--model-gene-scope"",""train_indices"",""--device"",""cuda:0"",""--output-dir"",""${FORMAL_RUN_ROOT}/baselines/Tangram/MVC_shared981/fold3"",""--skip-adapter-metrics""]",be5c725d76e4e74e4714118fb32cbe90f5083d38bba3909eb853cd9eccf9272f,33553a6394a306c3f5a03dc99a3b6cdf27e9a7bd56202fe730d3c466d2f9b3d5,586494412198510f7448fdfdcd5c535f2e96a3d9d9e85517c725d6973b06848c,6145c42c490db4111898b10e11eb0daa6cebcf300a22394fb670a382dad8f813,1425084c4e7c845519523e37036bc42b8ac9533da9a30ff5be6f62c843752b4d,6957a76ea40579faed88b4cad0a816f7c9fba7a80614fa5dda9f27a79a70a8f2,f1dce41e4d6bb34c4bca4028c3ea2f443e81f5fe92c8d43df8a5c96b2f15af0b,0e77fa0a632f0f0f35173b8de9b31cfcd93d969091eaf6294ba6054f0c7bd5a4,prediction_matrices/MVC_shared981/Tangram/fold3/prediction.npz,f32d13063f83799e272d36ce1361286215f8bf9a7a7ee6fa91c20b2a430404c0,"[1549,196]",True,True,False,,23e14980525dc58ad52d8785b3a969cc99c2ede3b3d5b012a5a9555e48ef632e
Tangram__MVC_shared981__fold4,Tangram,MVC,MVC_shared981,Cross-platform,4,A,completed,0,"[""python"",""${REPOSITORY_ROOT}/baseline/tangram/run_tangram_mhpr_fold_from_split.py"",""--locations-path"",""${ARCHIVE_ROOT}/processed_datasets/cross_platform/MVC_shared981/Locations.txt"",""--st-data"",""${ARCHIVE_ROOT}/processed_datasets/cross_platform/MVC_shared981/Spatial_count.txt"",""--sc-data"",""${ARCHIVE_ROOT}/processed_datasets/cross_platform/MVC_shared981/scRNA_count.txt"",""--gene-split-json"",""${FORMAL_RUN_ROOT}/inputs/MVC_shared981/fold4/mode_a_split.json"",""--train-gene-idx-path"",""${ARCHIVE_ROOT}/frozen_splits/cross_platform/MVC_shared981/gene_index_masks/fold4_train_gene_idx.npy"",""--val-gene-idx-path"",""${ARCHIVE_ROOT}/frozen_splits/cross_platform/MVC_shared981/gene_index_masks/fold4_val_gene_idx.npy"",""--test-gene-idx-path"",""${ARCHIVE_ROOT}/frozen_splits/cross_platform/MVC_shared981/gene_index_masks/fold4_test_gene_idx.npy"",""--st-normalization-scope"",""train_genes"",""--model-gene-scope"",""train_indices"",""--device"",""cuda:0"",""--output-dir"",""${FORMAL_RUN_ROOT}/baselines/Tangram/MVC_shared981/fold4"",""--skip-adapter-metrics""]",be5c725d76e4e74e4714118fb32cbe90f5083d38bba3909eb853cd9eccf9272f,33553a6394a306c3f5a03dc99a3b6cdf27e9a7bd56202fe730d3c466d2f9b3d5,95155822dab493c81eb9815003c251120c690d8ea40dfa3a34c51f163ab2df66,428b5cacc879ee3e17823533826bf5d6a16a829fa9f4e6ede9c289448c179836,4033983f2ebfe1a743129465918c9e575599898d94de129644e64e6a4167f8ca,5f93037186dbc03f636483499c304460dccbe25aecef666deb54237401207720,03481dabac99695db06f0d68c14912b633aff92de7253fbb5f4f5c94759e77d2,6f6a9200c73999fabc0c95d9c5116e7f2bdddced2bdb09b68625b0197355eb19,prediction_matrices/MVC_shared981/Tangram/fold4/prediction.npz,b73c7e945f01a641b08c1c3372f493a04542693306c3b949befba2dc3230ba37,"[1549,196]",True,True,False,,6b42fd066554deb8d452fad4833b2c0db7775e3da75c54c9e2b055cbf9b94691
Tangram__seqFISH_plus_cortex_svz_zeisel_sccortex_ref_shared10000__fold0,Tangram,seqFISH+,seqFISH_plus_cortex_svz_zeisel_sccortex_ref_shared10000,Cross-platform,0,A,completed,0,"[""python"",""${REPOSITORY_ROOT}/baseline/tangram/run_tangram_mhpr_fold_from_split.py"",""--locations-path"",""${ARCHIVE_ROOT}/processed_datasets/cross_platform/seqFISH_plus_cortex_svz_zeisel_sccortex_ref_shared10000/Locations.txt"",""--st-data"",""${ARCHIVE_ROOT}/processed_datasets/cross_platform/seqFISH_plus_cortex_svz_zeisel_sccortex_ref_shared10000/Spatial_count.txt"",""--sc-data"",""${ARCHIVE_ROOT}/processed_datasets/cross_platform/seqFISH_plus_cortex_svz_zeisel_sccortex_ref_shared10000/scRNA_count.txt"",""--gene-split-json"",""${FORMAL_RUN_ROOT}/inputs/seqFISH_plus_cortex_svz_zeisel_sccortex_ref_shared10000/fold0/mode_a_split.json"",""--train-gene-idx-path"",""${ARCHIVE_ROOT}/frozen_splits/cross_platform/seqFISH_plus_cortex_svz_zeisel_sccortex_ref_shared10000/gene_index_masks/fold0_train_gene_idx.npy"",""--val-gene-idx-path"",""${ARCHIVE_ROOT}/frozen_splits/cross_platform/seqFISH_plus_cortex_svz_zeisel_sccortex_ref_shared10000/gene_index_masks/fold0_val_gene_idx.npy"",""--test-gene-idx-path"",""${ARCHIVE_ROOT}/frozen_splits/cross_platform/seqFISH_plus_cortex_svz_zeisel_sccortex_ref_shared10000/gene_index_masks/fold0_test_gene_idx.npy"",""--st-normalization-scope"",""train_genes"",""--model-gene-scope"",""train_indices"",""--device"",""cuda:0"",""--output-dir"",""${FORMAL_RUN_ROOT}/baselines/Tangram/seqFISH_plus_cortex_svz_zeisel_sccortex_ref_shared10000/fold0"",""--skip-adapter-metrics""]",be5c725d76e4e74e4714118fb32cbe90f5083d38bba3909eb853cd9eccf9272f,33553a6394a306c3f5a03dc99a3b6cdf27e9a7bd56202fe730d3c466d2f9b3d5,b83683273232379e5ef54e490145875288691d17a2c60bdd236fd73aa7fbd2ed,3aa8216f0d982005ee069ed0046693aa04b43ab572993a9c2c297dbe85260d76,b2ad4978edd6130f418f6aa7403d688913ee07e7b0c34dcc87dbf893095dbbd2,1c4ab9ed33a900017d2f212b926eaca897818e638ba01c89afd5b9d6d5f90edd,84d41e5e87e846e03b5e2e539dd91adac3de8b4c71f35596b0ba46a4d6233315,2e27c965fb741da8d27ab5a372bc5c57ed861e374dd90397dee2c342bebfc508,prediction_matrices/seqFISH_plus_cortex_svz_zeisel_sccortex_ref_shared10000/Tangram/fold0/prediction.npz,5a6952a7657b0745aafb8db5b52a9a742e8eab4b2456c82c0e15fac96c6d4ac5,"[913,2000]",True,True,False,,0a842b73fc5bd629e5a3e8e48a174a09b62931c7601bc1346334f3b1ee9ecd46
Tangram__seqFISH_plus_cortex_svz_zeisel_sccortex_ref_shared10000__fold1,Tangram,seqFISH+,seqFISH_plus_cortex_svz_zeisel_sccortex_ref_shared10000,Cross-platform,1,A,completed,0,"[""python"",""${REPOSITORY_ROOT}/baseline/tangram/run_tangram_mhpr_fold_from_split.py"",""--locations-path"",""${ARCHIVE_ROOT}/processed_datasets/cross_platform/seqFISH_plus_cortex_svz_zeisel_sccortex_ref_shared10000/Locations.txt"",""--st-data"",""${ARCHIVE_ROOT}/processed_datasets/cross_platform/seqFISH_plus_cortex_svz_zeisel_sccortex_ref_shared10000/Spatial_count.txt"",""--sc-data"",""${ARCHIVE_ROOT}/processed_datasets/cross_platform/seqFISH_plus_cortex_svz_zeisel_sccortex_ref_shared10000/scRNA_count.txt"",""--gene-split-json"",""${FORMAL_RUN_ROOT}/inputs/seqFISH_plus_cortex_svz_zeisel_sccortex_ref_shared10000/fold1/mode_a_split.json"",""--train-gene-idx-path"",""${ARCHIVE_ROOT}/frozen_splits/cross_platform/seqFISH_plus_cortex_svz_zeisel_sccortex_ref_shared10000/gene_index_masks/fold1_train_gene_idx.npy"",""--val-gene-idx-path"",""${ARCHIVE_ROOT}/frozen_splits/cross_platform/seqFISH_plus_cortex_svz_zeisel_sccortex_ref_shared10000/gene_index_masks/fold1_val_gene_idx.npy"",""--test-gene-idx-path"",""${ARCHIVE_ROOT}/frozen_splits/cross_platform/seqFISH_plus_cortex_svz_zeisel_sccortex_ref_shared10000/gene_index_masks/fold1_test_gene_idx.npy"",""--st-normalization-scope"",""train_genes"",""--model-gene-scope"",""train_indices"",""--device"",""cuda:0"",""--output-dir"",""${FORMAL_RUN_ROOT}/baselines/Tangram/seqFISH_plus_cortex_svz_zeisel_sccortex_ref_shared10000/fold1"",""--skip-adapter-metrics""]",be5c725d76e4e74e4714118fb32cbe90f5083d38bba3909eb853cd9eccf9272f,33553a6394a306c3f5a03dc99a3b6cdf27e9a7bd56202fe730d3c466d2f9b3d5,e09ff76d1e95dfe6462ddabe4fc1b43bc78a921a76253cb4f820a06fbc0aae38,56d82c6723077ec761046a7a5518f5c80daa8cbdac40cef275a720f46f5625e9,bed8846fbf23aa04d574197e8258194ed0eb406644630c34924faee44f0b605f,14d63b0fdd2e64cf0905a8bde296274845b02828ab97df80d4ec725397f0ade8,31685efb9bb10958637520cbf0ba3549ad94beadf820f8ae56f3349b6b738748,d6cc4704138aa14c78b5c0957b01b00ffc631a5f28e8813523bbb80475e9055c,prediction_matrices/seqFISH_plus_cortex_svz_zeisel_sccortex_ref_shared10000/Tangram/fold1/prediction.npz,c6c8df8bda4177a217be01cae7469334d2213a9ec6d9f43437cbb91fd2e5f51e,"[913,2000]",True,True,False,,fecc51860928e6837b60b8349caf662f27bd48dd014f08c4d9aa22b7329351bc
Tangram__seqFISH_plus_cortex_svz_zeisel_sccortex_ref_shared10000__fold2,Tangram,seqFISH+,seqFISH_plus_cortex_svz_zeisel_sccortex_ref_shared10000,Cross-platform,2,A,completed,0,"[""python"",""${REPOSITORY_ROOT}/baseline/tangram/run_tangram_mhpr_fold_from_split.py"",""--locations-path"",""${ARCHIVE_ROOT}/processed_datasets/cross_platform/seqFISH_plus_cortex_svz_zeisel_sccortex_ref_shared10000/Locations.txt"",""--st-data"",""${ARCHIVE_ROOT}/processed_datasets/cross_platform/seqFISH_plus_cortex_svz_zeisel_sccortex_ref_shared10000/Spatial_count.txt"",""--sc-data"",""${ARCHIVE_ROOT}/processed_datasets/cross_platform/seqFISH_plus_cortex_svz_zeisel_sccortex_ref_shared10000/scRNA_count.txt"",""--gene-split-json"",""${FORMAL_RUN_ROOT}/inputs/seqFISH_plus_cortex_svz_zeisel_sccortex_ref_shared10000/fold2/mode_a_split.json"",""--train-gene-idx-path"",""${ARCHIVE_ROOT}/frozen_splits/cross_platform/seqFISH_plus_cortex_svz_zeisel_sccortex_ref_shared10000/gene_index_masks/fold2_train_gene_idx.npy"",""--val-gene-idx-path"",""${ARCHIVE_ROOT}/frozen_splits/cross_platform/seqFISH_plus_cortex_svz_zeisel_sccortex_ref_shared10000/gene_index_masks/fold2_val_gene_idx.npy"",""--test-gene-idx-path"",""${ARCHIVE_ROOT}/frozen_splits/cross_platform/seqFISH_plus_cortex_svz_zeisel_sccortex_ref_shared10000/gene_index_masks/fold2_test_gene_idx.npy"",""--st-normalization-scope"",""train_genes"",""--model-gene-scope"",""train_indices"",""--device"",""cuda:0"",""--output-dir"",""${FORMAL_RUN_ROOT}/baselines/Tangram/seqFISH_plus_cortex_svz_zeisel_sccortex_ref_shared10000/fold2"",""--skip-adapter-metrics""]",be5c725d76e4e74e4714118fb32cbe90f5083d38bba3909eb853cd9eccf9272f,33553a6394a306c3f5a03dc99a3b6cdf27e9a7bd56202fe730d3c466d2f9b3d5,59e0c055bc3ad9e6405d15260501692a3f41825ccf7249da79fd6f101f354c93,a31bf3f098f889838498df7b2de28c529fb22a642823859439d950cc7db6297e,71a3bf24740bc5f8173b29e93f872852c6eb6d1d7d6079b5bba7dec1a2079098,a609886100807a2a2dbed4a3938508d1655098f0799da4bd9859172200360197,aec0b83154264b04a0cd02ff49d39f69cacfc2f9ddc6554cecae2396a2a86c0c,15d1620dfcbc5d6417d15b69ca6e1b0ab171483e10a7e57c70c77c15f70ab0b9,prediction_matrices/seqFISH_plus_cortex_svz_zeisel_sccortex_ref_shared10000/Tangram/fold2/prediction.npz,56d218dfeda7933a265f54672e097bc2ea4bd2736acb84586dfa22388b6e57ed,"[913,2000]",True,True,False,,4b68963415bdeaf90ec49687eac0f3d066619dab355187c6e23e3972cf1eefcf
Tangram__seqFISH_plus_cortex_svz_zeisel_sccortex_ref_shared10000__fold3,Tangram,seqFISH+,seqFISH_plus_cortex_svz_zeisel_sccortex_ref_shared10000,Cross-platform,3,A,completed,0,"[""python"",""${REPOSITORY_ROOT}/baseline/tangram/run_tangram_mhpr_fold_from_split.py"",""--locations-path"",""${ARCHIVE_ROOT}/processed_datasets/cross_platform/seqFISH_plus_cortex_svz_zeisel_sccortex_ref_shared10000/Locations.txt"",""--st-data"",""${ARCHIVE_ROOT}/processed_datasets/cross_platform/seqFISH_plus_cortex_svz_zeisel_sccortex_ref_shared10000/Spatial_count.txt"",""--sc-data"",""${ARCHIVE_ROOT}/processed_datasets/cross_platform/seqFISH_plus_cortex_svz_zeisel_sccortex_ref_shared10000/scRNA_count.txt"",""--gene-split-json"",""${FORMAL_RUN_ROOT}/inputs/seqFISH_plus_cortex_svz_zeisel_sccortex_ref_shared10000/fold3/mode_a_split.json"",""--train-gene-idx-path"",""${ARCHIVE_ROOT}/frozen_splits/cross_platform/seqFISH_plus_cortex_svz_zeisel_sccortex_ref_shared10000/gene_index_masks/fold3_train_gene_idx.npy"",""--val-gene-idx-path"",""${ARCHIVE_ROOT}/frozen_splits/cross_platform/seqFISH_plus_cortex_svz_zeisel_sccortex_ref_shared10000/gene_index_masks/fold3_val_gene_idx.npy"",""--test-gene-idx-path"",""${ARCHIVE_ROOT}/frozen_splits/cross_platform/seqFISH_plus_cortex_svz_zeisel_sccortex_ref_shared10000/gene_index_masks/fold3_test_gene_idx.npy"",""--st-normalization-scope"",""train_genes"",""--model-gene-scope"",""train_indices"",""--device"",""cuda:0"",""--output-dir"",""${FORMAL_RUN_ROOT}/baselines/Tangram/seqFISH_plus_cortex_svz_zeisel_sccortex_ref_shared10000/fold3"",""--skip-adapter-metrics""]",be5c725d76e4e74e4714118fb32cbe90f5083d38bba3909eb853cd9eccf9272f,33553a6394a306c3f5a03dc99a3b6cdf27e9a7bd56202fe730d3c466d2f9b3d5,831f0dde86f93e52814483d8d429e56a1a78292995590e1c5083ce45c5c8c340,89fbe3354c743b1cc5e333921d57f12542772df89bd3f27fd23054d9420003b6,ddfdd4a99b4697a909518a689eaee963c8784a5b9beea4ff82d637284e852380,9157e2d56b6c07bf6fc3a9d43e4d7b4f27115d00e8027fe14fc3405fb2b4a8e8,95890a2ef111a8f16462b80ad7ccae8385779de9381c33198b4cf49cc1d47b7b,27d4fd2c690d721b074e6229342bde8e8b93f1dfb1742c43fcc87c38ddf4714d,prediction_matrices/seqFISH_plus_cortex_svz_zeisel_sccortex_ref_shared10000/Tangram/fold3/prediction.npz,35eff3fbe4b3238540609963711e54a578eca60f60e54f16904aff262c21e0c5,"[913,2000]",True,True,False,,a45cf1cf602cf8c295bfcee985562aeeec0578bdf750995114cb3bd1d0ca5505
Tangram__seqFISH_plus_cortex_svz_zeisel_sccortex_ref_shared10000__fold4,Tangram,seqFISH+,seqFISH_plus_cortex_svz_zeisel_sccortex_ref_shared10000,Cross-platform,4,A,completed,0,"[""python"",""${REPOSITORY_ROOT}/baseline/tangram/run_tangram_mhpr_fold_from_split.py"",""--locations-path"",""${ARCHIVE_ROOT}/processed_datasets/cross_platform/seqFISH_plus_cortex_svz_zeisel_sccortex_ref_shared10000/Locations.txt"",""--st-data"",""${ARCHIVE_ROOT}/processed_datasets/cross_platform/seqFISH_plus_cortex_svz_zeisel_sccortex_ref_shared10000/Spatial_count.txt"",""--sc-data"",""${ARCHIVE_ROOT}/processed_datasets/cross_platform/seqFISH_plus_cortex_svz_zeisel_sccortex_ref_shared10000/scRNA_count.txt"",""--gene-split-json"",""${FORMAL_RUN_ROOT}/inputs/seqFISH_plus_cortex_svz_zeisel_sccortex_ref_shared10000/fold4/mode_a_split.json"",""--train-gene-idx-path"",""${ARCHIVE_ROOT}/frozen_splits/cross_platform/seqFISH_plus_cortex_svz_zeisel_sccortex_ref_shared10000/gene_index_masks/fold4_train_gene_idx.npy"",""--val-gene-idx-path"",""${ARCHIVE_ROOT}/frozen_splits/cross_platform/seqFISH_plus_cortex_svz_zeisel_sccortex_ref_shared10000/gene_index_masks/fold4_val_gene_idx.npy"",""--test-gene-idx-path"",""${ARCHIVE_ROOT}/frozen_splits/cross_platform/seqFISH_plus_cortex_svz_zeisel_sccortex_ref_shared10000/gene_index_masks/fold4_test_gene_idx.npy"",""--st-normalization-scope"",""train_genes"",""--model-gene-scope"",""train_indices"",""--device"",""cuda:0"",""--output-dir"",""${FORMAL_RUN_ROOT}/baselines/Tangram/seqFISH_plus_cortex_svz_zeisel_sccortex_ref_shared10000/fold4"",""--skip-adapter-metrics""]",be5c725d76e4e74e4714118fb32cbe90f5083d38bba3909eb853cd9eccf9272f,33553a6394a306c3f5a03dc99a3b6cdf27e9a7bd56202fe730d3c466d2f9b3d5,ee5d620e6b4aca4233864e80eef0f4c5fbc968a3631c09742d24db6734c01be2,1d1a388ff7f28de7164d81a98ff815dff2b0c507c4b89b05b5993aa9bfd55176,c305556e632796fb348e127005b5d77633dce2fa7d893724fa96982db3894cd1,7000830c73ebc687febc8ebb90fef0559cbfbb6457044da694aa50f33c464c04,8cfabe5f497843bf4ff26af39080dc531cc9d86f1c715fb78fe0d49287048b71,ad21f746d9bf2fc8811d1e0859529390f45dace108d27152b89def80b8bf591e,prediction_matrices/seqFISH_plus_cortex_svz_zeisel_sccortex_ref_shared10000/Tangram/fold4/prediction.npz,e715eba2eaf3cb97b362223c8804d41755944c1dfd3e397c3a97f8025575d637,"[913,2000]",True,True,False,,f9a8649184ae5b4b72d98919e4beae4b625037fb4cd9130d2d5fecfccca6f3e6
Tangram__Vis9A_D7_spaim_effective4470__fold0,Tangram,Vis9A,Vis9A_D7_spaim_effective4470,Primary,0,A,completed,0,"[""python"",""${REPOSITORY_ROOT}/baseline/tangram/run_tangram_mhpr_fold_from_split.py"",""--locations-path"",""${ARCHIVE_ROOT}/processed_datasets/primary/Vis9A_D7_spaim_effective4470/Locations.txt"",""--st-data"",""${ARCHIVE_ROOT}/processed_datasets/primary/Vis9A_D7_spaim_effective4470/Spatial_count.txt"",""--sc-data"",""${ARCHIVE_ROOT}/processed_datasets/primary/Vis9A_D7_spaim_effective4470/scRNA_count.txt"",""--gene-split-json"",""${FORMAL_RUN_ROOT}/inputs/Vis9A_D7_spaim_effective4470/fold0/mode_a_split.json"",""--train-gene-idx-path"",""${ARCHIVE_ROOT}/frozen_splits/primary/Vis9A_D7_spaim_effective4470/gene_index_masks/fold0_train_gene_idx.npy"",""--val-gene-idx-path"",""${ARCHIVE_ROOT}/frozen_splits/primary/Vis9A_D7_spaim_effective4470/gene_index_masks/fold0_val_gene_idx.npy"",""--test-gene-idx-path"",""${ARCHIVE_ROOT}/frozen_splits/primary/Vis9A_D7_spaim_effective4470/gene_index_masks/fold0_test_gene_idx.npy"",""--st-normalization-scope"",""train_genes"",""--model-gene-scope"",""train_indices"",""--device"",""cuda:0"",""--output-dir"",""${FORMAL_RUN_ROOT}/baselines/Tangram/Vis9A_D7_spaim_effective4470/fold0"",""--skip-adapter-metrics""]",be5c725d76e4e74e4714118fb32cbe90f5083d38bba3909eb853cd9eccf9272f,33553a6394a306c3f5a03dc99a3b6cdf27e9a7bd56202fe730d3c466d2f9b3d5,e28b34038d4f5b8d0c0c8fae006db066438ee765f38dc6662c2cbfa3612a8281,8d9bfb6bb972df63b56d288cb9f316e54705e3dc77e9a0427020e55e22eae919,f3a1c16b35f56a534b109ced9d72a17e056c8cfd84d141203f5f02c58645329a,10242cc536b7baf55958ecddb9a560d87e64d1a0772a6c0f08d88f0a886d8644,7480af17ae915418113f18506d281e07455a1e057935768e13ca90d158185a03,12afbe09536b1798d35f61141c7e29af3700ddbf458d5a924c0b0bf0d74e64c9,prediction_matrices/Vis9A_D7_spaim_effective4470/Tangram/fold0/prediction.npz,6602adf9885e717b166f3414155d9ac98814a2d1727e618176a4330af26f4c00,"[995,894]",True,True,False,,c6eea5bb19abec137ca7b0c8cfaabc81f396f0d0c5a8d5c7508a0d596a09817d
Tangram__Vis9A_D7_spaim_effective4470__fold1,Tangram,Vis9A,Vis9A_D7_spaim_effective4470,Primary,1,A,completed,0,"[""python"",""${REPOSITORY_ROOT}/baseline/tangram/run_tangram_mhpr_fold_from_split.py"",""--locations-path"",""${ARCHIVE_ROOT}/processed_datasets/primary/Vis9A_D7_spaim_effective4470/Locations.txt"",""--st-data"",""${ARCHIVE_ROOT}/processed_datasets/primary/Vis9A_D7_spaim_effective4470/Spatial_count.txt"",""--sc-data"",""${ARCHIVE_ROOT}/processed_datasets/primary/Vis9A_D7_spaim_effective4470/scRNA_count.txt"",""--gene-split-json"",""${FORMAL_RUN_ROOT}/inputs/Vis9A_D7_spaim_effective4470/fold1/mode_a_split.json"",""--train-gene-idx-path"",""${ARCHIVE_ROOT}/frozen_splits/primary/Vis9A_D7_spaim_effective4470/gene_index_masks/fold1_train_gene_idx.npy"",""--val-gene-idx-path"",""${ARCHIVE_ROOT}/frozen_splits/primary/Vis9A_D7_spaim_effective4470/gene_index_masks/fold1_val_gene_idx.npy"",""--test-gene-idx-path"",""${ARCHIVE_ROOT}/frozen_splits/primary/Vis9A_D7_spaim_effective4470/gene_index_masks/fold1_test_gene_idx.npy"",""--st-normalization-scope"",""train_genes"",""--model-gene-scope"",""train_indices"",""--device"",""cuda:0"",""--output-dir"",""${FORMAL_RUN_ROOT}/baselines/Tangram/Vis9A_D7_spaim_effective4470/fold1"",""--skip-adapter-metrics""]",be5c725d76e4e74e4714118fb32cbe90f5083d38bba3909eb853cd9eccf9272f,33553a6394a306c3f5a03dc99a3b6cdf27e9a7bd56202fe730d3c466d2f9b3d5,0907531dfe7158ad9471f37a089ad7994110b4854e6cd75ddb86fe41066b4fd9,74941a8e41d3c1489f5ac051143f644e604a41dc8ec8ff651cbef7dd699b9524,a313fa3424ae9537f07c50950271133408102f65620ec702f75dd114b8b88577,7fa16937da45bba58d41219305e839f81b56175454ef0db94a0ae529f68e5409,46c82b360e5dd491a62e06fe287cabbbb9ab55a291aff6a677d1cf559ab5e174,1abac629cfc871e28d76930a5308f32f4b111d5710725d9a7062fcb454129fa8,prediction_matrices/Vis9A_D7_spaim_effective4470/Tangram/fold1/prediction.npz,e58088be31b8aa564f39ebf1246821bc0e2007849156c6efff91fedb51820f98,"[995,894]",True,True,False,,315dcd2233733daf990947a9909a43d123138c859ba76f645e029c8f536fd06b
Tangram__Vis9A_D7_spaim_effective4470__fold2,Tangram,Vis9A,Vis9A_D7_spaim_effective4470,Primary,2,A,completed,0,"[""python"",""${REPOSITORY_ROOT}/baseline/tangram/run_tangram_mhpr_fold_from_split.py"",""--locations-path"",""${ARCHIVE_ROOT}/processed_datasets/primary/Vis9A_D7_spaim_effective4470/Locations.txt"",""--st-data"",""${ARCHIVE_ROOT}/processed_datasets/primary/Vis9A_D7_spaim_effective4470/Spatial_count.txt"",""--sc-data"",""${ARCHIVE_ROOT}/processed_datasets/primary/Vis9A_D7_spaim_effective4470/scRNA_count.txt"",""--gene-split-json"",""${FORMAL_RUN_ROOT}/inputs/Vis9A_D7_spaim_effective4470/fold2/mode_a_split.json"",""--train-gene-idx-path"",""${ARCHIVE_ROOT}/frozen_splits/primary/Vis9A_D7_spaim_effective4470/gene_index_masks/fold2_train_gene_idx.npy"",""--val-gene-idx-path"",""${ARCHIVE_ROOT}/frozen_splits/primary/Vis9A_D7_spaim_effective4470/gene_index_masks/fold2_val_gene_idx.npy"",""--test-gene-idx-path"",""${ARCHIVE_ROOT}/frozen_splits/primary/Vis9A_D7_spaim_effective4470/gene_index_masks/fold2_test_gene_idx.npy"",""--st-normalization-scope"",""train_genes"",""--model-gene-scope"",""train_indices"",""--device"",""cuda:0"",""--output-dir"",""${FORMAL_RUN_ROOT}/baselines/Tangram/Vis9A_D7_spaim_effective4470/fold2"",""--skip-adapter-metrics""]",be5c725d76e4e74e4714118fb32cbe90f5083d38bba3909eb853cd9eccf9272f,33553a6394a306c3f5a03dc99a3b6cdf27e9a7bd56202fe730d3c466d2f9b3d5,011e96b0da99b251e54cd84efd7fa86095ff89f2fd6ac9bf4e972e25791eb8b4,1a9cf15953f3bbef389ac43fa77d9baf9b30bc8da1f6b2867f455c1cc23abec8,716fad7064f06c21164d208724a2430d2607f6a0a308d056fc73d0083a29ab3a,d6af4a2437e5bbb53595e02be753d067346e001b9f253894f515998c19c1bcfa,171131c765a7dd984b0a392ab8c32d322a7a5c01d6a97cc995e2d5c67d30140d,2ed5ea71adf0d5e39404dee42f13a43a038066ee9d9b2b2e74430924a193e124,prediction_matrices/Vis9A_D7_spaim_effective4470/Tangram/fold2/prediction.npz,26941f3efc1f5186a75b9c275621d3401d7f66f9aa5041d6fe127af910e2a9d4,"[995,894]",True,True,False,,72d528726118221a580895fea52c0c05b661c01d612f5063eaf73eebb49685ed
Tangram__Vis9A_D7_spaim_effective4470__fold3,Tangram,Vis9A,Vis9A_D7_spaim_effective4470,Primary,3,A,completed,0,"[""python"",""${REPOSITORY_ROOT}/baseline/tangram/run_tangram_mhpr_fold_from_split.py"",""--locations-path"",""${ARCHIVE_ROOT}/processed_datasets/primary/Vis9A_D7_spaim_effective4470/Locations.txt"",""--st-data"",""${ARCHIVE_ROOT}/processed_datasets/primary/Vis9A_D7_spaim_effective4470/Spatial_count.txt"",""--sc-data"",""${ARCHIVE_ROOT}/processed_datasets/primary/Vis9A_D7_spaim_effective4470/scRNA_count.txt"",""--gene-split-json"",""${FORMAL_RUN_ROOT}/inputs/Vis9A_D7_spaim_effective4470/fold3/mode_a_split.json"",""--train-gene-idx-path"",""${ARCHIVE_ROOT}/frozen_splits/primary/Vis9A_D7_spaim_effective4470/gene_index_masks/fold3_train_gene_idx.npy"",""--val-gene-idx-path"",""${ARCHIVE_ROOT}/frozen_splits/primary/Vis9A_D7_spaim_effective4470/gene_index_masks/fold3_val_gene_idx.npy"",""--test-gene-idx-path"",""${ARCHIVE_ROOT}/frozen_splits/primary/Vis9A_D7_spaim_effective4470/gene_index_masks/fold3_test_gene_idx.npy"",""--st-normalization-scope"",""train_genes"",""--model-gene-scope"",""train_indices"",""--device"",""cuda:0"",""--output-dir"",""${FORMAL_RUN_ROOT}/baselines/Tangram/Vis9A_D7_spaim_effective4470/fold3"",""--skip-adapter-metrics""]",be5c725d76e4e74e4714118fb32cbe90f5083d38bba3909eb853cd9eccf9272f,33553a6394a306c3f5a03dc99a3b6cdf27e9a7bd56202fe730d3c466d2f9b3d5,da70bea4781d7b653b0e1372f0a45d907ec80f65a17ca15e01b01ddee22ab2a6,81adbcd321b5f4633fd86b28cbb5c4437d68d6a4d997e605fda827667afb68c3,d1a740dee74f81000d26555bc50f537d8fcb7bddcaeab61632bde6497e1390ce,37684f98f14b15f246da067cae7bf06fc0c704aa468fc31536c34de5e1cfcf3f,d55ef121d713cd02df05b594f535b51173615252a8f9a6e67d2b6cd966f3a48f,96cc845875ce82e76cdf89e1f98d17e4b235a5b4ab22678d9b59a8d9b9073936,prediction_matrices/Vis9A_D7_spaim_effective4470/Tangram/fold3/prediction.npz,43b732e0116c1079da77dfd76b0de943e072f884691cb7d96315170976b72884,"[995,894]",True,True,False,,d8cddba97e846c2ac2ae67122e9d6d823c6507419ff550c5d32d3752909131bd
Tangram__Vis9A_D7_spaim_effective4470__fold4,Tangram,Vis9A,Vis9A_D7_spaim_effective4470,Primary,4,A,completed,0,"[""python"",""${REPOSITORY_ROOT}/baseline/tangram/run_tangram_mhpr_fold_from_split.py"",""--locations-path"",""${ARCHIVE_ROOT}/processed_datasets/primary/Vis9A_D7_spaim_effective4470/Locations.txt"",""--st-data"",""${ARCHIVE_ROOT}/processed_datasets/primary/Vis9A_D7_spaim_effective4470/Spatial_count.txt"",""--sc-data"",""${ARCHIVE_ROOT}/processed_datasets/primary/Vis9A_D7_spaim_effective4470/scRNA_count.txt"",""--gene-split-json"",""${FORMAL_RUN_ROOT}/inputs/Vis9A_D7_spaim_effective4470/fold4/mode_a_split.json"",""--train-gene-idx-path"",""${ARCHIVE_ROOT}/frozen_splits/primary/Vis9A_D7_spaim_effective4470/gene_index_masks/fold4_train_gene_idx.npy"",""--val-gene-idx-path"",""${ARCHIVE_ROOT}/frozen_splits/primary/Vis9A_D7_spaim_effective4470/gene_index_masks/fold4_val_gene_idx.npy"",""--test-gene-idx-path"",""${ARCHIVE_ROOT}/frozen_splits/primary/Vis9A_D7_spaim_effective4470/gene_index_masks/fold4_test_gene_idx.npy"",""--st-normalization-scope"",""train_genes"",""--model-gene-scope"",""train_indices"",""--device"",""cuda:0"",""--output-dir"",""${FORMAL_RUN_ROOT}/baselines/Tangram/Vis9A_D7_spaim_effective4470/fold4"",""--skip-adapter-metrics""]",be5c725d76e4e74e4714118fb32cbe90f5083d38bba3909eb853cd9eccf9272f,33553a6394a306c3f5a03dc99a3b6cdf27e9a7bd56202fe730d3c466d2f9b3d5,9c9fbb648a2debbb3400fd5d8dad55bb18c1a19d073077459ecbae490b2dc791,ca37cca345803631a6db534677fcf1390324e903f322c3692674b04b9badd5aa,0da07dfc5b528133dddbd3fe9ddbf9b282b61034b19ab5f4de7b9ca96f6c2f1c,2a53191f7351d8e88a4869f602852bcc1323835a717f178dfe86a051eebb1b8c,1c103fefb542a56adead736a68e00112100b512663b8d80695177b5aac4244a0,ad22251ab563eead95fba84943a05471a67c000e22c6f0756ac04c298ff43312,prediction_matrices/Vis9A_D7_spaim_effective4470/Tangram/fold4/prediction.npz,3f162f0ded8f91ea7d3391e32ee1d1f9ce4fd7d56b57528423833eb96f90218e,"[995,894]",True,True,False,,68c3d247b30da477d527979b5f09189ce644c20ae4b700cfa9eda402b288c163
TransImp__Cell2location_mouse_brain_ST8059048_shared12819__fold0,TransImp,Cell2location,Cell2location_mouse_brain_ST8059048_shared12819,Primary,0,A,completed,0,"[""python"",""${REPOSITORY_ROOT}/baseline/tranSpa-main/run_transpa_mhpr_fold_from_split.py"",""--locations-path"",""${ARCHIVE_ROOT}/processed_datasets/primary/Cell2location_mouse_brain_ST8059048_shared12819/Locations.txt"",""--st-data"",""${ARCHIVE_ROOT}/processed_datasets/primary/Cell2location_mouse_brain_ST8059048_shared12819/Spatial_count.txt"",""--sc-data"",""${ARCHIVE_ROOT}/processed_datasets/primary/Cell2location_mouse_brain_ST8059048_shared12819/scRNA_count.txt"",""--gene-split-json"",""${FORMAL_RUN_ROOT}/inputs/Cell2location_mouse_brain_ST8059048_shared12819/fold0/mode_a_split.json"",""--train-gene-idx-path"",""${ARCHIVE_ROOT}/frozen_splits/primary/Cell2location_mouse_brain_ST8059048_shared12819/gene_index_masks/fold0_train_gene_idx.npy"",""--val-gene-idx-path"",""${ARCHIVE_ROOT}/frozen_splits/primary/Cell2location_mouse_brain_ST8059048_shared12819/gene_index_masks/fold0_val_gene_idx.npy"",""--test-gene-idx-path"",""${ARCHIVE_ROOT}/frozen_splits/primary/Cell2location_mouse_brain_ST8059048_shared12819/gene_index_masks/fold0_test_gene_idx.npy"",""--st-normalization-scope"",""train_genes"",""--model-gene-scope"",""train_indices"",""--device"",""cuda:0"",""--output-dir"",""${FORMAL_RUN_ROOT}/baselines/TransImp/Cell2location_mouse_brain_ST8059048_shared12819/fold0"",""--skip-adapter-metrics""]",c3d0bba450d3c7d4b47f6d3b984a90c4a4f1907d5c326d6e8c3536a0c3866dde,33553a6394a306c3f5a03dc99a3b6cdf27e9a7bd56202fe730d3c466d2f9b3d5,8c7cf0f2cef7bfae57f2bd3846bc527a3dba2429ce561d51522497f07b5bc4e8,beb942b57e04f728580ccf6e584d0e9a51c978cb1123faea34506275bdb95999,8be16e884c5f68f03a6fb475dc8299852e76f195ca05fb177189a01317f510ed,33ac1c5e8b36e2610ec33736f195b6999892ed5d10145c5f34ac647d4f36fcb4,42132cf916c0a08eee0ac52bb15ddbae937f039dad0d804ddf1b9dd549a97cd8,5dfc53bcafedd953f805cd7252b464261a6eb85b9b90011906770d5e08e5f2dc,prediction_matrices/Cell2location_mouse_brain_ST8059048_shared12819/TransImp/fold0/prediction.npz,8353955784c8a9f5bbfa7ed3399c9b8ee2e9b11d3aa22022bc77cd3a82a82f9e,"[2987,2564]",True,True,False,none; fail closed on missing or misordered prediction axes,6a0b522d3ef3e8716db704cfc03cd2f568788c986dede4ee117a761c637cffe5
TransImp__Cell2location_mouse_brain_ST8059048_shared12819__fold1,TransImp,Cell2location,Cell2location_mouse_brain_ST8059048_shared12819,Primary,1,A,completed,0,"[""python"",""${REPOSITORY_ROOT}/baseline/tranSpa-main/run_transpa_mhpr_fold_from_split.py"",""--locations-path"",""${ARCHIVE_ROOT}/processed_datasets/primary/Cell2location_mouse_brain_ST8059048_shared12819/Locations.txt"",""--st-data"",""${ARCHIVE_ROOT}/processed_datasets/primary/Cell2location_mouse_brain_ST8059048_shared12819/Spatial_count.txt"",""--sc-data"",""${ARCHIVE_ROOT}/processed_datasets/primary/Cell2location_mouse_brain_ST8059048_shared12819/scRNA_count.txt"",""--gene-split-json"",""${FORMAL_RUN_ROOT}/inputs/Cell2location_mouse_brain_ST8059048_shared12819/fold1/mode_a_split.json"",""--train-gene-idx-path"",""${ARCHIVE_ROOT}/frozen_splits/primary/Cell2location_mouse_brain_ST8059048_shared12819/gene_index_masks/fold1_train_gene_idx.npy"",""--val-gene-idx-path"",""${ARCHIVE_ROOT}/frozen_splits/primary/Cell2location_mouse_brain_ST8059048_shared12819/gene_index_masks/fold1_val_gene_idx.npy"",""--test-gene-idx-path"",""${ARCHIVE_ROOT}/frozen_splits/primary/Cell2location_mouse_brain_ST8059048_shared12819/gene_index_masks/fold1_test_gene_idx.npy"",""--st-normalization-scope"",""train_genes"",""--model-gene-scope"",""train_indices"",""--device"",""cuda:0"",""--output-dir"",""${FORMAL_RUN_ROOT}/baselines/TransImp/Cell2location_mouse_brain_ST8059048_shared12819/fold1"",""--skip-adapter-metrics""]",c3d0bba450d3c7d4b47f6d3b984a90c4a4f1907d5c326d6e8c3536a0c3866dde,33553a6394a306c3f5a03dc99a3b6cdf27e9a7bd56202fe730d3c466d2f9b3d5,a9fcfe791fd491ec4358a0a5ee4901c6c010b3a8eb9a11ee30b06d87c9c3982c,0ff2bfa6a65f9e83e52a8633dfedaa8721c7dd857b0ea23ed7c37b79be869435,f6dca5be5a6b3cb7e9e4aa5929f525a7647889689a628bd343be7b52871e6541,3be41559f2cc15da3c7c65c9638c12bd53309ca07291f9c628802d4009a9fb2e,c93d5ceafd8a0113441c5b57ba7410060f22ab7eb635b1b4baf6890b8402eb81,29c350294a560bdba5d7a424542c406fe05344e779fd3dedaa1a506c33d8911a,prediction_matrices/Cell2location_mouse_brain_ST8059048_shared12819/TransImp/fold1/prediction.npz,52f5821bfcb542e94321938ae10fcdf735a2db15d10652dcff53389a5f771132,"[2987,2564]",True,True,False,none; fail closed on missing or misordered prediction axes,8259001c506e6e8434a47a88c4d04d02026bdab6dd0fe9dc7f93277dde95d775
TransImp__Cell2location_mouse_brain_ST8059048_shared12819__fold2,TransImp,Cell2location,Cell2location_mouse_brain_ST8059048_shared12819,Primary,2,A,completed,0,"[""python"",""${REPOSITORY_ROOT}/baseline/tranSpa-main/run_transpa_mhpr_fold_from_split.py"",""--locations-path"",""${ARCHIVE_ROOT}/processed_datasets/primary/Cell2location_mouse_brain_ST8059048_shared12819/Locations.txt"",""--st-data"",""${ARCHIVE_ROOT}/processed_datasets/primary/Cell2location_mouse_brain_ST8059048_shared12819/Spatial_count.txt"",""--sc-data"",""${ARCHIVE_ROOT}/processed_datasets/primary/Cell2location_mouse_brain_ST8059048_shared12819/scRNA_count.txt"",""--gene-split-json"",""${FORMAL_RUN_ROOT}/inputs/Cell2location_mouse_brain_ST8059048_shared12819/fold2/mode_a_split.json"",""--train-gene-idx-path"",""${ARCHIVE_ROOT}/frozen_splits/primary/Cell2location_mouse_brain_ST8059048_shared12819/gene_index_masks/fold2_train_gene_idx.npy"",""--val-gene-idx-path"",""${ARCHIVE_ROOT}/frozen_splits/primary/Cell2location_mouse_brain_ST8059048_shared12819/gene_index_masks/fold2_val_gene_idx.npy"",""--test-gene-idx-path"",""${ARCHIVE_ROOT}/frozen_splits/primary/Cell2location_mouse_brain_ST8059048_shared12819/gene_index_masks/fold2_test_gene_idx.npy"",""--st-normalization-scope"",""train_genes"",""--model-gene-scope"",""train_indices"",""--device"",""cuda:0"",""--output-dir"",""${FORMAL_RUN_ROOT}/baselines/TransImp/Cell2location_mouse_brain_ST8059048_shared12819/fold2"",""--skip-adapter-metrics""]",c3d0bba450d3c7d4b47f6d3b984a90c4a4f1907d5c326d6e8c3536a0c3866dde,33553a6394a306c3f5a03dc99a3b6cdf27e9a7bd56202fe730d3c466d2f9b3d5,819a27cbe0214bd4181e39e5f0a15edf6ff6cb633d68febb389e0b1df9681788,eefeca3f31c91967f8ecb2d8afa5e2b990aff18fd97bee4ff8d4eacb1becc0cb,3b1d1818321bb1aad27509a350d0d0f4236b98ab1907a6ae09ecca0423d2259b,7721049aa7985f166194f9815e2072dcc66d56def574ce6922057026da582c1c,388b0c2f32a30a09cd51e187b80065e4362646d4a53ba443db77cbf7f93849fe,b2e365dedb7e26314914dc83fb74fa97e1762b3110445ba1a0e04c0235682e18,prediction_matrices/Cell2location_mouse_brain_ST8059048_shared12819/TransImp/fold2/prediction.npz,cf5aef16c3c0834eb836bcfc03a052ee23743eeba85aaedaa0b70eaacdc44361,"[2987,2564]",True,True,False,none; fail closed on missing or misordered prediction axes,c85e6b25987555af6181344f8a41d60ccb199717e9a3dda6834ac62149e42cfa
TransImp__Cell2location_mouse_brain_ST8059048_shared12819__fold3,TransImp,Cell2location,Cell2location_mouse_brain_ST8059048_shared12819,Primary,3,A,completed,0,"[""python"",""${REPOSITORY_ROOT}/baseline/tranSpa-main/run_transpa_mhpr_fold_from_split.py"",""--locations-path"",""${ARCHIVE_ROOT}/processed_datasets/primary/Cell2location_mouse_brain_ST8059048_shared12819/Locations.txt"",""--st-data"",""${ARCHIVE_ROOT}/processed_datasets/primary/Cell2location_mouse_brain_ST8059048_shared12819/Spatial_count.txt"",""--sc-data"",""${ARCHIVE_ROOT}/processed_datasets/primary/Cell2location_mouse_brain_ST8059048_shared12819/scRNA_count.txt"",""--gene-split-json"",""${FORMAL_RUN_ROOT}/inputs/Cell2location_mouse_brain_ST8059048_shared12819/fold3/mode_a_split.json"",""--train-gene-idx-path"",""${ARCHIVE_ROOT}/frozen_splits/primary/Cell2location_mouse_brain_ST8059048_shared12819/gene_index_masks/fold3_train_gene_idx.npy"",""--val-gene-idx-path"",""${ARCHIVE_ROOT}/frozen_splits/primary/Cell2location_mouse_brain_ST8059048_shared12819/gene_index_masks/fold3_val_gene_idx.npy"",""--test-gene-idx-path"",""${ARCHIVE_ROOT}/frozen_splits/primary/Cell2location_mouse_brain_ST8059048_shared12819/gene_index_masks/fold3_test_gene_idx.npy"",""--st-normalization-scope"",""train_genes"",""--model-gene-scope"",""train_indices"",""--device"",""cuda:0"",""--output-dir"",""${FORMAL_RUN_ROOT}/baselines/TransImp/Cell2location_mouse_brain_ST8059048_shared12819/fold3"",""--skip-adapter-metrics""]",c3d0bba450d3c7d4b47f6d3b984a90c4a4f1907d5c326d6e8c3536a0c3866dde,33553a6394a306c3f5a03dc99a3b6cdf27e9a7bd56202fe730d3c466d2f9b3d5,9d4ebd250b1cda6ffbcbb2b29f1a5fe0f0980335235d843caac9acc18f982fef,c7bebc9fe0284c3c385d44872385f244da718a70f8cdf397c5247d8fbe1f010c,64626541e38ccc7934d048bf78aca7d206cedec5c245492d4a4e9f90d279bd51,087c62d320d0fc959472bab977f31c2ad218ecd12a29a42774d0da150fee820e,bf93b7e05806eb237fb160017302819f4014b724aa0cf5cc93b97e6126b7c19d,9fe7812aa15d1d9d293d6b6138dbd5666df6897e69a65fdd69e16797931425c1,prediction_matrices/Cell2location_mouse_brain_ST8059048_shared12819/TransImp/fold3/prediction.npz,a6b7311d283f1c3e636e50591a26de6529cd932765522930b5c601f9eb357035,"[2987,2564]",True,True,False,none; fail closed on missing or misordered prediction axes,b7700fb1e61b7e1cadbd9f5f07d179f72929653e11957b34902442187c715c6c
TransImp__Cell2location_mouse_brain_ST8059048_shared12819__fold4,TransImp,Cell2location,Cell2location_mouse_brain_ST8059048_shared12819,Primary,4,A,completed,0,"[""python"",""${REPOSITORY_ROOT}/baseline/tranSpa-main/run_transpa_mhpr_fold_from_split.py"",""--locations-path"",""${ARCHIVE_ROOT}/processed_datasets/primary/Cell2location_mouse_brain_ST8059048_shared12819/Locations.txt"",""--st-data"",""${ARCHIVE_ROOT}/processed_datasets/primary/Cell2location_mouse_brain_ST8059048_shared12819/Spatial_count.txt"",""--sc-data"",""${ARCHIVE_ROOT}/processed_datasets/primary/Cell2location_mouse_brain_ST8059048_shared12819/scRNA_count.txt"",""--gene-split-json"",""${FORMAL_RUN_ROOT}/inputs/Cell2location_mouse_brain_ST8059048_shared12819/fold4/mode_a_split.json"",""--train-gene-idx-path"",""${ARCHIVE_ROOT}/frozen_splits/primary/Cell2location_mouse_brain_ST8059048_shared12819/gene_index_masks/fold4_train_gene_idx.npy"",""--val-gene-idx-path"",""${ARCHIVE_ROOT}/frozen_splits/primary/Cell2location_mouse_brain_ST8059048_shared12819/gene_index_masks/fold4_val_gene_idx.npy"",""--test-gene-idx-path"",""${ARCHIVE_ROOT}/frozen_splits/primary/Cell2location_mouse_brain_ST8059048_shared12819/gene_index_masks/fold4_test_gene_idx.npy"",""--st-normalization-scope"",""train_genes"",""--model-gene-scope"",""train_indices"",""--device"",""cuda:0"",""--output-dir"",""${FORMAL_RUN_ROOT}/baselines/TransImp/Cell2location_mouse_brain_ST8059048_shared12819/fold4"",""--skip-adapter-metrics""]",c3d0bba450d3c7d4b47f6d3b984a90c4a4f1907d5c326d6e8c3536a0c3866dde,33553a6394a306c3f5a03dc99a3b6cdf27e9a7bd56202fe730d3c466d2f9b3d5,f3f8a6437f43a07906d1664c0aee3bb44e3e6880b56b293a9988889281f03a28,6466cbcee4a1936f8dbb07a0960d6d76f25aa44542edc491134ce7eec5ef37f1,cbfd99ddf09fc04cdd459900188deebf6aa01fb6772593727f2ff5fc584e637c,c7b76f6a2f506710a748a0a3a82d9f5a0cda55969fbdb712f1aa6fc562c45645,9e94e2499f4429b3086b9be011fd8b5ba1762f33507e11202bd4d64e0ae69f73,183af2b467967e0a071c7d786955cb6b1866554603c82e28d87242e320ee88ae,prediction_matrices/Cell2location_mouse_brain_ST8059048_shared12819/TransImp/fold4/prediction.npz,52026f7fce60886efa0178175373cb2f4158e7fcb36877feb838a7ff33e66d8d,"[2987,2563]",True,True,False,none; fail closed on missing or misordered prediction axes,26230515710ed432e73d605d5af1652ee2ed392626d89d4a969e0cae97d9d6b1
TransImp__HBC_shared16112__fold0,TransImp,HBC,HBC_shared16112,Primary,0,A,completed,0,"[""python"",""${REPOSITORY_ROOT}/baseline/tranSpa-main/run_transpa_mhpr_fold_from_split.py"",""--locations-path"",""${ARCHIVE_ROOT}/processed_datasets/primary/HBC_shared16112/Locations.txt"",""--st-data"",""${ARCHIVE_ROOT}/processed_datasets/primary/HBC_shared16112/Spatial_count.txt"",""--sc-data"",""${ARCHIVE_ROOT}/processed_datasets/primary/HBC_shared16112/scRNA_count.txt"",""--gene-split-json"",""${FORMAL_RUN_ROOT}/inputs/HBC_shared16112/fold0/mode_a_split.json"",""--train-gene-idx-path"",""${ARCHIVE_ROOT}/frozen_splits/primary/HBC_shared16112/gene_index_masks/fold0_train_gene_idx.npy"",""--val-gene-idx-path"",""${ARCHIVE_ROOT}/frozen_splits/primary/HBC_shared16112/gene_index_masks/fold0_val_gene_idx.npy"",""--test-gene-idx-path"",""${ARCHIVE_ROOT}/frozen_splits/primary/HBC_shared16112/gene_index_masks/fold0_test_gene_idx.npy"",""--st-normalization-scope"",""train_genes"",""--model-gene-scope"",""train_indices"",""--device"",""cuda:0"",""--output-dir"",""${FORMAL_RUN_ROOT}/baselines/TransImp/HBC_shared16112/fold0"",""--skip-adapter-metrics""]",c3d0bba450d3c7d4b47f6d3b984a90c4a4f1907d5c326d6e8c3536a0c3866dde,33553a6394a306c3f5a03dc99a3b6cdf27e9a7bd56202fe730d3c466d2f9b3d5,0e0f26aae7890412c874fec53e7b273bd0d4e46909eb9e1b4b88e1dc1a04c319,4ce4847e775e2d24b06c749fb149a6aaa2de40942e4a9f3777be9f3abb032977,ef83fab615edb32ce9bdae91286943e023e38ae1f7e97b8d48274757fb37f562,76af4f9935024e2ac1fd6186c7e99cf5c01d56ca5fcc023d47497d9581c10874,a3f4969b2064f41c0446caa29c91b0a0bd97fba5a7bb664ac4176083afeb2f85,c23d1cdd31b3678727a37c6d6ad44567ec1b694b95efda568baab1cbe98bc4c2,prediction_matrices/HBC_shared16112/TransImp/fold0/prediction.npz,a23cc5d18bdf55145ac453f6115ef226b4083c01772d97deae35ebf515c8834f,"[4784,3223]",True,True,False,none; fail closed on missing or misordered prediction axes,a199b257537e171a0de4e2f6436c504221ea618b52ccf5f69cb7b8b4c6ae0403
TransImp__HBC_shared16112__fold1,TransImp,HBC,HBC_shared16112,Primary,1,A,completed,0,"[""python"",""${REPOSITORY_ROOT}/baseline/tranSpa-main/run_transpa_mhpr_fold_from_split.py"",""--locations-path"",""${ARCHIVE_ROOT}/processed_datasets/primary/HBC_shared16112/Locations.txt"",""--st-data"",""${ARCHIVE_ROOT}/processed_datasets/primary/HBC_shared16112/Spatial_count.txt"",""--sc-data"",""${ARCHIVE_ROOT}/processed_datasets/primary/HBC_shared16112/scRNA_count.txt"",""--gene-split-json"",""${FORMAL_RUN_ROOT}/inputs/HBC_shared16112/fold1/mode_a_split.json"",""--train-gene-idx-path"",""${ARCHIVE_ROOT}/frozen_splits/primary/HBC_shared16112/gene_index_masks/fold1_train_gene_idx.npy"",""--val-gene-idx-path"",""${ARCHIVE_ROOT}/frozen_splits/primary/HBC_shared16112/gene_index_masks/fold1_val_gene_idx.npy"",""--test-gene-idx-path"",""${ARCHIVE_ROOT}/frozen_splits/primary/HBC_shared16112/gene_index_masks/fold1_test_gene_idx.npy"",""--st-normalization-scope"",""train_genes"",""--model-gene-scope"",""train_indices"",""--device"",""cuda:0"",""--output-dir"",""${FORMAL_RUN_ROOT}/baselines/TransImp/HBC_shared16112/fold1"",""--skip-adapter-metrics""]",c3d0bba450d3c7d4b47f6d3b984a90c4a4f1907d5c326d6e8c3536a0c3866dde,33553a6394a306c3f5a03dc99a3b6cdf27e9a7bd56202fe730d3c466d2f9b3d5,71f97ec07a1af8c1e9452b99db6b09896c76912c566cef2b722885ba7fd8ba68,f6691162c498f3137b20fa905f242e3aef94af9baae454a9ea793484f2681761,6e62bbad175f2aaa6df1e9bb647e7adcdeadc72591877ab28245dcbff0363b30,a360b611bda06d9e4cc17925d9e0e1215cdc6989f2b6546ba1020b48ff8867a4,89d348c106fe410e5bd6f85aff16a978bd38b4406b96ed490b0f54c877a22d06,f36ca2d852840ead85fdb27368f5b3644ab2c41b5bd2c7a82da9a38b2fda728e,prediction_matrices/HBC_shared16112/TransImp/fold1/prediction.npz,97955fb62bd6266bfc929116d3d57bebe8126a3dcffd7296958edc6b226d22b0,"[4784,3223]",True,True,False,none; fail closed on missing or misordered prediction axes,42764984650e86967b65cebd703cf29649463ac6051f151bd578ea1d4e6fd763
TransImp__HBC_shared16112__fold2,TransImp,HBC,HBC_shared16112,Primary,2,A,completed,0,"[""python"",""${REPOSITORY_ROOT}/baseline/tranSpa-main/run_transpa_mhpr_fold_from_split.py"",""--locations-path"",""${ARCHIVE_ROOT}/processed_datasets/primary/HBC_shared16112/Locations.txt"",""--st-data"",""${ARCHIVE_ROOT}/processed_datasets/primary/HBC_shared16112/Spatial_count.txt"",""--sc-data"",""${ARCHIVE_ROOT}/processed_datasets/primary/HBC_shared16112/scRNA_count.txt"",""--gene-split-json"",""${FORMAL_RUN_ROOT}/inputs/HBC_shared16112/fold2/mode_a_split.json"",""--train-gene-idx-path"",""${ARCHIVE_ROOT}/frozen_splits/primary/HBC_shared16112/gene_index_masks/fold2_train_gene_idx.npy"",""--val-gene-idx-path"",""${ARCHIVE_ROOT}/frozen_splits/primary/HBC_shared16112/gene_index_masks/fold2_val_gene_idx.npy"",""--test-gene-idx-path"",""${ARCHIVE_ROOT}/frozen_splits/primary/HBC_shared16112/gene_index_masks/fold2_test_gene_idx.npy"",""--st-normalization-scope"",""train_genes"",""--model-gene-scope"",""train_indices"",""--device"",""cuda:0"",""--output-dir"",""${FORMAL_RUN_ROOT}/baselines/TransImp/HBC_shared16112/fold2"",""--skip-adapter-metrics""]",c3d0bba450d3c7d4b47f6d3b984a90c4a4f1907d5c326d6e8c3536a0c3866dde,33553a6394a306c3f5a03dc99a3b6cdf27e9a7bd56202fe730d3c466d2f9b3d5,3151e7d7ecb1e6a766ccd9b8426b8cbd41bd28c195af49f220ada555888a0691,74e6b6d0a2308db90c59d08f6a9d95a2ea8ce510f160c4623ea4e6e171218d81,5615efb74616d0c80e8435991868790245143020fc88e691e677355667146182,cd66c3485da98b37730a74b6241945037566355ecfdb478262f3db6fd5fcd041,c3be12018dc6417829a992c180042316326aa1dee1f67df43376122d443c03dc,a69940dcf70af3baf85f0095d22de466b98d40fd691c4a9401be085ea300ae30,prediction_matrices/HBC_shared16112/TransImp/fold2/prediction.npz,8c4467a196b9c2e6cc7927d2af37bc3cc1f8e16097d9f8a1febbde4bea1881fd,"[4784,3222]",True,True,False,none; fail closed on missing or misordered prediction axes,cfc3d5a78290fb1c048a93f91e2ac836340eb74951ee5f48bc1a0bd425d4a613
TransImp__HBC_shared16112__fold3,TransImp,HBC,HBC_shared16112,Primary,3,A,completed,0,"[""python"",""${REPOSITORY_ROOT}/baseline/tranSpa-main/run_transpa_mhpr_fold_from_split.py"",""--locations-path"",""${ARCHIVE_ROOT}/processed_datasets/primary/HBC_shared16112/Locations.txt"",""--st-data"",""${ARCHIVE_ROOT}/processed_datasets/primary/HBC_shared16112/Spatial_count.txt"",""--sc-data"",""${ARCHIVE_ROOT}/processed_datasets/primary/HBC_shared16112/scRNA_count.txt"",""--gene-split-json"",""${FORMAL_RUN_ROOT}/inputs/HBC_shared16112/fold3/mode_a_split.json"",""--train-gene-idx-path"",""${ARCHIVE_ROOT}/frozen_splits/primary/HBC_shared16112/gene_index_masks/fold3_train_gene_idx.npy"",""--val-gene-idx-path"",""${ARCHIVE_ROOT}/frozen_splits/primary/HBC_shared16112/gene_index_masks/fold3_val_gene_idx.npy"",""--test-gene-idx-path"",""${ARCHIVE_ROOT}/frozen_splits/primary/HBC_shared16112/gene_index_masks/fold3_test_gene_idx.npy"",""--st-normalization-scope"",""train_genes"",""--model-gene-scope"",""train_indices"",""--device"",""cuda:0"",""--output-dir"",""${FORMAL_RUN_ROOT}/baselines/TransImp/HBC_shared16112/fold3"",""--skip-adapter-metrics""]",c3d0bba450d3c7d4b47f6d3b984a90c4a4f1907d5c326d6e8c3536a0c3866dde,33553a6394a306c3f5a03dc99a3b6cdf27e9a7bd56202fe730d3c466d2f9b3d5,0bc2fa14bfd07f7ad42c99d9ccb5bc7256321890bdc7632941f7c77e84ea201a,4d37be4bb433e1eb64d48e016818fdb19d7bb9cd109378daea424cafe05d95c8,9c7f0f0dfe9faea0e5c51061770d4b0f803b1cf356e515f5c0a80da7b27fd241,8087243cdb7b39691bdcc01fc15801c95fdcb9dec09222e50eab655048232c36,93256c82c034aaac186c28bd21d97e512d6827d756c1e1e95c1fa85812282c32,50d76fbb65eeb4bf8dd6a9c0b88b59a3e3b06ae58ab9ee3c8942cb6187bdc890,prediction_matrices/HBC_shared16112/TransImp/fold3/prediction.npz,4545998bef47dc68487b7859acfddecd335ac27e293e5b67f46d3c5fc2cd4a1b,"[4784,3222]",True,True,False,none; fail closed on missing or misordered prediction axes,83879a368692596b02fbdeee7fb0acbb03f17a355340aa2eddc138d494646c0b
TransImp__HBC_shared16112__fold4,TransImp,HBC,HBC_shared16112,Primary,4,A,completed,0,"[""python"",""${REPOSITORY_ROOT}/baseline/tranSpa-main/run_transpa_mhpr_fold_from_split.py"",""--locations-path"",""${ARCHIVE_ROOT}/processed_datasets/primary/HBC_shared16112/Locations.txt"",""--st-data"",""${ARCHIVE_ROOT}/processed_datasets/primary/HBC_shared16112/Spatial_count.txt"",""--sc-data"",""${ARCHIVE_ROOT}/processed_datasets/primary/HBC_shared16112/scRNA_count.txt"",""--gene-split-json"",""${FORMAL_RUN_ROOT}/inputs/HBC_shared16112/fold4/mode_a_split.json"",""--train-gene-idx-path"",""${ARCHIVE_ROOT}/frozen_splits/primary/HBC_shared16112/gene_index_masks/fold4_train_gene_idx.npy"",""--val-gene-idx-path"",""${ARCHIVE_ROOT}/frozen_splits/primary/HBC_shared16112/gene_index_masks/fold4_val_gene_idx.npy"",""--test-gene-idx-path"",""${ARCHIVE_ROOT}/frozen_splits/primary/HBC_shared16112/gene_index_masks/fold4_test_gene_idx.npy"",""--st-normalization-scope"",""train_genes"",""--model-gene-scope"",""train_indices"",""--device"",""cuda:0"",""--output-dir"",""${FORMAL_RUN_ROOT}/baselines/TransImp/HBC_shared16112/fold4"",""--skip-adapter-metrics""]",c3d0bba450d3c7d4b47f6d3b984a90c4a4f1907d5c326d6e8c3536a0c3866dde,33553a6394a306c3f5a03dc99a3b6cdf27e9a7bd56202fe730d3c466d2f9b3d5,50bc08f08312203728bb423118610a20c20a57b61172cbd65f473ec37f4e5725,b37dc409f10071fda19e0442700e7b9e421adb325c90962e47529d74a2cc35c8,49d83a99de196efa3c7e88b1a6d9273297f2353ce77ce82098a58f7e174a4b41,e14a2a75568077bd2411444d4cfc8f92b7bee577016a75c237de095a7922c328,e1c31c594a974e5f60b55ac5c075aa29b463436e11c5fb1f9762ce7f9b0f78ae,b52aa47a5752ab22e5d9c9c02d3ecceb572573dbcf2d9b3da98956c0f695328f,prediction_matrices/HBC_shared16112/TransImp/fold4/prediction.npz,758f7842203040fb076fc00bf61f9ab9600382f229d93284a0540ed8c563ca88,"[4784,3222]",True,True,False,none; fail closed on missing or misordered prediction axes,97f04be4089f0ab17ee4755f4025bf1b1dbc6825e5dcbd21d4ca084cecb20a96
TransImp__MHPR_current_panel__fold0,TransImp,MHPR,MHPR_current_panel,Cross-platform,0,A,completed,0,"[""python"",""${REPOSITORY_ROOT}/baseline/tranSpa-main/run_transpa_mhpr_fold_from_split.py"",""--locations-path"",""${ARCHIVE_ROOT}/processed_datasets/cross_platform/MHPR_current_panel/Locations.txt"",""--st-data"",""${ARCHIVE_ROOT}/processed_datasets/cross_platform/MHPR_current_panel/Spatial_count.txt"",""--sc-data"",""${ARCHIVE_ROOT}/processed_datasets/cross_platform/MHPR_current_panel/scRNA_count.txt"",""--gene-split-json"",""${FORMAL_RUN_ROOT}/inputs/MHPR_current_panel/fold0/mode_a_split.json"",""--train-gene-idx-path"",""${ARCHIVE_ROOT}/frozen_splits/cross_platform/MHPR_current_panel/gene_index_masks/fold0_train_gene_idx.npy"",""--val-gene-idx-path"",""${ARCHIVE_ROOT}/frozen_splits/cross_platform/MHPR_current_panel/gene_index_masks/fold0_val_gene_idx.npy"",""--test-gene-idx-path"",""${ARCHIVE_ROOT}/frozen_splits/cross_platform/MHPR_current_panel/gene_index_masks/fold0_test_gene_idx.npy"",""--st-normalization-scope"",""train_genes"",""--model-gene-scope"",""train_indices"",""--device"",""cuda:0"",""--output-dir"",""${FORMAL_RUN_ROOT}/baselines/TransImp/MHPR_current_panel/fold0"",""--skip-adapter-metrics""]",c3d0bba450d3c7d4b47f6d3b984a90c4a4f1907d5c326d6e8c3536a0c3866dde,33553a6394a306c3f5a03dc99a3b6cdf27e9a7bd56202fe730d3c466d2f9b3d5,88c06464a227011265319ac81d1df782ceaf47b82ac8ef706886eeeb66da049f,b1013c6452a81457d697471e5d16a95d7094947e915b03dcd772d6b853773cdb,036cf336ecd09358235b422277280bb5af2ef8c6b8150a3d2cbd256c3c8e3cd7,d1f5df6226611de08ef70f86e141417a7813b9cfa1aea08cd70599a1a6873af8,ed629707929131f4452d80ef755d61748a77eca26575ffab67975613a82acee2,4ed1c64fc2a3ef0c8d18a5c4f70bae4b406a0aaf9b618f91c7c85e0ead075f5a,prediction_matrices/MHPR_current_panel/TransImp/fold0/prediction.npz,f9fbe76593526882d9e8b303b488ef58c866113c408ba23bf4ec70bece3b5c82,"[4975,31]",True,True,False,none; fail closed on missing or misordered prediction axes,d308704c39b5c619d6fd9a5018a585b4e3e7b16a01f145a3e5c4baf83c3832e9
TransImp__MHPR_current_panel__fold1,TransImp,MHPR,MHPR_current_panel,Cross-platform,1,A,completed,0,"[""python"",""${REPOSITORY_ROOT}/baseline/tranSpa-main/run_transpa_mhpr_fold_from_split.py"",""--locations-path"",""${ARCHIVE_ROOT}/processed_datasets/cross_platform/MHPR_current_panel/Locations.txt"",""--st-data"",""${ARCHIVE_ROOT}/processed_datasets/cross_platform/MHPR_current_panel/Spatial_count.txt"",""--sc-data"",""${ARCHIVE_ROOT}/processed_datasets/cross_platform/MHPR_current_panel/scRNA_count.txt"",""--gene-split-json"",""${FORMAL_RUN_ROOT}/inputs/MHPR_current_panel/fold1/mode_a_split.json"",""--train-gene-idx-path"",""${ARCHIVE_ROOT}/frozen_splits/cross_platform/MHPR_current_panel/gene_index_masks/fold1_train_gene_idx.npy"",""--val-gene-idx-path"",""${ARCHIVE_ROOT}/frozen_splits/cross_platform/MHPR_current_panel/gene_index_masks/fold1_val_gene_idx.npy"",""--test-gene-idx-path"",""${ARCHIVE_ROOT}/frozen_splits/cross_platform/MHPR_current_panel/gene_index_masks/fold1_test_gene_idx.npy"",""--st-normalization-scope"",""train_genes"",""--model-gene-scope"",""train_indices"",""--device"",""cuda:0"",""--output-dir"",""${FORMAL_RUN_ROOT}/baselines/TransImp/MHPR_current_panel/fold1"",""--skip-adapter-metrics""]",c3d0bba450d3c7d4b47f6d3b984a90c4a4f1907d5c326d6e8c3536a0c3866dde,33553a6394a306c3f5a03dc99a3b6cdf27e9a7bd56202fe730d3c466d2f9b3d5,5c9079c4cd895b805b49631debcc173b16b49adc073be4378d6220c030378a98,cdaccae0f261ae3028bb083740e7054f05af1d3498073aeafc42424573c79163,66647b4201235c7b617440f8db9d692294860c6329ebcbee5be7f3814d2afcad,8d4cd1eab34edcd141c4f91b151cc22825e8305d3dfd2ed1f2ffd6cd7df6cfde,9e4ad9b4be9a7f00c6282edfe62bd299d16fdded750f44204f0fadbfddc53e79,8c2397d18473464d221ccd1436017f5089a4411aa20cad678761860bebbd0024,prediction_matrices/MHPR_current_panel/TransImp/fold1/prediction.npz,b569db9b17d377524fe1726b32567c09b764112d5f9cab8ba8f7f795cd66b566,"[4975,31]",True,True,False,none; fail closed on missing or misordered prediction axes,542ce053eaa59e04fe80167d4fc2a93a2920db8d1134cced8450f4d22e8e3e36
TransImp__MHPR_current_panel__fold2,TransImp,MHPR,MHPR_current_panel,Cross-platform,2,A,completed,0,"[""python"",""${REPOSITORY_ROOT}/baseline/tranSpa-main/run_transpa_mhpr_fold_from_split.py"",""--locations-path"",""${ARCHIVE_ROOT}/processed_datasets/cross_platform/MHPR_current_panel/Locations.txt"",""--st-data"",""${ARCHIVE_ROOT}/processed_datasets/cross_platform/MHPR_current_panel/Spatial_count.txt"",""--sc-data"",""${ARCHIVE_ROOT}/processed_datasets/cross_platform/MHPR_current_panel/scRNA_count.txt"",""--gene-split-json"",""${FORMAL_RUN_ROOT}/inputs/MHPR_current_panel/fold2/mode_a_split.json"",""--train-gene-idx-path"",""${ARCHIVE_ROOT}/frozen_splits/cross_platform/MHPR_current_panel/gene_index_masks/fold2_train_gene_idx.npy"",""--val-gene-idx-path"",""${ARCHIVE_ROOT}/frozen_splits/cross_platform/MHPR_current_panel/gene_index_masks/fold2_val_gene_idx.npy"",""--test-gene-idx-path"",""${ARCHIVE_ROOT}/frozen_splits/cross_platform/MHPR_current_panel/gene_index_masks/fold2_test_gene_idx.npy"",""--st-normalization-scope"",""train_genes"",""--model-gene-scope"",""train_indices"",""--device"",""cuda:0"",""--output-dir"",""${FORMAL_RUN_ROOT}/baselines/TransImp/MHPR_current_panel/fold2"",""--skip-adapter-metrics""]",c3d0bba450d3c7d4b47f6d3b984a90c4a4f1907d5c326d6e8c3536a0c3866dde,33553a6394a306c3f5a03dc99a3b6cdf27e9a7bd56202fe730d3c466d2f9b3d5,18f8beef8ffb0a6d35ce536491219a7998307d30c8fee10f162651d396429570,36b6136dea102190c0950e32ebed39e3aebda797f8957f6de7e6dca47a3f4f01,dbe544ae48f8e2cb64e05d3c7c309d66b0b7537f0fa55c7bb2b02ad4b50501c6,2d273bf06f4078fdea1e259f1c801b2ef4318606b47cc65b5870ff21fa72a804,a0b1a4dbe6006bc6b05e566f3eaba86d949fa267e8d1b826c85c679aef3547ea,2a6cec76890d02669c37290e508223d036384ab15a1cd25e79bfc588adbebe44,prediction_matrices/MHPR_current_panel/TransImp/fold2/prediction.npz,cfffc70b7022c32ec990c2322cd127895ccfed6e7df5c7e6df6e4807abd84058,"[4975,31]",True,True,False,none; fail closed on missing or misordered prediction axes,a1b38233c69776871ba65baa1651d3f1e053e6bd458e3d2d940ea1fedbd8f85e
TransImp__MHPR_current_panel__fold3,TransImp,MHPR,MHPR_current_panel,Cross-platform,3,A,completed,0,"[""python"",""${REPOSITORY_ROOT}/baseline/tranSpa-main/run_transpa_mhpr_fold_from_split.py"",""--locations-path"",""${ARCHIVE_ROOT}/processed_datasets/cross_platform/MHPR_current_panel/Locations.txt"",""--st-data"",""${ARCHIVE_ROOT}/processed_datasets/cross_platform/MHPR_current_panel/Spatial_count.txt"",""--sc-data"",""${ARCHIVE_ROOT}/processed_datasets/cross_platform/MHPR_current_panel/scRNA_count.txt"",""--gene-split-json"",""${FORMAL_RUN_ROOT}/inputs/MHPR_current_panel/fold3/mode_a_split.json"",""--train-gene-idx-path"",""${ARCHIVE_ROOT}/frozen_splits/cross_platform/MHPR_current_panel/gene_index_masks/fold3_train_gene_idx.npy"",""--val-gene-idx-path"",""${ARCHIVE_ROOT}/frozen_splits/cross_platform/MHPR_current_panel/gene_index_masks/fold3_val_gene_idx.npy"",""--test-gene-idx-path"",""${ARCHIVE_ROOT}/frozen_splits/cross_platform/MHPR_current_panel/gene_index_masks/fold3_test_gene_idx.npy"",""--st-normalization-scope"",""train_genes"",""--model-gene-scope"",""train_indices"",""--device"",""cuda:0"",""--output-dir"",""${FORMAL_RUN_ROOT}/baselines/TransImp/MHPR_current_panel/fold3"",""--skip-adapter-metrics""]",c3d0bba450d3c7d4b47f6d3b984a90c4a4f1907d5c326d6e8c3536a0c3866dde,33553a6394a306c3f5a03dc99a3b6cdf27e9a7bd56202fe730d3c466d2f9b3d5,032600e7141383b285e0b00b4f8ae913a261253051e00e1617b3a7a159d3e16a,b547a321d1bb96d7a0aee2f016c01e4bd3f33f84599086fcbe96b96aab4e82c2,819813850a652c4b813fe01a87a7759eeb7d8d3a8085f391bdd6cc38d13aff7b,34c1c41e981eab9baf313ba78926c91ca3f464ba230c9f5d418be25662ba257c,775f645deb4c9cffbc40b89fbb373d3472fedd26d806b37ed0317e971c1ed562,b3ac82f31e81a4d6d5063fc173342532150f1a3414804fe10d24aee9bc2d1b62,prediction_matrices/MHPR_current_panel/TransImp/fold3/prediction.npz,7c1ee9181df70124a003b6f8e972c1fdd727a5b9156cde85019ea5af7fb36e13,"[4975,31]",True,True,False,none; fail closed on missing or misordered prediction axes,e670fa98d594af48fc06f748e87e3f0565d4f10459c8a6265437be7746d8c60d
TransImp__MHPR_current_panel__fold4,TransImp,MHPR,MHPR_current_panel,Cross-platform,4,A,completed,0,"[""python"",""${REPOSITORY_ROOT}/baseline/tranSpa-main/run_transpa_mhpr_fold_from_split.py"",""--locations-path"",""${ARCHIVE_ROOT}/processed_datasets/cross_platform/MHPR_current_panel/Locations.txt"",""--st-data"",""${ARCHIVE_ROOT}/processed_datasets/cross_platform/MHPR_current_panel/Spatial_count.txt"",""--sc-data"",""${ARCHIVE_ROOT}/processed_datasets/cross_platform/MHPR_current_panel/scRNA_count.txt"",""--gene-split-json"",""${FORMAL_RUN_ROOT}/inputs/MHPR_current_panel/fold4/mode_a_split.json"",""--train-gene-idx-path"",""${ARCHIVE_ROOT}/frozen_splits/cross_platform/MHPR_current_panel/gene_index_masks/fold4_train_gene_idx.npy"",""--val-gene-idx-path"",""${ARCHIVE_ROOT}/frozen_splits/cross_platform/MHPR_current_panel/gene_index_masks/fold4_val_gene_idx.npy"",""--test-gene-idx-path"",""${ARCHIVE_ROOT}/frozen_splits/cross_platform/MHPR_current_panel/gene_index_masks/fold4_test_gene_idx.npy"",""--st-normalization-scope"",""train_genes"",""--model-gene-scope"",""train_indices"",""--device"",""cuda:0"",""--output-dir"",""${FORMAL_RUN_ROOT}/baselines/TransImp/MHPR_current_panel/fold4"",""--skip-adapter-metrics""]",c3d0bba450d3c7d4b47f6d3b984a90c4a4f1907d5c326d6e8c3536a0c3866dde,33553a6394a306c3f5a03dc99a3b6cdf27e9a7bd56202fe730d3c466d2f9b3d5,2edc342365a36b59532085681da940782cae4fe8f6a9d7f7f0a87ae7826833d4,d8f8baf97569d36d8d6bfe2975d2fd0dcc51d9838c36a795edd16d193fa75b72,630ab6844acb9b1628fa1acd63862d762f3a5c4858ef1bc878326eaa49195720,36e94f14a52ba7072ec3577607a028380bad125ec0cd9abfc43b5a4f0d5b72ca,9ceb30ff0c22706badf408211040c79a2c82c4452de521c612e447bf74c97224,06a9be1a625629c1048851d748edcaae108d4de35dc763d3541183b3e6abcdd0,prediction_matrices/MHPR_current_panel/TransImp/fold4/prediction.npz,a647baf8eb12c8c04029985cdeef1c797219885c5c991120c87535145ff8ebcc,"[4975,30]",True,True,False,none; fail closed on missing or misordered prediction axes,4d65ab7cd988c53f967ad9dbec8a661610b48e76f8cd5a9090051fe83a40d79b
TransImp__MVC_shared981__fold0,TransImp,MVC,MVC_shared981,Cross-platform,0,A,completed,0,"[""python"",""${REPOSITORY_ROOT}/baseline/tranSpa-main/run_transpa_mhpr_fold_from_split.py"",""--locations-path"",""${ARCHIVE_ROOT}/processed_datasets/cross_platform/MVC_shared981/Locations.txt"",""--st-data"",""${ARCHIVE_ROOT}/processed_datasets/cross_platform/MVC_shared981/Spatial_count.txt"",""--sc-data"",""${ARCHIVE_ROOT}/processed_datasets/cross_platform/MVC_shared981/scRNA_count.txt"",""--gene-split-json"",""${FORMAL_RUN_ROOT}/inputs/MVC_shared981/fold0/mode_a_split.json"",""--train-gene-idx-path"",""${ARCHIVE_ROOT}/frozen_splits/cross_platform/MVC_shared981/gene_index_masks/fold0_train_gene_idx.npy"",""--val-gene-idx-path"",""${ARCHIVE_ROOT}/frozen_splits/cross_platform/MVC_shared981/gene_index_masks/fold0_val_gene_idx.npy"",""--test-gene-idx-path"",""${ARCHIVE_ROOT}/frozen_splits/cross_platform/MVC_shared981/gene_index_masks/fold0_test_gene_idx.npy"",""--st-normalization-scope"",""train_genes"",""--model-gene-scope"",""train_indices"",""--device"",""cuda:0"",""--output-dir"",""${FORMAL_RUN_ROOT}/baselines/TransImp/MVC_shared981/fold0"",""--skip-adapter-metrics""]",c3d0bba450d3c7d4b47f6d3b984a90c4a4f1907d5c326d6e8c3536a0c3866dde,33553a6394a306c3f5a03dc99a3b6cdf27e9a7bd56202fe730d3c466d2f9b3d5,4d8cf81f2da455cfe6406adb6ccb216087eddf9c9311a579fdabd2c7a5bab84d,fd51ea78835fb458502afea4cb3a4bbc9c461892e3d00af94237cdfb1570de09,e13b4d402b33f67b774da78162302debfa455b61fe6f86b9733abc5c7e5dda84,2a0a247d83976ba2e1030bd5c96a487d966e7297f0ee11522805130e226afd87,916ab1d647e32b41b01ac7378b786d14930caad2df261690d515184b17938a3a,bf36293560c400e708dfc0326d80c5cd4bf50bd93f7c54c1fd49f6f62ecc6d79,prediction_matrices/MVC_shared981/TransImp/fold0/prediction.npz,770aa9c3f670a3b7529778e13403514880d8333d61a33cc50b1486ec6890acbe,"[1549,197]",True,True,False,none; fail closed on missing or misordered prediction axes,d7b260a110ff27d52b0ae3b3a6845e3d3b100f0b2504573d079372ecaaf680a5
TransImp__MVC_shared981__fold1,TransImp,MVC,MVC_shared981,Cross-platform,1,A,completed,0,"[""python"",""${REPOSITORY_ROOT}/baseline/tranSpa-main/run_transpa_mhpr_fold_from_split.py"",""--locations-path"",""${ARCHIVE_ROOT}/processed_datasets/cross_platform/MVC_shared981/Locations.txt"",""--st-data"",""${ARCHIVE_ROOT}/processed_datasets/cross_platform/MVC_shared981/Spatial_count.txt"",""--sc-data"",""${ARCHIVE_ROOT}/processed_datasets/cross_platform/MVC_shared981/scRNA_count.txt"",""--gene-split-json"",""${FORMAL_RUN_ROOT}/inputs/MVC_shared981/fold1/mode_a_split.json"",""--train-gene-idx-path"",""${ARCHIVE_ROOT}/frozen_splits/cross_platform/MVC_shared981/gene_index_masks/fold1_train_gene_idx.npy"",""--val-gene-idx-path"",""${ARCHIVE_ROOT}/frozen_splits/cross_platform/MVC_shared981/gene_index_masks/fold1_val_gene_idx.npy"",""--test-gene-idx-path"",""${ARCHIVE_ROOT}/frozen_splits/cross_platform/MVC_shared981/gene_index_masks/fold1_test_gene_idx.npy"",""--st-normalization-scope"",""train_genes"",""--model-gene-scope"",""train_indices"",""--device"",""cuda:0"",""--output-dir"",""${FORMAL_RUN_ROOT}/baselines/TransImp/MVC_shared981/fold1"",""--skip-adapter-metrics""]",c3d0bba450d3c7d4b47f6d3b984a90c4a4f1907d5c326d6e8c3536a0c3866dde,33553a6394a306c3f5a03dc99a3b6cdf27e9a7bd56202fe730d3c466d2f9b3d5,0308013d81c2a9b2d0588cd5e40cefa914703a6ffd3c82fc4c007a3e8f37ac74,e6d0a277402c3164aae9be18c2e3e46433caeaad47de1408cd5c85836144e7c5,7ff1afb47d001e939ddd56828d0d1f40961ed9511c91df3bfbf78ece89f7bccc,ff6362879a8601a45c7d9fd2faa475bc851dd64b083cc858bca5ccca7ca90236,3423d7211f569b0bdddae7695cf2833f98b0c917d3a589878cc18667c01471b3,fcfdf47de416cc1e3becfaf1f0e5dc327e423c782271d46e5b780436d0cb1972,prediction_matrices/MVC_shared981/TransImp/fold1/prediction.npz,1d2dad9b9103956ca9058bf609975fd1879eca1afb17a298733368ecc053e488,"[1549,196]",True,True,False,none; fail closed on missing or misordered prediction axes,3f05e48b38f866cdf6bec87778ffe2480a9cf15f0ffd4b1869b66a35affa99b0
TransImp__MVC_shared981__fold2,TransImp,MVC,MVC_shared981,Cross-platform,2,A,completed,0,"[""python"",""${REPOSITORY_ROOT}/baseline/tranSpa-main/run_transpa_mhpr_fold_from_split.py"",""--locations-path"",""${ARCHIVE_ROOT}/processed_datasets/cross_platform/MVC_shared981/Locations.txt"",""--st-data"",""${ARCHIVE_ROOT}/processed_datasets/cross_platform/MVC_shared981/Spatial_count.txt"",""--sc-data"",""${ARCHIVE_ROOT}/processed_datasets/cross_platform/MVC_shared981/scRNA_count.txt"",""--gene-split-json"",""${FORMAL_RUN_ROOT}/inputs/MVC_shared981/fold2/mode_a_split.json"",""--train-gene-idx-path"",""${ARCHIVE_ROOT}/frozen_splits/cross_platform/MVC_shared981/gene_index_masks/fold2_train_gene_idx.npy"",""--val-gene-idx-path"",""${ARCHIVE_ROOT}/frozen_splits/cross_platform/MVC_shared981/gene_index_masks/fold2_val_gene_idx.npy"",""--test-gene-idx-path"",""${ARCHIVE_ROOT}/frozen_splits/cross_platform/MVC_shared981/gene_index_masks/fold2_test_gene_idx.npy"",""--st-normalization-scope"",""train_genes"",""--model-gene-scope"",""train_indices"",""--device"",""cuda:0"",""--output-dir"",""${FORMAL_RUN_ROOT}/baselines/TransImp/MVC_shared981/fold2"",""--skip-adapter-metrics""]",c3d0bba450d3c7d4b47f6d3b984a90c4a4f1907d5c326d6e8c3536a0c3866dde,33553a6394a306c3f5a03dc99a3b6cdf27e9a7bd56202fe730d3c466d2f9b3d5,409f5e4ca865af20fd888fb8fab2ac907696c72fabfd6fb3c06786d0e63d8854,b40c12afce3b67ecba92704a0a951c9e6fef2ef0671305ec76b7d8476861ed92,dcae22805ae8d084c08e4fa95ea82ab517e79ee10dbc3eb14dd0042fae23e5ef,24a87ab148fbc9e0de303e7fc7a82a2752c43c5fbc6232ed7a91676389ea54f2,e01d4b5485642bc8ad58adc78bdf5aa9b16bb30436239fa8544d9a87b5c534a2,80f2fbf2173eb69182384ab201bd92369f37d0c51dd88de33613d040ce8e0f21,prediction_matrices/MVC_shared981/TransImp/fold2/prediction.npz,7dce8aad17a02ac4f9b06b6032421e99c2de870247db2e5e24f0edeba108c034,"[1549,196]",True,True,False,none; fail closed on missing or misordered prediction axes,d7c5112dd8cfb0c164cf3af5c5afe756e8bac9a56294d51a4de32922b162d860
TransImp__MVC_shared981__fold3,TransImp,MVC,MVC_shared981,Cross-platform,3,A,completed,0,"[""python"",""${REPOSITORY_ROOT}/baseline/tranSpa-main/run_transpa_mhpr_fold_from_split.py"",""--locations-path"",""${ARCHIVE_ROOT}/processed_datasets/cross_platform/MVC_shared981/Locations.txt"",""--st-data"",""${ARCHIVE_ROOT}/processed_datasets/cross_platform/MVC_shared981/Spatial_count.txt"",""--sc-data"",""${ARCHIVE_ROOT}/processed_datasets/cross_platform/MVC_shared981/scRNA_count.txt"",""--gene-split-json"",""${FORMAL_RUN_ROOT}/inputs/MVC_shared981/fold3/mode_a_split.json"",""--train-gene-idx-path"",""${ARCHIVE_ROOT}/frozen_splits/cross_platform/MVC_shared981/gene_index_masks/fold3_train_gene_idx.npy"",""--val-gene-idx-path"",""${ARCHIVE_ROOT}/frozen_splits/cross_platform/MVC_shared981/gene_index_masks/fold3_val_gene_idx.npy"",""--test-gene-idx-path"",""${ARCHIVE_ROOT}/frozen_splits/cross_platform/MVC_shared981/gene_index_masks/fold3_test_gene_idx.npy"",""--st-normalization-scope"",""train_genes"",""--model-gene-scope"",""train_indices"",""--device"",""cuda:0"",""--output-dir"",""${FORMAL_RUN_ROOT}/baselines/TransImp/MVC_shared981/fold3"",""--skip-adapter-metrics""]",c3d0bba450d3c7d4b47f6d3b984a90c4a4f1907d5c326d6e8c3536a0c3866dde,33553a6394a306c3f5a03dc99a3b6cdf27e9a7bd56202fe730d3c466d2f9b3d5,586494412198510f7448fdfdcd5c535f2e96a3d9d9e85517c725d6973b06848c,6145c42c490db4111898b10e11eb0daa6cebcf300a22394fb670a382dad8f813,1425084c4e7c845519523e37036bc42b8ac9533da9a30ff5be6f62c843752b4d,6957a76ea40579faed88b4cad0a816f7c9fba7a80614fa5dda9f27a79a70a8f2,f1dce41e4d6bb34c4bca4028c3ea2f443e81f5fe92c8d43df8a5c96b2f15af0b,9d3c84d10a88c3dea0fcbacafb312dcc6a2977aaea6c5fd11aad29ec71a0b1b2,prediction_matrices/MVC_shared981/TransImp/fold3/prediction.npz,38b1f7058f4bb7f6899d448fda5ce7f8cfc74066aef28fd7b1ba274ddc40ef4a,"[1549,196]",True,True,False,none; fail closed on missing or misordered prediction axes,a552870f66a9f15b88199694994b3edbebbd4a60089ec37339466b77fdd7fb3c
TransImp__MVC_shared981__fold4,TransImp,MVC,MVC_shared981,Cross-platform,4,A,completed,0,"[""python"",""${REPOSITORY_ROOT}/baseline/tranSpa-main/run_transpa_mhpr_fold_from_split.py"",""--locations-path"",""${ARCHIVE_ROOT}/processed_datasets/cross_platform/MVC_shared981/Locations.txt"",""--st-data"",""${ARCHIVE_ROOT}/processed_datasets/cross_platform/MVC_shared981/Spatial_count.txt"",""--sc-data"",""${ARCHIVE_ROOT}/processed_datasets/cross_platform/MVC_shared981/scRNA_count.txt"",""--gene-split-json"",""${FORMAL_RUN_ROOT}/inputs/MVC_shared981/fold4/mode_a_split.json"",""--train-gene-idx-path"",""${ARCHIVE_ROOT}/frozen_splits/cross_platform/MVC_shared981/gene_index_masks/fold4_train_gene_idx.npy"",""--val-gene-idx-path"",""${ARCHIVE_ROOT}/frozen_splits/cross_platform/MVC_shared981/gene_index_masks/fold4_val_gene_idx.npy"",""--test-gene-idx-path"",""${ARCHIVE_ROOT}/frozen_splits/cross_platform/MVC_shared981/gene_index_masks/fold4_test_gene_idx.npy"",""--st-normalization-scope"",""train_genes"",""--model-gene-scope"",""train_indices"",""--device"",""cuda:0"",""--output-dir"",""${FORMAL_RUN_ROOT}/baselines/TransImp/MVC_shared981/fold4"",""--skip-adapter-metrics""]",c3d0bba450d3c7d4b47f6d3b984a90c4a4f1907d5c326d6e8c3536a0c3866dde,33553a6394a306c3f5a03dc99a3b6cdf27e9a7bd56202fe730d3c466d2f9b3d5,95155822dab493c81eb9815003c251120c690d8ea40dfa3a34c51f163ab2df66,428b5cacc879ee3e17823533826bf5d6a16a829fa9f4e6ede9c289448c179836,4033983f2ebfe1a743129465918c9e575599898d94de129644e64e6a4167f8ca,5f93037186dbc03f636483499c304460dccbe25aecef666deb54237401207720,03481dabac99695db06f0d68c14912b633aff92de7253fbb5f4f5c94759e77d2,70e3eb87d9910c68e987963b865e255c02c56f8cbdfb92c6c78b7fa5c72d1c7f,prediction_matrices/MVC_shared981/TransImp/fold4/prediction.npz,31f77f4ab7e27551c25a7fc4691b0f6ed8f7d01af270223d40bc1d8475e778a8,"[1549,196]",True,True,False,none; fail closed on missing or misordered prediction axes,28014b2a00002037695f2a8f1c1ddf066f54d59fd0e261e94b3f99766808c059
TransImp__seqFISH_plus_cortex_svz_zeisel_sccortex_ref_shared10000__fold0,TransImp,seqFISH+,seqFISH_plus_cortex_svz_zeisel_sccortex_ref_shared10000,Cross-platform,0,A,completed,0,"[""python"",""${REPOSITORY_ROOT}/baseline/tranSpa-main/run_transpa_mhpr_fold_from_split.py"",""--locations-path"",""${ARCHIVE_ROOT}/processed_datasets/cross_platform/seqFISH_plus_cortex_svz_zeisel_sccortex_ref_shared10000/Locations.txt"",""--st-data"",""${ARCHIVE_ROOT}/processed_datasets/cross_platform/seqFISH_plus_cortex_svz_zeisel_sccortex_ref_shared10000/Spatial_count.txt"",""--sc-data"",""${ARCHIVE_ROOT}/processed_datasets/cross_platform/seqFISH_plus_cortex_svz_zeisel_sccortex_ref_shared10000/scRNA_count.txt"",""--gene-split-json"",""${FORMAL_RUN_ROOT}/inputs/seqFISH_plus_cortex_svz_zeisel_sccortex_ref_shared10000/fold0/mode_a_split.json"",""--train-gene-idx-path"",""${ARCHIVE_ROOT}/frozen_splits/cross_platform/seqFISH_plus_cortex_svz_zeisel_sccortex_ref_shared10000/gene_index_masks/fold0_train_gene_idx.npy"",""--val-gene-idx-path"",""${ARCHIVE_ROOT}/frozen_splits/cross_platform/seqFISH_plus_cortex_svz_zeisel_sccortex_ref_shared10000/gene_index_masks/fold0_val_gene_idx.npy"",""--test-gene-idx-path"",""${ARCHIVE_ROOT}/frozen_splits/cross_platform/seqFISH_plus_cortex_svz_zeisel_sccortex_ref_shared10000/gene_index_masks/fold0_test_gene_idx.npy"",""--st-normalization-scope"",""train_genes"",""--model-gene-scope"",""train_indices"",""--device"",""cuda:0"",""--output-dir"",""${FORMAL_RUN_ROOT}/baselines/TransImp/seqFISH_plus_cortex_svz_zeisel_sccortex_ref_shared10000/fold0"",""--skip-adapter-metrics""]",c3d0bba450d3c7d4b47f6d3b984a90c4a4f1907d5c326d6e8c3536a0c3866dde,33553a6394a306c3f5a03dc99a3b6cdf27e9a7bd56202fe730d3c466d2f9b3d5,b83683273232379e5ef54e490145875288691d17a2c60bdd236fd73aa7fbd2ed,3aa8216f0d982005ee069ed0046693aa04b43ab572993a9c2c297dbe85260d76,b2ad4978edd6130f418f6aa7403d688913ee07e7b0c34dcc87dbf893095dbbd2,1c4ab9ed33a900017d2f212b926eaca897818e638ba01c89afd5b9d6d5f90edd,84d41e5e87e846e03b5e2e539dd91adac3de8b4c71f35596b0ba46a4d6233315,fdb7500fa2bb263f0d8b09224762fced332dd5e30af01af9451e551801c9672f,prediction_matrices/seqFISH_plus_cortex_svz_zeisel_sccortex_ref_shared10000/TransImp/fold0/prediction.npz,d004c0dd99254b97a9d3b6f7caaf24ab1e9016069946ea7fbde8e9bf48954b10,"[913,2000]",True,True,False,none; fail closed on missing or misordered prediction axes,1f224734014d73ddb9b8dd6025d79ec1e78bba814311d11cd67eb1b9a7fc0ea1
TransImp__seqFISH_plus_cortex_svz_zeisel_sccortex_ref_shared10000__fold1,TransImp,seqFISH+,seqFISH_plus_cortex_svz_zeisel_sccortex_ref_shared10000,Cross-platform,1,A,completed,0,"[""python"",""${REPOSITORY_ROOT}/baseline/tranSpa-main/run_transpa_mhpr_fold_from_split.py"",""--locations-path"",""${ARCHIVE_ROOT}/processed_datasets/cross_platform/seqFISH_plus_cortex_svz_zeisel_sccortex_ref_shared10000/Locations.txt"",""--st-data"",""${ARCHIVE_ROOT}/processed_datasets/cross_platform/seqFISH_plus_cortex_svz_zeisel_sccortex_ref_shared10000/Spatial_count.txt"",""--sc-data"",""${ARCHIVE_ROOT}/processed_datasets/cross_platform/seqFISH_plus_cortex_svz_zeisel_sccortex_ref_shared10000/scRNA_count.txt"",""--gene-split-json"",""${FORMAL_RUN_ROOT}/inputs/seqFISH_plus_cortex_svz_zeisel_sccortex_ref_shared10000/fold1/mode_a_split.json"",""--train-gene-idx-path"",""${ARCHIVE_ROOT}/frozen_splits/cross_platform/seqFISH_plus_cortex_svz_zeisel_sccortex_ref_shared10000/gene_index_masks/fold1_train_gene_idx.npy"",""--val-gene-idx-path"",""${ARCHIVE_ROOT}/frozen_splits/cross_platform/seqFISH_plus_cortex_svz_zeisel_sccortex_ref_shared10000/gene_index_masks/fold1_val_gene_idx.npy"",""--test-gene-idx-path"",""${ARCHIVE_ROOT}/frozen_splits/cross_platform/seqFISH_plus_cortex_svz_zeisel_sccortex_ref_shared10000/gene_index_masks/fold1_test_gene_idx.npy"",""--st-normalization-scope"",""train_genes"",""--model-gene-scope"",""train_indices"",""--device"",""cuda:0"",""--output-dir"",""${FORMAL_RUN_ROOT}/baselines/TransImp/seqFISH_plus_cortex_svz_zeisel_sccortex_ref_shared10000/fold1"",""--skip-adapter-metrics""]",c3d0bba450d3c7d4b47f6d3b984a90c4a4f1907d5c326d6e8c3536a0c3866dde,33553a6394a306c3f5a03dc99a3b6cdf27e9a7bd56202fe730d3c466d2f9b3d5,e09ff76d1e95dfe6462ddabe4fc1b43bc78a921a76253cb4f820a06fbc0aae38,56d82c6723077ec761046a7a5518f5c80daa8cbdac40cef275a720f46f5625e9,bed8846fbf23aa04d574197e8258194ed0eb406644630c34924faee44f0b605f,14d63b0fdd2e64cf0905a8bde296274845b02828ab97df80d4ec725397f0ade8,31685efb9bb10958637520cbf0ba3549ad94beadf820f8ae56f3349b6b738748,2217f5cc534a1798df0cf6d7e69c4cb2cda741f0f5309115a7f9ae76bc01dd86,prediction_matrices/seqFISH_plus_cortex_svz_zeisel_sccortex_ref_shared10000/TransImp/fold1/prediction.npz,cf69d9057db350a7592057f05d807a042c6b6fc5334e7ba19f0aaf1b574e6848,"[913,2000]",True,True,False,none; fail closed on missing or misordered prediction axes,e7974616b58884a7f147347c318cb7431a419e62083c0f85b945cce062fc0754
TransImp__seqFISH_plus_cortex_svz_zeisel_sccortex_ref_shared10000__fold2,TransImp,seqFISH+,seqFISH_plus_cortex_svz_zeisel_sccortex_ref_shared10000,Cross-platform,2,A,completed,0,"[""python"",""${REPOSITORY_ROOT}/baseline/tranSpa-main/run_transpa_mhpr_fold_from_split.py"",""--locations-path"",""${ARCHIVE_ROOT}/processed_datasets/cross_platform/seqFISH_plus_cortex_svz_zeisel_sccortex_ref_shared10000/Locations.txt"",""--st-data"",""${ARCHIVE_ROOT}/processed_datasets/cross_platform/seqFISH_plus_cortex_svz_zeisel_sccortex_ref_shared10000/Spatial_count.txt"",""--sc-data"",""${ARCHIVE_ROOT}/processed_datasets/cross_platform/seqFISH_plus_cortex_svz_zeisel_sccortex_ref_shared10000/scRNA_count.txt"",""--gene-split-json"",""${FORMAL_RUN_ROOT}/inputs/seqFISH_plus_cortex_svz_zeisel_sccortex_ref_shared10000/fold2/mode_a_split.json"",""--train-gene-idx-path"",""${ARCHIVE_ROOT}/frozen_splits/cross_platform/seqFISH_plus_cortex_svz_zeisel_sccortex_ref_shared10000/gene_index_masks/fold2_train_gene_idx.npy"",""--val-gene-idx-path"",""${ARCHIVE_ROOT}/frozen_splits/cross_platform/seqFISH_plus_cortex_svz_zeisel_sccortex_ref_shared10000/gene_index_masks/fold2_val_gene_idx.npy"",""--test-gene-idx-path"",""${ARCHIVE_ROOT}/frozen_splits/cross_platform/seqFISH_plus_cortex_svz_zeisel_sccortex_ref_shared10000/gene_index_masks/fold2_test_gene_idx.npy"",""--st-normalization-scope"",""train_genes"",""--model-gene-scope"",""train_indices"",""--device"",""cuda:0"",""--output-dir"",""${FORMAL_RUN_ROOT}/baselines/TransImp/seqFISH_plus_cortex_svz_zeisel_sccortex_ref_shared10000/fold2"",""--skip-adapter-metrics""]",c3d0bba450d3c7d4b47f6d3b984a90c4a4f1907d5c326d6e8c3536a0c3866dde,33553a6394a306c3f5a03dc99a3b6cdf27e9a7bd56202fe730d3c466d2f9b3d5,59e0c055bc3ad9e6405d15260501692a3f41825ccf7249da79fd6f101f354c93,a31bf3f098f889838498df7b2de28c529fb22a642823859439d950cc7db6297e,71a3bf24740bc5f8173b29e93f872852c6eb6d1d7d6079b5bba7dec1a2079098,a609886100807a2a2dbed4a3938508d1655098f0799da4bd9859172200360197,aec0b83154264b04a0cd02ff49d39f69cacfc2f9ddc6554cecae2396a2a86c0c,258f4a0b2cf1114d3f84bdc296647aba0e9676b327dfd2a56657f8ec2e72269b,prediction_matrices/seqFISH_plus_cortex_svz_zeisel_sccortex_ref_shared10000/TransImp/fold2/prediction.npz,87e1ab5901afbe9ebe60b16c6167bb300a620bf6ec52c7cc2b2137c0419f2b13,"[913,2000]",True,True,False,none; fail closed on missing or misordered prediction axes,1b8efcba08d58945f9e49eb8eeaa061eb9011d61273fb0e5c8c6475afd27e874
TransImp__seqFISH_plus_cortex_svz_zeisel_sccortex_ref_shared10000__fold3,TransImp,seqFISH+,seqFISH_plus_cortex_svz_zeisel_sccortex_ref_shared10000,Cross-platform,3,A,completed,0,"[""python"",""${REPOSITORY_ROOT}/baseline/tranSpa-main/run_transpa_mhpr_fold_from_split.py"",""--locations-path"",""${ARCHIVE_ROOT}/processed_datasets/cross_platform/seqFISH_plus_cortex_svz_zeisel_sccortex_ref_shared10000/Locations.txt"",""--st-data"",""${ARCHIVE_ROOT}/processed_datasets/cross_platform/seqFISH_plus_cortex_svz_zeisel_sccortex_ref_shared10000/Spatial_count.txt"",""--sc-data"",""${ARCHIVE_ROOT}/processed_datasets/cross_platform/seqFISH_plus_cortex_svz_zeisel_sccortex_ref_shared10000/scRNA_count.txt"",""--gene-split-json"",""${FORMAL_RUN_ROOT}/inputs/seqFISH_plus_cortex_svz_zeisel_sccortex_ref_shared10000/fold3/mode_a_split.json"",""--train-gene-idx-path"",""${ARCHIVE_ROOT}/frozen_splits/cross_platform/seqFISH_plus_cortex_svz_zeisel_sccortex_ref_shared10000/gene_index_masks/fold3_train_gene_idx.npy"",""--val-gene-idx-path"",""${ARCHIVE_ROOT}/frozen_splits/cross_platform/seqFISH_plus_cortex_svz_zeisel_sccortex_ref_shared10000/gene_index_masks/fold3_val_gene_idx.npy"",""--test-gene-idx-path"",""${ARCHIVE_ROOT}/frozen_splits/cross_platform/seqFISH_plus_cortex_svz_zeisel_sccortex_ref_shared10000/gene_index_masks/fold3_test_gene_idx.npy"",""--st-normalization-scope"",""train_genes"",""--model-gene-scope"",""train_indices"",""--device"",""cuda:0"",""--output-dir"",""${FORMAL_RUN_ROOT}/baselines/TransImp/seqFISH_plus_cortex_svz_zeisel_sccortex_ref_shared10000/fold3"",""--skip-adapter-metrics""]",c3d0bba450d3c7d4b47f6d3b984a90c4a4f1907d5c326d6e8c3536a0c3866dde,33553a6394a306c3f5a03dc99a3b6cdf27e9a7bd56202fe730d3c466d2f9b3d5,831f0dde86f93e52814483d8d429e56a1a78292995590e1c5083ce45c5c8c340,89fbe3354c743b1cc5e333921d57f12542772df89bd3f27fd23054d9420003b6,ddfdd4a99b4697a909518a689eaee963c8784a5b9beea4ff82d637284e852380,9157e2d56b6c07bf6fc3a9d43e4d7b4f27115d00e8027fe14fc3405fb2b4a8e8,95890a2ef111a8f16462b80ad7ccae8385779de9381c33198b4cf49cc1d47b7b,db3853edf3b1f7e556513279a7897187eaeee75de5cb9b6486d83d2292e25a9a,prediction_matrices/seqFISH_plus_cortex_svz_zeisel_sccortex_ref_shared10000/TransImp/fold3/prediction.npz,1602934fc825300846d955ade76e4bb0bc947a499d88586a9325bbaa6d409027,"[913,2000]",True,True,False,none; fail closed on missing or misordered prediction axes,0c4c611cb4d4172c6bac484e4acff0c833c6d61e2dda2003350992d288ec27f3
TransImp__seqFISH_plus_cortex_svz_zeisel_sccortex_ref_shared10000__fold4,TransImp,seqFISH+,seqFISH_plus_cortex_svz_zeisel_sccortex_ref_shared10000,Cross-platform,4,A,completed,0,"[""python"",""${REPOSITORY_ROOT}/baseline/tranSpa-main/run_transpa_mhpr_fold_from_split.py"",""--locations-path"",""${ARCHIVE_ROOT}/processed_datasets/cross_platform/seqFISH_plus_cortex_svz_zeisel_sccortex_ref_shared10000/Locations.txt"",""--st-data"",""${ARCHIVE_ROOT}/processed_datasets/cross_platform/seqFISH_plus_cortex_svz_zeisel_sccortex_ref_shared10000/Spatial_count.txt"",""--sc-data"",""${ARCHIVE_ROOT}/processed_datasets/cross_platform/seqFISH_plus_cortex_svz_zeisel_sccortex_ref_shared10000/scRNA_count.txt"",""--gene-split-json"",""${FORMAL_RUN_ROOT}/inputs/seqFISH_plus_cortex_svz_zeisel_sccortex_ref_shared10000/fold4/mode_a_split.json"",""--train-gene-idx-path"",""${ARCHIVE_ROOT}/frozen_splits/cross_platform/seqFISH_plus_cortex_svz_zeisel_sccortex_ref_shared10000/gene_index_masks/fold4_train_gene_idx.npy"",""--val-gene-idx-path"",""${ARCHIVE_ROOT}/frozen_splits/cross_platform/seqFISH_plus_cortex_svz_zeisel_sccortex_ref_shared10000/gene_index_masks/fold4_val_gene_idx.npy"",""--test-gene-idx-path"",""${ARCHIVE_ROOT}/frozen_splits/cross_platform/seqFISH_plus_cortex_svz_zeisel_sccortex_ref_shared10000/gene_index_masks/fold4_test_gene_idx.npy"",""--st-normalization-scope"",""train_genes"",""--model-gene-scope"",""train_indices"",""--device"",""cuda:0"",""--output-dir"",""${FORMAL_RUN_ROOT}/baselines/TransImp/seqFISH_plus_cortex_svz_zeisel_sccortex_ref_shared10000/fold4"",""--skip-adapter-metrics""]",c3d0bba450d3c7d4b47f6d3b984a90c4a4f1907d5c326d6e8c3536a0c3866dde,33553a6394a306c3f5a03dc99a3b6cdf27e9a7bd56202fe730d3c466d2f9b3d5,ee5d620e6b4aca4233864e80eef0f4c5fbc968a3631c09742d24db6734c01be2,1d1a388ff7f28de7164d81a98ff815dff2b0c507c4b89b05b5993aa9bfd55176,c305556e632796fb348e127005b5d77633dce2fa7d893724fa96982db3894cd1,7000830c73ebc687febc8ebb90fef0559cbfbb6457044da694aa50f33c464c04,8cfabe5f497843bf4ff26af39080dc531cc9d86f1c715fb78fe0d49287048b71,48ff45cd94cf58b77c095e4f73f8c729106f8b6ea8bd8cf65e620b6cce2f2e7b,prediction_matrices/seqFISH_plus_cortex_svz_zeisel_sccortex_ref_shared10000/TransImp/fold4/prediction.npz,88b4382a35ef9b1c93454c8fb98bcbdb5944e70e38ac7e600fad29ff4e9b8696,"[913,2000]",True,True,False,none; fail closed on missing or misordered prediction axes,0a4b9f57761766fd5bfa1d56b06a56cbdbd4d708cd77fb690be70ec4110c0aca
TransImp__Vis9A_D7_spaim_effective4470__fold0,TransImp,Vis9A,Vis9A_D7_spaim_effective4470,Primary,0,A,completed,0,"[""python"",""${REPOSITORY_ROOT}/baseline/tranSpa-main/run_transpa_mhpr_fold_from_split.py"",""--locations-path"",""${ARCHIVE_ROOT}/processed_datasets/primary/Vis9A_D7_spaim_effective4470/Locations.txt"",""--st-data"",""${ARCHIVE_ROOT}/processed_datasets/primary/Vis9A_D7_spaim_effective4470/Spatial_count.txt"",""--sc-data"",""${ARCHIVE_ROOT}/processed_datasets/primary/Vis9A_D7_spaim_effective4470/scRNA_count.txt"",""--gene-split-json"",""${FORMAL_RUN_ROOT}/inputs/Vis9A_D7_spaim_effective4470/fold0/mode_a_split.json"",""--train-gene-idx-path"",""${ARCHIVE_ROOT}/frozen_splits/primary/Vis9A_D7_spaim_effective4470/gene_index_masks/fold0_train_gene_idx.npy"",""--val-gene-idx-path"",""${ARCHIVE_ROOT}/frozen_splits/primary/Vis9A_D7_spaim_effective4470/gene_index_masks/fold0_val_gene_idx.npy"",""--test-gene-idx-path"",""${ARCHIVE_ROOT}/frozen_splits/primary/Vis9A_D7_spaim_effective4470/gene_index_masks/fold0_test_gene_idx.npy"",""--st-normalization-scope"",""train_genes"",""--model-gene-scope"",""train_indices"",""--device"",""cuda:0"",""--output-dir"",""${FORMAL_RUN_ROOT}/baselines/TransImp/Vis9A_D7_spaim_effective4470/fold0"",""--skip-adapter-metrics""]",c3d0bba450d3c7d4b47f6d3b984a90c4a4f1907d5c326d6e8c3536a0c3866dde,33553a6394a306c3f5a03dc99a3b6cdf27e9a7bd56202fe730d3c466d2f9b3d5,e28b34038d4f5b8d0c0c8fae006db066438ee765f38dc6662c2cbfa3612a8281,8d9bfb6bb972df63b56d288cb9f316e54705e3dc77e9a0427020e55e22eae919,f3a1c16b35f56a534b109ced9d72a17e056c8cfd84d141203f5f02c58645329a,10242cc536b7baf55958ecddb9a560d87e64d1a0772a6c0f08d88f0a886d8644,7480af17ae915418113f18506d281e07455a1e057935768e13ca90d158185a03,0c04403a7b4f4217a4f95814c621b6b0bb1dc96cfec69c49239c060ddb1c5608,prediction_matrices/Vis9A_D7_spaim_effective4470/TransImp/fold0/prediction.npz,25a0b9599ebdf6b12d6f47c0b1987e8e60a305ecc5e2f10b85a1844cb84f705d,"[995,894]",True,True,False,none; fail closed on missing or misordered prediction axes,5833095d6d5eadc53a6ebb047fbe9931e6ac5ef77e15ef3a31f9673983250b4c
TransImp__Vis9A_D7_spaim_effective4470__fold1,TransImp,Vis9A,Vis9A_D7_spaim_effective4470,Primary,1,A,completed,0,"[""python"",""${REPOSITORY_ROOT}/baseline/tranSpa-main/run_transpa_mhpr_fold_from_split.py"",""--locations-path"",""${ARCHIVE_ROOT}/processed_datasets/primary/Vis9A_D7_spaim_effective4470/Locations.txt"",""--st-data"",""${ARCHIVE_ROOT}/processed_datasets/primary/Vis9A_D7_spaim_effective4470/Spatial_count.txt"",""--sc-data"",""${ARCHIVE_ROOT}/processed_datasets/primary/Vis9A_D7_spaim_effective4470/scRNA_count.txt"",""--gene-split-json"",""${FORMAL_RUN_ROOT}/inputs/Vis9A_D7_spaim_effective4470/fold1/mode_a_split.json"",""--train-gene-idx-path"",""${ARCHIVE_ROOT}/frozen_splits/primary/Vis9A_D7_spaim_effective4470/gene_index_masks/fold1_train_gene_idx.npy"",""--val-gene-idx-path"",""${ARCHIVE_ROOT}/frozen_splits/primary/Vis9A_D7_spaim_effective4470/gene_index_masks/fold1_val_gene_idx.npy"",""--test-gene-idx-path"",""${ARCHIVE_ROOT}/frozen_splits/primary/Vis9A_D7_spaim_effective4470/gene_index_masks/fold1_test_gene_idx.npy"",""--st-normalization-scope"",""train_genes"",""--model-gene-scope"",""train_indices"",""--device"",""cuda:0"",""--output-dir"",""${FORMAL_RUN_ROOT}/baselines/TransImp/Vis9A_D7_spaim_effective4470/fold1"",""--skip-adapter-metrics""]",c3d0bba450d3c7d4b47f6d3b984a90c4a4f1907d5c326d6e8c3536a0c3866dde,33553a6394a306c3f5a03dc99a3b6cdf27e9a7bd56202fe730d3c466d2f9b3d5,0907531dfe7158ad9471f37a089ad7994110b4854e6cd75ddb86fe41066b4fd9,74941a8e41d3c1489f5ac051143f644e604a41dc8ec8ff651cbef7dd699b9524,a313fa3424ae9537f07c50950271133408102f65620ec702f75dd114b8b88577,7fa16937da45bba58d41219305e839f81b56175454ef0db94a0ae529f68e5409,46c82b360e5dd491a62e06fe287cabbbb9ab55a291aff6a677d1cf559ab5e174,0f7bde27fa1bc726f6de4f702da490dd885a6e3fe4339182aba4119a31b5509f,prediction_matrices/Vis9A_D7_spaim_effective4470/TransImp/fold1/prediction.npz,95ac61d36b7f1ed1c922171e3896f4f924482b81eae407b4e35f4d429b5c9f68,"[995,894]",True,True,False,none; fail closed on missing or misordered prediction axes,5cfaf50c7073016612f796d47ed3d180479eaabe645652332c31b6185b46cc25
TransImp__Vis9A_D7_spaim_effective4470__fold2,TransImp,Vis9A,Vis9A_D7_spaim_effective4470,Primary,2,A,completed,0,"[""python"",""${REPOSITORY_ROOT}/baseline/tranSpa-main/run_transpa_mhpr_fold_from_split.py"",""--locations-path"",""${ARCHIVE_ROOT}/processed_datasets/primary/Vis9A_D7_spaim_effective4470/Locations.txt"",""--st-data"",""${ARCHIVE_ROOT}/processed_datasets/primary/Vis9A_D7_spaim_effective4470/Spatial_count.txt"",""--sc-data"",""${ARCHIVE_ROOT}/processed_datasets/primary/Vis9A_D7_spaim_effective4470/scRNA_count.txt"",""--gene-split-json"",""${FORMAL_RUN_ROOT}/inputs/Vis9A_D7_spaim_effective4470/fold2/mode_a_split.json"",""--train-gene-idx-path"",""${ARCHIVE_ROOT}/frozen_splits/primary/Vis9A_D7_spaim_effective4470/gene_index_masks/fold2_train_gene_idx.npy"",""--val-gene-idx-path"",""${ARCHIVE_ROOT}/frozen_splits/primary/Vis9A_D7_spaim_effective4470/gene_index_masks/fold2_val_gene_idx.npy"",""--test-gene-idx-path"",""${ARCHIVE_ROOT}/frozen_splits/primary/Vis9A_D7_spaim_effective4470/gene_index_masks/fold2_test_gene_idx.npy"",""--st-normalization-scope"",""train_genes"",""--model-gene-scope"",""train_indices"",""--device"",""cuda:0"",""--output-dir"",""${FORMAL_RUN_ROOT}/baselines/TransImp/Vis9A_D7_spaim_effective4470/fold2"",""--skip-adapter-metrics""]",c3d0bba450d3c7d4b47f6d3b984a90c4a4f1907d5c326d6e8c3536a0c3866dde,33553a6394a306c3f5a03dc99a3b6cdf27e9a7bd56202fe730d3c466d2f9b3d5,011e96b0da99b251e54cd84efd7fa86095ff89f2fd6ac9bf4e972e25791eb8b4,1a9cf15953f3bbef389ac43fa77d9baf9b30bc8da1f6b2867f455c1cc23abec8,716fad7064f06c21164d208724a2430d2607f6a0a308d056fc73d0083a29ab3a,d6af4a2437e5bbb53595e02be753d067346e001b9f253894f515998c19c1bcfa,171131c765a7dd984b0a392ab8c32d322a7a5c01d6a97cc995e2d5c67d30140d,77f9028d6e0eeea0899c6545e1a82df2d059ddfdce5142d18b69aaae3e558558,prediction_matrices/Vis9A_D7_spaim_effective4470/TransImp/fold2/prediction.npz,e50cdef1174dcc0df5fc956815752bc975b65cf3491dd8a9de82b5736f81c989,"[995,894]",True,True,False,none; fail closed on missing or misordered prediction axes,49ee17c48b6f774b9b150c3d60620914b3cc2dd60518cedeb9b2e3e17c27568c
TransImp__Vis9A_D7_spaim_effective4470__fold3,TransImp,Vis9A,Vis9A_D7_spaim_effective4470,Primary,3,A,completed,0,"[""python"",""${REPOSITORY_ROOT}/baseline/tranSpa-main/run_transpa_mhpr_fold_from_split.py"",""--locations-path"",""${ARCHIVE_ROOT}/processed_datasets/primary/Vis9A_D7_spaim_effective4470/Locations.txt"",""--st-data"",""${ARCHIVE_ROOT}/processed_datasets/primary/Vis9A_D7_spaim_effective4470/Spatial_count.txt"",""--sc-data"",""${ARCHIVE_ROOT}/processed_datasets/primary/Vis9A_D7_spaim_effective4470/scRNA_count.txt"",""--gene-split-json"",""${FORMAL_RUN_ROOT}/inputs/Vis9A_D7_spaim_effective4470/fold3/mode_a_split.json"",""--train-gene-idx-path"",""${ARCHIVE_ROOT}/frozen_splits/primary/Vis9A_D7_spaim_effective4470/gene_index_masks/fold3_train_gene_idx.npy"",""--val-gene-idx-path"",""${ARCHIVE_ROOT}/frozen_splits/primary/Vis9A_D7_spaim_effective4470/gene_index_masks/fold3_val_gene_idx.npy"",""--test-gene-idx-path"",""${ARCHIVE_ROOT}/frozen_splits/primary/Vis9A_D7_spaim_effective4470/gene_index_masks/fold3_test_gene_idx.npy"",""--st-normalization-scope"",""train_genes"",""--model-gene-scope"",""train_indices"",""--device"",""cuda:0"",""--output-dir"",""${FORMAL_RUN_ROOT}/baselines/TransImp/Vis9A_D7_spaim_effective4470/fold3"",""--skip-adapter-metrics""]",c3d0bba450d3c7d4b47f6d3b984a90c4a4f1907d5c326d6e8c3536a0c3866dde,33553a6394a306c3f5a03dc99a3b6cdf27e9a7bd56202fe730d3c466d2f9b3d5,da70bea4781d7b653b0e1372f0a45d907ec80f65a17ca15e01b01ddee22ab2a6,81adbcd321b5f4633fd86b28cbb5c4437d68d6a4d997e605fda827667afb68c3,d1a740dee74f81000d26555bc50f537d8fcb7bddcaeab61632bde6497e1390ce,37684f98f14b15f246da067cae7bf06fc0c704aa468fc31536c34de5e1cfcf3f,d55ef121d713cd02df05b594f535b51173615252a8f9a6e67d2b6cd966f3a48f,402a7f3949d219baeec3843788c4ae6f10e26d27eae56a0df015e47c33c99f08,prediction_matrices/Vis9A_D7_spaim_effective4470/TransImp/fold3/prediction.npz,c200b5aa534c17df8e52d7e52db221ced1eb869d6435b9baf03910b600bbf02b,"[995,894]",True,True,False,none; fail closed on missing or misordered prediction axes,a697faad77550b21cd90a1ed01a14ffa1870855d5dbc2a88b6de1ec79889580a
TransImp__Vis9A_D7_spaim_effective4470__fold4,TransImp,Vis9A,Vis9A_D7_spaim_effective4470,Primary,4,A,completed,0,"[""python"",""${REPOSITORY_ROOT}/baseline/tranSpa-main/run_transpa_mhpr_fold_from_split.py"",""--locations-path"",""${ARCHIVE_ROOT}/processed_datasets/primary/Vis9A_D7_spaim_effective4470/Locations.txt"",""--st-data"",""${ARCHIVE_ROOT}/processed_datasets/primary/Vis9A_D7_spaim_effective4470/Spatial_count.txt"",""--sc-data"",""${ARCHIVE_ROOT}/processed_datasets/primary/Vis9A_D7_spaim_effective4470/scRNA_count.txt"",""--gene-split-json"",""${FORMAL_RUN_ROOT}/inputs/Vis9A_D7_spaim_effective4470/fold4/mode_a_split.json"",""--train-gene-idx-path"",""${ARCHIVE_ROOT}/frozen_splits/primary/Vis9A_D7_spaim_effective4470/gene_index_masks/fold4_train_gene_idx.npy"",""--val-gene-idx-path"",""${ARCHIVE_ROOT}/frozen_splits/primary/Vis9A_D7_spaim_effective4470/gene_index_masks/fold4_val_gene_idx.npy"",""--test-gene-idx-path"",""${ARCHIVE_ROOT}/frozen_splits/primary/Vis9A_D7_spaim_effective4470/gene_index_masks/fold4_test_gene_idx.npy"",""--st-normalization-scope"",""train_genes"",""--model-gene-scope"",""train_indices"",""--device"",""cuda:0"",""--output-dir"",""${FORMAL_RUN_ROOT}/baselines/TransImp/Vis9A_D7_spaim_effective4470/fold4"",""--skip-adapter-metrics""]",c3d0bba450d3c7d4b47f6d3b984a90c4a4f1907d5c326d6e8c3536a0c3866dde,33553a6394a306c3f5a03dc99a3b6cdf27e9a7bd56202fe730d3c466d2f9b3d5,9c9fbb648a2debbb3400fd5d8dad55bb18c1a19d073077459ecbae490b2dc791,ca37cca345803631a6db534677fcf1390324e903f322c3692674b04b9badd5aa,0da07dfc5b528133dddbd3fe9ddbf9b282b61034b19ab5f4de7b9ca96f6c2f1c,2a53191f7351d8e88a4869f602852bcc1323835a717f178dfe86a051eebb1b8c,1c103fefb542a56adead736a68e00112100b512663b8d80695177b5aac4244a0,ab73d64ad8ec0d36bbcdc7e7cff1a7e0b3b327814425312b6e49efd52c1753b5,prediction_matrices/Vis9A_D7_spaim_effective4470/TransImp/fold4/prediction.npz,983375bc9e1d8c805fd561d3617d150b791318093ef50f9da07f8b47f2fb9c58,"[995,894]",True,True,False,none; fail closed on missing or misordered prediction axes,97cb58ae620bda34d24de7dcc553fef6a9e7626bc9d50ee1152b3ede93bc2bd4
