panel,dataset,dataset_id,fold,setting,control,model,source_kind,result_layer,readout,posthoc_calibration,matrix_scope,matrix_path,metadata_path,test_gene_idx_path,truth_path,gene_names_path,shape,dtype,compact_prediction_sha256,compact_prediction_bytes,metadata_sha256,test_gene_idx_sha256,source_prediction_relpath,source_prediction_sha256,source_prediction_array_sha256,truth_sha256,reported_SPCC,reported_RMSE,reported_JSD,reported_SSIM,reported_coverage
A,Vis9A,Vis9A_D7_spaim_effective4470,0,Correct,correct,mlp_pca32_softplus_correct,matched_gene_conditioned_baseline,figure3_a_descriptor_controls,identity,none,final_test_genes,mechanism_ablation_prediction_matrices/panel_a/Vis9A_D7_spaim_effective4470/correct/fold0/prediction.npz,mechanism_ablation_prediction_matrices/panel_a/Vis9A_D7_spaim_effective4470/correct/fold0/metadata.json,mechanism_ablation_prediction_matrices/panel_a/Vis9A_D7_spaim_effective4470/correct/fold0/test_gene_idx.npy,ground_truth_protocol_a/Vis9A_D7_spaim_effective4470/fold0/truth.npz,ground_truth/Vis9A_D7_spaim_effective4470/gene_names.txt,"[995,894]",float32,cd1093dc5ed13e1d3457a0e98ac1d8ca8ef3bbe665d17fcddbaeb4214b197f4a,3268337,3e6e6f16369ae73f2db4d32d6b74f28c0b4066848e20273e43b644e704703ead,7480af17ae915418113f18506d281e07455a1e057935768e13ca90d158185a03,genespt/benchmark/Vis9A_D7_spaim_effective4470/fold0/protocol_a_genespt_prediction_matrices/gc_mlp_base/fold0/prediction.npz,e563b614331ffa7ed34806b83d4f1ee47e914a45b0c49f2e91bb43f8bb0d033b,f2f1545c06ef1d96ceec0c3d8e300bda87aaa3af58c44f16462599783f5b3db1,52241b098e2ddeab4fbda5f7e06413349476b6619520502e6b6b492cf2c2dcbc,0.1876979189486263,1.3057449916481931,0.4728188221389939,0.0356764556804615,1.0
A,Vis9A,Vis9A_D7_spaim_effective4470,0,Permuted,permuted_labels,mlp_pca32_softplus_permuted_labels,formal_descriptor_only_control,figure3_a_descriptor_controls,identity,none,final_test_genes,mechanism_ablation_prediction_matrices/panel_a/Vis9A_D7_spaim_effective4470/permuted_labels/fold0/prediction.npz,mechanism_ablation_prediction_matrices/panel_a/Vis9A_D7_spaim_effective4470/permuted_labels/fold0/metadata.json,mechanism_ablation_prediction_matrices/panel_a/Vis9A_D7_spaim_effective4470/permuted_labels/fold0/test_gene_idx.npy,ground_truth_protocol_a/Vis9A_D7_spaim_effective4470/fold0/truth.npz,ground_truth/Vis9A_D7_spaim_effective4470/gene_names.txt,"[995,894]",float32,29d8daa4ae1fe75ceeba8755e2454d8e145201888166e430cfa62e8acfc6fc31,3196557,8142f37648151de025bc22fc08921d4c0cd68ea6409200f72993b3b55ed6483a,7480af17ae915418113f18506d281e07455a1e057935768e13ca90d158185a03,mechanism/figure3_a_descriptor_controls/fold0/permuted_labels/prediction.npz,4db324b7835df67a1199560ea94e13b30699e6b4fff679e08c941df509f2cc44,e216b6e1481f4f1bd6ec270eafdd42de6acc5999111ea8bb8da585fc08211cf3,52241b098e2ddeab4fbda5f7e06413349476b6619520502e6b6b492cf2c2dcbc,0.175818532415762,1.3188739257521311,0.4812148083378159,0.023074862517399,1.0
A,Vis9A,Vis9A_D7_spaim_effective4470,0,Random,random,mlp_pca32_softplus_random,formal_descriptor_only_control,figure3_a_descriptor_controls,identity,none,final_test_genes,mechanism_ablation_prediction_matrices/panel_a/Vis9A_D7_spaim_effective4470/random/fold0/prediction.npz,mechanism_ablation_prediction_matrices/panel_a/Vis9A_D7_spaim_effective4470/random/fold0/metadata.json,mechanism_ablation_prediction_matrices/panel_a/Vis9A_D7_spaim_effective4470/random/fold0/test_gene_idx.npy,ground_truth_protocol_a/Vis9A_D7_spaim_effective4470/fold0/truth.npz,ground_truth/Vis9A_D7_spaim_effective4470/gene_names.txt,"[995,894]",float32,d7870c6d67e45e732b30c2f4dd3619d5bd9f7396eaa56548db2bcec8ed354d7a,3236868,7ac9c23d1adfac476af80cf04080ff44b38468441274f4619f96de525ec8ce02,7480af17ae915418113f18506d281e07455a1e057935768e13ca90d158185a03,mechanism/figure3_a_descriptor_controls/fold0/random/prediction.npz,ee3a0c57f17d62955045891c07b0869c56d40ee0453f6ec1f911a3bbd07f0a21,765fa6cfe35fd08f34979ed98b4a1308c81a75ad254b7cba18716af2f8ae7bd0,52241b098e2ddeab4fbda5f7e06413349476b6619520502e6b6b492cf2c2dcbc,0.1750404720714103,1.318780014820266,0.479343495332403,0.0246899426295594,1.0
A,Vis9A,Vis9A_D7_spaim_effective4470,0,Shuffled,shuffled,mlp_pca32_softplus_shuffled,formal_descriptor_only_control,figure3_a_descriptor_controls,identity,none,final_test_genes,mechanism_ablation_prediction_matrices/panel_a/Vis9A_D7_spaim_effective4470/shuffled/fold0/prediction.npz,mechanism_ablation_prediction_matrices/panel_a/Vis9A_D7_spaim_effective4470/shuffled/fold0/metadata.json,mechanism_ablation_prediction_matrices/panel_a/Vis9A_D7_spaim_effective4470/shuffled/fold0/test_gene_idx.npy,ground_truth_protocol_a/Vis9A_D7_spaim_effective4470/fold0/truth.npz,ground_truth/Vis9A_D7_spaim_effective4470/gene_names.txt,"[995,894]",float32,7bc5791502f6a9829f0bb5f33768031af202ff3d11489b1a736df2d288690bf7,3121861,645f5271141dcee751ed8ffe714597a8109e0dd80f64fc8ae87c36acb4692b4d,7480af17ae915418113f18506d281e07455a1e057935768e13ca90d158185a03,mechanism/figure3_a_descriptor_controls/fold0/shuffled/prediction.npz,984790afb61aa0a683e80445ffdabb198f58aa95251ca4ad547122d4534c915c,2adf449f8070a597cb5340cd47adadf8cc9cc0058d2805a86ae891dda88eb9e6,52241b098e2ddeab4fbda5f7e06413349476b6619520502e6b6b492cf2c2dcbc,0.17708942279142,1.31879362896659,0.4835520307415329,0.0207274523211302,1.0
A,Vis9A,Vis9A_D7_spaim_effective4470,1,Correct,correct,mlp_pca32_softplus_correct,matched_gene_conditioned_baseline,figure3_a_descriptor_controls,identity,none,final_test_genes,mechanism_ablation_prediction_matrices/panel_a/Vis9A_D7_spaim_effective4470/correct/fold1/prediction.npz,mechanism_ablation_prediction_matrices/panel_a/Vis9A_D7_spaim_effective4470/correct/fold1/metadata.json,mechanism_ablation_prediction_matrices/panel_a/Vis9A_D7_spaim_effective4470/correct/fold1/test_gene_idx.npy,ground_truth_protocol_a/Vis9A_D7_spaim_effective4470/fold1/truth.npz,ground_truth/Vis9A_D7_spaim_effective4470/gene_names.txt,"[995,894]",float32,0e7caa1d3dad9d3d7da4a5b268ca3740912ae2a5362c52309d4740196744b09e,3261916,5222437f09c37f3f4e57025e710f04e2228d51be85a85e169830830c85dfcc2c,46c82b360e5dd491a62e06fe287cabbbb9ab55a291aff6a677d1cf559ab5e174,genespt/benchmark/Vis9A_D7_spaim_effective4470/fold1/protocol_a_genespt_prediction_matrices/gc_mlp_base/fold1/prediction.npz,4740b758b70223ff89178f358a48aad5a1f726cfcf453d14a66ada9ad1bd4f3f,e56dd364f5fa08e01dfae571fcbe60bee4963c67fbbb7a68dcec39160acac805,54433fb86021e584309c12afc71860af73aa7c39c0bc58f9dc37d566918afce2,0.192562002521587,1.2991916195545858,0.4637628450674831,0.0363648289094772,1.0
A,Vis9A,Vis9A_D7_spaim_effective4470,1,Permuted,permuted_labels,mlp_pca32_softplus_permuted_labels,formal_descriptor_only_control,figure3_a_descriptor_controls,identity,none,final_test_genes,mechanism_ablation_prediction_matrices/panel_a/Vis9A_D7_spaim_effective4470/permuted_labels/fold1/prediction.npz,mechanism_ablation_prediction_matrices/panel_a/Vis9A_D7_spaim_effective4470/permuted_labels/fold1/metadata.json,mechanism_ablation_prediction_matrices/panel_a/Vis9A_D7_spaim_effective4470/permuted_labels/fold1/test_gene_idx.npy,ground_truth_protocol_a/Vis9A_D7_spaim_effective4470/fold1/truth.npz,ground_truth/Vis9A_D7_spaim_effective4470/gene_names.txt,"[995,894]",float32,2a75f9983cb73530c00ad615818ab25cf7c53a10f2a99dd02b404841d704cda2,3271061,42bd980dc95a38e2aff18ff485d6c4693828c1737006e964491f5ce76f4075e8,46c82b360e5dd491a62e06fe287cabbbb9ab55a291aff6a677d1cf559ab5e174,mechanism/figure3_a_descriptor_controls/fold1/permuted_labels/prediction.npz,63f0c44b73428bc034eda5cbe1485f8bbc64e02a205b3486ae97c0ae8ca8da49,b42fd1417bf5c9290f906fcd3e82abfbaf54f2721be1c64c4fa1cd0792d2a17e,54433fb86021e584309c12afc71860af73aa7c39c0bc58f9dc37d566918afce2,0.182250752366991,1.312391899211999,0.4657071594829964,0.0281638010208526,1.0
A,Vis9A,Vis9A_D7_spaim_effective4470,1,Random,random,mlp_pca32_softplus_random,formal_descriptor_only_control,figure3_a_descriptor_controls,identity,none,final_test_genes,mechanism_ablation_prediction_matrices/panel_a/Vis9A_D7_spaim_effective4470/random/fold1/prediction.npz,mechanism_ablation_prediction_matrices/panel_a/Vis9A_D7_spaim_effective4470/random/fold1/metadata.json,mechanism_ablation_prediction_matrices/panel_a/Vis9A_D7_spaim_effective4470/random/fold1/test_gene_idx.npy,ground_truth_protocol_a/Vis9A_D7_spaim_effective4470/fold1/truth.npz,ground_truth/Vis9A_D7_spaim_effective4470/gene_names.txt,"[995,894]",float32,b1f863cee22b1fc7c4a3a2ca92a8fa850bb38367595ef5c190e3279e57425c38,3213605,85a53e4e58caac42ef611f1e9201fd69f143c3d0c9661e634f33743273e4fef7,46c82b360e5dd491a62e06fe287cabbbb9ab55a291aff6a677d1cf559ab5e174,mechanism/figure3_a_descriptor_controls/fold1/random/prediction.npz,e1145277c80b175564c4d4ca828c2360acce2607fd2b349d941a3aed3da17338,5f9c246049e3ba62e8046bca32e34cd24dc80dbed922a194ad55333b78f0dfd2,54433fb86021e584309c12afc71860af73aa7c39c0bc58f9dc37d566918afce2,0.1805406100797001,1.3090829228179863,0.4682013416379242,0.0304047374507547,1.0
A,Vis9A,Vis9A_D7_spaim_effective4470,1,Shuffled,shuffled,mlp_pca32_softplus_shuffled,formal_descriptor_only_control,figure3_a_descriptor_controls,identity,none,final_test_genes,mechanism_ablation_prediction_matrices/panel_a/Vis9A_D7_spaim_effective4470/shuffled/fold1/prediction.npz,mechanism_ablation_prediction_matrices/panel_a/Vis9A_D7_spaim_effective4470/shuffled/fold1/metadata.json,mechanism_ablation_prediction_matrices/panel_a/Vis9A_D7_spaim_effective4470/shuffled/fold1/test_gene_idx.npy,ground_truth_protocol_a/Vis9A_D7_spaim_effective4470/fold1/truth.npz,ground_truth/Vis9A_D7_spaim_effective4470/gene_names.txt,"[995,894]",float32,dcb4a7c5deffaceaae9d96532ba8ee8bb61c3f246e336c0a30cee73b3843d0cb,3129625,13a3a05a670b5096a6af6005e030e8843a57d9569d80cd61dede6db4c66ce597,46c82b360e5dd491a62e06fe287cabbbb9ab55a291aff6a677d1cf559ab5e174,mechanism/figure3_a_descriptor_controls/fold1/shuffled/prediction.npz,abddf52faeb33191358a1c17ecbe0bf9737a07a06082f400a80f746f50c94efa,d50f5dc61144d6883ec9ab56f1d6510c7124679ba29689a566bad0e36aa787d3,54433fb86021e584309c12afc71860af73aa7c39c0bc58f9dc37d566918afce2,0.181148023985979,1.3087639403018805,0.4734033286417741,0.0248050383220259,1.0
A,Vis9A,Vis9A_D7_spaim_effective4470,2,Correct,correct,mlp_pca32_softplus_correct,matched_gene_conditioned_baseline,figure3_a_descriptor_controls,identity,none,final_test_genes,mechanism_ablation_prediction_matrices/panel_a/Vis9A_D7_spaim_effective4470/correct/fold2/prediction.npz,mechanism_ablation_prediction_matrices/panel_a/Vis9A_D7_spaim_effective4470/correct/fold2/metadata.json,mechanism_ablation_prediction_matrices/panel_a/Vis9A_D7_spaim_effective4470/correct/fold2/test_gene_idx.npy,ground_truth_protocol_a/Vis9A_D7_spaim_effective4470/fold2/truth.npz,ground_truth/Vis9A_D7_spaim_effective4470/gene_names.txt,"[995,894]",float32,071a80cb6bf4783f47ef030638fa4bafde5fb3febbe2dc3681ead3e4e8368e7a,3268617,a79914bdd6d4bce3b71c667244c2cef4756f33c76be3613089c7efab87936854,171131c765a7dd984b0a392ab8c32d322a7a5c01d6a97cc995e2d5c67d30140d,genespt/benchmark/Vis9A_D7_spaim_effective4470/fold2/protocol_a_genespt_prediction_matrices/gc_mlp_base/fold2/prediction.npz,5d2ecfdcf6860d63731e7422f7e894e45c9f9fe31e28f14ec201686882d68c2b,b18996d9cdb8b208e4cee51a3755ffb99dcef901edb601cab1cc816b5b3e4da6,7f9f17c9c7d569e036efb0ea6d20d251f8621bdd38c7b478b790f62291ac1356,0.192601255248822,1.2939627851028468,0.4721168536699091,0.0341397893741482,1.0
A,Vis9A,Vis9A_D7_spaim_effective4470,2,Permuted,permuted_labels,mlp_pca32_softplus_permuted_labels,formal_descriptor_only_control,figure3_a_descriptor_controls,identity,none,final_test_genes,mechanism_ablation_prediction_matrices/panel_a/Vis9A_D7_spaim_effective4470/permuted_labels/fold2/prediction.npz,mechanism_ablation_prediction_matrices/panel_a/Vis9A_D7_spaim_effective4470/permuted_labels/fold2/metadata.json,mechanism_ablation_prediction_matrices/panel_a/Vis9A_D7_spaim_effective4470/permuted_labels/fold2/test_gene_idx.npy,ground_truth_protocol_a/Vis9A_D7_spaim_effective4470/fold2/truth.npz,ground_truth/Vis9A_D7_spaim_effective4470/gene_names.txt,"[995,894]",float32,456ee2f00e43a2dde1cc79c92f98174a3e6041d55ac07a5f47e8ebbf21e8fd10,3211301,ef56b7bfc962f0e368202505749f2b917cd45a0b7c2713892c0ea57d095c927e,171131c765a7dd984b0a392ab8c32d322a7a5c01d6a97cc995e2d5c67d30140d,mechanism/figure3_a_descriptor_controls/fold2/permuted_labels/prediction.npz,7ebfe9dc863fe7d1a216d7bcc655a87a5d028f7a4f1a3a39db889c62f1f1fe83,ddfd2c91c3938bd48b7b2f1ba4470a39fd13bab2c4a08e5405a568cdac61a915,7f9f17c9c7d569e036efb0ea6d20d251f8621bdd38c7b478b790f62291ac1356,0.1843247823412831,1.305776448636113,0.4761339053285472,0.026012685659711,1.0
A,Vis9A,Vis9A_D7_spaim_effective4470,2,Random,random,mlp_pca32_softplus_random,formal_descriptor_only_control,figure3_a_descriptor_controls,identity,none,final_test_genes,mechanism_ablation_prediction_matrices/panel_a/Vis9A_D7_spaim_effective4470/random/fold2/prediction.npz,mechanism_ablation_prediction_matrices/panel_a/Vis9A_D7_spaim_effective4470/random/fold2/metadata.json,mechanism_ablation_prediction_matrices/panel_a/Vis9A_D7_spaim_effective4470/random/fold2/test_gene_idx.npy,ground_truth_protocol_a/Vis9A_D7_spaim_effective4470/fold2/truth.npz,ground_truth/Vis9A_D7_spaim_effective4470/gene_names.txt,"[995,894]",float32,02326506a2869c6c9b496d4f4071743b4c65c791cbf6bf5b222c95a55a010c58,3220553,5585791cf5726590db250cf441c5e88f9612a823eb2c2ac5f16758771fcd1223,171131c765a7dd984b0a392ab8c32d322a7a5c01d6a97cc995e2d5c67d30140d,mechanism/figure3_a_descriptor_controls/fold2/random/prediction.npz,aa2cf463be07d1ee3f90d117efdd5201d0e9e2ffff9e16520e6dd33900e552eb,5bcd2c7948c5d2cacef36eacbdb670d6e9421ddbcddac92233efa0859bf35253,7f9f17c9c7d569e036efb0ea6d20d251f8621bdd38c7b478b790f62291ac1356,0.1816139201191187,1.3050606859892806,0.4724987067817514,0.0300180281665637,1.0
A,Vis9A,Vis9A_D7_spaim_effective4470,2,Shuffled,shuffled,mlp_pca32_softplus_shuffled,formal_descriptor_only_control,figure3_a_descriptor_controls,identity,none,final_test_genes,mechanism_ablation_prediction_matrices/panel_a/Vis9A_D7_spaim_effective4470/shuffled/fold2/prediction.npz,mechanism_ablation_prediction_matrices/panel_a/Vis9A_D7_spaim_effective4470/shuffled/fold2/metadata.json,mechanism_ablation_prediction_matrices/panel_a/Vis9A_D7_spaim_effective4470/shuffled/fold2/test_gene_idx.npy,ground_truth_protocol_a/Vis9A_D7_spaim_effective4470/fold2/truth.npz,ground_truth/Vis9A_D7_spaim_effective4470/gene_names.txt,"[995,894]",float32,fc3fa3d8227d2114a42e8ad15c6c560f4d87501e8c0eb5aed9e958a3bde1d9e0,3215566,1f3235a6692a048862b56a2fdaac2e389cca6eca2d54b9adc27c07307fcaff9e,171131c765a7dd984b0a392ab8c32d322a7a5c01d6a97cc995e2d5c67d30140d,mechanism/figure3_a_descriptor_controls/fold2/shuffled/prediction.npz,4a8f9964842a2e8103980bbd6d2ba38309131a36d272b16d2907ee7679ff0ac4,2a01889b46214ba0d5d55f4fdf4f65eb4a5aeb589fa2a19ee65a0d7516339060,7f9f17c9c7d569e036efb0ea6d20d251f8621bdd38c7b478b790f62291ac1356,0.1846212473627121,1.3059347359411664,0.4734549422820968,0.0283042906409268,1.0
A,Vis9A,Vis9A_D7_spaim_effective4470,3,Correct,correct,mlp_pca32_softplus_correct,matched_gene_conditioned_baseline,figure3_a_descriptor_controls,identity,none,final_test_genes,mechanism_ablation_prediction_matrices/panel_a/Vis9A_D7_spaim_effective4470/correct/fold3/prediction.npz,mechanism_ablation_prediction_matrices/panel_a/Vis9A_D7_spaim_effective4470/correct/fold3/metadata.json,mechanism_ablation_prediction_matrices/panel_a/Vis9A_D7_spaim_effective4470/correct/fold3/test_gene_idx.npy,ground_truth_protocol_a/Vis9A_D7_spaim_effective4470/fold3/truth.npz,ground_truth/Vis9A_D7_spaim_effective4470/gene_names.txt,"[995,894]",float32,68f848168ecac766badd072e869435c756117a1c698d7b3fd353e09b287858f5,3256936,8fc4bf9fc9e3991bd8b2fbb89e1f205d3cd6ae2ffbfe114c7eb81d1f0448b442,d55ef121d713cd02df05b594f535b51173615252a8f9a6e67d2b6cd966f3a48f,genespt/benchmark/Vis9A_D7_spaim_effective4470/fold3/protocol_a_genespt_prediction_matrices/gc_mlp_base/fold3/prediction.npz,967f3311a18b64dc40f744ead4ba8dab85b17581b2c90431093d32210d8e353a,6145c69b02c480081e08f67ac0a7b7cf9e8b066c0a3e4c36bc8a5b10f95a6675,909ae020d5db5c19b8bb87ea85b035eabf3222463ca736ec0f1db699da5e87c8,0.1932372715627289,1.29115466938625,0.4596965076221304,0.045890480944393,1.0
A,Vis9A,Vis9A_D7_spaim_effective4470,3,Permuted,permuted_labels,mlp_pca32_softplus_permuted_labels,formal_descriptor_only_control,figure3_a_descriptor_controls,identity,none,final_test_genes,mechanism_ablation_prediction_matrices/panel_a/Vis9A_D7_spaim_effective4470/permuted_labels/fold3/prediction.npz,mechanism_ablation_prediction_matrices/panel_a/Vis9A_D7_spaim_effective4470/permuted_labels/fold3/metadata.json,mechanism_ablation_prediction_matrices/panel_a/Vis9A_D7_spaim_effective4470/permuted_labels/fold3/test_gene_idx.npy,ground_truth_protocol_a/Vis9A_D7_spaim_effective4470/fold3/truth.npz,ground_truth/Vis9A_D7_spaim_effective4470/gene_names.txt,"[995,894]",float32,f5f87c9129f1ee4c6233c19270c0c474c31503fd413a89d5d63e3c8c330b42bc,3180527,fac45e8dc0dadfb66046aaab0139b154881144a8bcfc22426beebe1e46a73808,d55ef121d713cd02df05b594f535b51173615252a8f9a6e67d2b6cd966f3a48f,mechanism/figure3_a_descriptor_controls/fold3/permuted_labels/prediction.npz,e4876fd2a2b3e501d2001b1103915066122015b4abfc4800a4f06a050b234bd2,9f383d08719fdcf3aa54526bf7ad1fb7018764e4b720f3901750d28088aac4c6,909ae020d5db5c19b8bb87ea85b035eabf3222463ca736ec0f1db699da5e87c8,0.1858807913855768,1.3005788989363802,0.4720690176680708,0.0302858571127663,1.0
A,Vis9A,Vis9A_D7_spaim_effective4470,3,Random,random,mlp_pca32_softplus_random,formal_descriptor_only_control,figure3_a_descriptor_controls,identity,none,final_test_genes,mechanism_ablation_prediction_matrices/panel_a/Vis9A_D7_spaim_effective4470/random/fold3/prediction.npz,mechanism_ablation_prediction_matrices/panel_a/Vis9A_D7_spaim_effective4470/random/fold3/metadata.json,mechanism_ablation_prediction_matrices/panel_a/Vis9A_D7_spaim_effective4470/random/fold3/test_gene_idx.npy,ground_truth_protocol_a/Vis9A_D7_spaim_effective4470/fold3/truth.npz,ground_truth/Vis9A_D7_spaim_effective4470/gene_names.txt,"[995,894]",float32,579d13bcb190f81a33a1f16a227ff1d149ae1561c5758c0011ee1140cee9fa00,3230528,cbbea04a14894c2f9f44feede15f6678c8f6b548bc549cdf79a7f962ca70e60c,d55ef121d713cd02df05b594f535b51173615252a8f9a6e67d2b6cd966f3a48f,mechanism/figure3_a_descriptor_controls/fold3/random/prediction.npz,ce00201adbcb0cac4e51374f40e114f6258046c6a0e766de8441d996bf047220,5e6d41e57de1e8007b02d1c40b6d3582ae5f8cddcdd51937863d1b38a14307b3,909ae020d5db5c19b8bb87ea85b035eabf3222463ca736ec0f1db699da5e87c8,0.1864057651443587,1.3017240637112233,0.4641909179065099,0.034981705384509,1.0
A,Vis9A,Vis9A_D7_spaim_effective4470,3,Shuffled,shuffled,mlp_pca32_softplus_shuffled,formal_descriptor_only_control,figure3_a_descriptor_controls,identity,none,final_test_genes,mechanism_ablation_prediction_matrices/panel_a/Vis9A_D7_spaim_effective4470/shuffled/fold3/prediction.npz,mechanism_ablation_prediction_matrices/panel_a/Vis9A_D7_spaim_effective4470/shuffled/fold3/metadata.json,mechanism_ablation_prediction_matrices/panel_a/Vis9A_D7_spaim_effective4470/shuffled/fold3/test_gene_idx.npy,ground_truth_protocol_a/Vis9A_D7_spaim_effective4470/fold3/truth.npz,ground_truth/Vis9A_D7_spaim_effective4470/gene_names.txt,"[995,894]",float32,4fc98ea9f28824fc997d1db8349d2ac74487f2422c5f7d6ec9e6d4ef76f4759c,3242201,a8390e32a365401ddd5bc3e7840401100529403a07d3a200a36cb44548bb34b4,d55ef121d713cd02df05b594f535b51173615252a8f9a6e67d2b6cd966f3a48f,mechanism/figure3_a_descriptor_controls/fold3/shuffled/prediction.npz,df568a46769845f90fed60425d38e0d1c51f69323418ce6d1177a14763d58f84,b154a84f0ecb612d3754d4ac8b633b0c92e379bb0724f087d3974b888c0f3c2e,909ae020d5db5c19b8bb87ea85b035eabf3222463ca736ec0f1db699da5e87c8,0.1853076103891867,1.3028961092601246,0.4632691319761901,0.0331293216384355,1.0
A,Vis9A,Vis9A_D7_spaim_effective4470,4,Correct,correct,mlp_pca32_softplus_correct,matched_gene_conditioned_baseline,figure3_a_descriptor_controls,identity,none,final_test_genes,mechanism_ablation_prediction_matrices/panel_a/Vis9A_D7_spaim_effective4470/correct/fold4/prediction.npz,mechanism_ablation_prediction_matrices/panel_a/Vis9A_D7_spaim_effective4470/correct/fold4/metadata.json,mechanism_ablation_prediction_matrices/panel_a/Vis9A_D7_spaim_effective4470/correct/fold4/test_gene_idx.npy,ground_truth_protocol_a/Vis9A_D7_spaim_effective4470/fold4/truth.npz,ground_truth/Vis9A_D7_spaim_effective4470/gene_names.txt,"[995,894]",float32,1114ab16fef8ab27b813aeecd6043a25d29472d04de1fbb86b5a61098f6f913a,3271359,11e0d75c29bf68e5abb83551f43a8daeff113a6869b53003bfd900cfbd44e1f4,1c103fefb542a56adead736a68e00112100b512663b8d80695177b5aac4244a0,genespt/benchmark/Vis9A_D7_spaim_effective4470/fold4/protocol_a_genespt_prediction_matrices/gc_mlp_base/fold4/prediction.npz,e0d42a64d71d9e8a211a5c5dfdc52bdcf0e663887edd57a27613ab5d27d65e81,68a62507c7c3dd3f174b30052fcf6a936f07d134ac94af8f19f311bde31fbad9,d9dc6d56ebb13f700360ec0162c7605c8d1d7d29130152919c1ac41e706d0990,0.198713419254355,1.286446064096635,0.4595140536987369,0.0481640225223075,1.0
A,Vis9A,Vis9A_D7_spaim_effective4470,4,Permuted,permuted_labels,mlp_pca32_softplus_permuted_labels,formal_descriptor_only_control,figure3_a_descriptor_controls,identity,none,final_test_genes,mechanism_ablation_prediction_matrices/panel_a/Vis9A_D7_spaim_effective4470/permuted_labels/fold4/prediction.npz,mechanism_ablation_prediction_matrices/panel_a/Vis9A_D7_spaim_effective4470/permuted_labels/fold4/metadata.json,mechanism_ablation_prediction_matrices/panel_a/Vis9A_D7_spaim_effective4470/permuted_labels/fold4/test_gene_idx.npy,ground_truth_protocol_a/Vis9A_D7_spaim_effective4470/fold4/truth.npz,ground_truth/Vis9A_D7_spaim_effective4470/gene_names.txt,"[995,894]",float32,b1b9025b5b813f90ddfb61d4e92f7cec2f0ddf752da1251ac0e2ec84d59bd2f8,3142734,a42bd6ffab5f5fa938b5d2fd6f1dc519c3d0e434f6c64725bd431c5a9d25de3d,1c103fefb542a56adead736a68e00112100b512663b8d80695177b5aac4244a0,mechanism/figure3_a_descriptor_controls/fold4/permuted_labels/prediction.npz,c57cd2dc4e09a91c6e52b2cb7d2164d05bacf8c258ca4c1afee999c669506cb5,8df34638319e9c3b967d978d6a41a0e89df2e4e293a36529e255ad6f596bc320,d9dc6d56ebb13f700360ec0162c7605c8d1d7d29130152919c1ac41e706d0990,0.1914230984518102,1.297539468025188,0.4730560796312586,0.0271017886590102,1.0
A,Vis9A,Vis9A_D7_spaim_effective4470,4,Random,random,mlp_pca32_softplus_random,formal_descriptor_only_control,figure3_a_descriptor_controls,identity,none,final_test_genes,mechanism_ablation_prediction_matrices/panel_a/Vis9A_D7_spaim_effective4470/random/fold4/prediction.npz,mechanism_ablation_prediction_matrices/panel_a/Vis9A_D7_spaim_effective4470/random/fold4/metadata.json,mechanism_ablation_prediction_matrices/panel_a/Vis9A_D7_spaim_effective4470/random/fold4/test_gene_idx.npy,ground_truth_protocol_a/Vis9A_D7_spaim_effective4470/fold4/truth.npz,ground_truth/Vis9A_D7_spaim_effective4470/gene_names.txt,"[995,894]",float32,1d0662a1e848c9d3f45b1747eb5beac99e617bea9a83391379cd276dc6c0f517,3194395,4e80267256540b3a858e59fee0b98486e77053e2c99032a4e7f4aa80bb46fa4c,1c103fefb542a56adead736a68e00112100b512663b8d80695177b5aac4244a0,mechanism/figure3_a_descriptor_controls/fold4/random/prediction.npz,0d4ac4c446059a7291e7557da5b9df99867dfeca9e714b3bb60d2e654009f6a0,96bcd846150f89fe9d38055e22f1c17ccdc2a965b434a18f9c0d0b00eb8f63e9,d9dc6d56ebb13f700360ec0162c7605c8d1d7d29130152919c1ac41e706d0990,0.1903693878073575,1.2991261016610949,0.4696370631294281,0.0288868781014169,1.0
A,Vis9A,Vis9A_D7_spaim_effective4470,4,Shuffled,shuffled,mlp_pca32_softplus_shuffled,formal_descriptor_only_control,figure3_a_descriptor_controls,identity,none,final_test_genes,mechanism_ablation_prediction_matrices/panel_a/Vis9A_D7_spaim_effective4470/shuffled/fold4/prediction.npz,mechanism_ablation_prediction_matrices/panel_a/Vis9A_D7_spaim_effective4470/shuffled/fold4/metadata.json,mechanism_ablation_prediction_matrices/panel_a/Vis9A_D7_spaim_effective4470/shuffled/fold4/test_gene_idx.npy,ground_truth_protocol_a/Vis9A_D7_spaim_effective4470/fold4/truth.npz,ground_truth/Vis9A_D7_spaim_effective4470/gene_names.txt,"[995,894]",float32,f186b49bd08570aabcceabb2714b6b93c2a182144916f54883ab528d33747ece,3200769,fb701b362297e44463e9a5349452dd3df9157b559a39182431f5564597d6e5b5,1c103fefb542a56adead736a68e00112100b512663b8d80695177b5aac4244a0,mechanism/figure3_a_descriptor_controls/fold4/shuffled/prediction.npz,7237e461c8b7849afe6fe0c07fa504b845b9e3d32a8f9a220617579b870ed387,7ecf71b95f58cdf33e14d75ac944dcdcbe39cca2648d1a156bd8535fb3f7f660,d9dc6d56ebb13f700360ec0162c7605c8d1d7d29130152919c1ac41e706d0990,0.1912556885211646,1.2997548491653366,0.4704148168509753,0.0289978468653359,1.0
B,Cell2location,Cell2location_mouse_brain_ST8059048_shared12819,0,GeneSPT-GC,base,gc_mlp_base,matched_identity_readout_psp_pair,matched_identity_readout,identity,none,final_test_genes,mechanism_ablation_prediction_matrices/panel_b/Cell2location_mouse_brain_ST8059048_shared12819/base/fold0/prediction.npz,mechanism_ablation_prediction_matrices/panel_b/Cell2location_mouse_brain_ST8059048_shared12819/base/fold0/metadata.json,mechanism_ablation_prediction_matrices/panel_b/Cell2location_mouse_brain_ST8059048_shared12819/base/fold0/test_gene_idx.npy,ground_truth_protocol_a/Cell2location_mouse_brain_ST8059048_shared12819/fold0/truth.npz,ground_truth/Cell2location_mouse_brain_ST8059048_shared12819/gene_names.txt,"[2987,2564]",float32,d6e08b2cc4ab4351171295f3bc3eeb080039167620fa2cbca10e63e73d341772,27878690,ba36c2d70e9ba0b7b486f5b9f07f9517560a2e607177b224414fdb3f06e87c0b,42132cf916c0a08eee0ac52bb15ddbae937f039dad0d804ddf1b9dd549a97cd8,genespt/benchmark/Cell2location_mouse_brain_ST8059048_shared12819/fold0/protocol_a_genespt_prediction_matrices/gc_mlp_base/fold0/prediction.npz,1195c38faa99a160d3a2041e2926e9e9cf5ca5b2e96d055e6b640284f64ce0d4,ac25cecd3230ca310ab384d58bed53199b0af883f7ad06d9c754064c16a8812c,4d91c0702160edcb3e4040b60d3c5715e126c4d60deb3a6053eadc0678290ec6,0.16900073241537658,1.3219438777094252,0.3579540933008947,0.032451871668775736,1.0
B,Cell2location,Cell2location_mouse_brain_ST8059048_shared12819,0,GeneSPT,correct,predictable_spatial_program_selected_correct,matched_identity_readout_psp_pair,matched_identity_readout,identity,none,final_test_genes,mechanism_ablation_prediction_matrices/panel_b/Cell2location_mouse_brain_ST8059048_shared12819/correct/fold0/prediction.npz,mechanism_ablation_prediction_matrices/panel_b/Cell2location_mouse_brain_ST8059048_shared12819/correct/fold0/metadata.json,mechanism_ablation_prediction_matrices/panel_b/Cell2location_mouse_brain_ST8059048_shared12819/correct/fold0/test_gene_idx.npy,ground_truth_protocol_a/Cell2location_mouse_brain_ST8059048_shared12819/fold0/truth.npz,ground_truth/Cell2location_mouse_brain_ST8059048_shared12819/gene_names.txt,"[2987,2564]",float32,9ba02c78e01b9d759bc84b383190fd8e0612924029628950b0addcf39fb2ab91,27513039,244f1d76afa79c40614d4c65d9f6eb5ab3388d99757b08ecc95aec326673c1b2,42132cf916c0a08eee0ac52bb15ddbae937f039dad0d804ddf1b9dd549a97cd8,genespt/benchmark/Cell2location_mouse_brain_ST8059048_shared12819/fold0/protocol_a_genespt_prediction_matrices/predictable_spatial_program_selected_correct/fold0/prediction.npz,ed113b7e6881f0f03a7f5e928adf5f02c50763f2853524e9f2b5af45e218c132,b1fdbf3c35a48aba39d05912efab7c7811b0c6a4a79855ab99aeab23c3fe2fb7,4d91c0702160edcb3e4040b60d3c5715e126c4d60deb3a6053eadc0678290ec6,0.1838068630946114,1.3098787264818612,0.3564946130005937,0.0369370862322517,1.0
B,Cell2location,Cell2location_mouse_brain_ST8059048_shared12819,1,GeneSPT-GC,base,gc_mlp_base,matched_identity_readout_psp_pair,matched_identity_readout,identity,none,final_test_genes,mechanism_ablation_prediction_matrices/panel_b/Cell2location_mouse_brain_ST8059048_shared12819/base/fold1/prediction.npz,mechanism_ablation_prediction_matrices/panel_b/Cell2location_mouse_brain_ST8059048_shared12819/base/fold1/metadata.json,mechanism_ablation_prediction_matrices/panel_b/Cell2location_mouse_brain_ST8059048_shared12819/base/fold1/test_gene_idx.npy,ground_truth_protocol_a/Cell2location_mouse_brain_ST8059048_shared12819/fold1/truth.npz,ground_truth/Cell2location_mouse_brain_ST8059048_shared12819/gene_names.txt,"[2987,2564]",float32,eda6192be916b392b032040a86c0b83631c00b5dbb0fca143c18f493f6e2230c,27871475,1fb694ec70b86b45c71530379fa3ad2f5e79a748be12eb70a9bb313af3196e44,c93d5ceafd8a0113441c5b57ba7410060f22ab7eb635b1b4baf6890b8402eb81,genespt/benchmark/Cell2location_mouse_brain_ST8059048_shared12819/fold1/protocol_a_genespt_prediction_matrices/gc_mlp_base/fold1/prediction.npz,e9599c46c1d2886d907208664170d384a08a149d1f0f30f4411e477ea1060468,2d3c5adbc4db40aa887e41b46634039f00fa8574441f8a054e7fbcce78beecaf,a778e7a4a909cd4201e69e1563d4e38f5284ffccc61b892229f00bac7368996c,0.16944967815773174,1.3245978916667553,0.3514926774377406,0.029179227403875338,1.0
B,Cell2location,Cell2location_mouse_brain_ST8059048_shared12819,1,GeneSPT,correct,predictable_spatial_program_selected_correct,matched_identity_readout_psp_pair,matched_identity_readout,identity,none,final_test_genes,mechanism_ablation_prediction_matrices/panel_b/Cell2location_mouse_brain_ST8059048_shared12819/correct/fold1/prediction.npz,mechanism_ablation_prediction_matrices/panel_b/Cell2location_mouse_brain_ST8059048_shared12819/correct/fold1/metadata.json,mechanism_ablation_prediction_matrices/panel_b/Cell2location_mouse_brain_ST8059048_shared12819/correct/fold1/test_gene_idx.npy,ground_truth_protocol_a/Cell2location_mouse_brain_ST8059048_shared12819/fold1/truth.npz,ground_truth/Cell2location_mouse_brain_ST8059048_shared12819/gene_names.txt,"[2987,2564]",float32,8678dde38962ee4788e96a16545c72defe00002d231c47bb5554e6a9704da76b,27487251,89718f005c45740e363eded8a5cb53af3ea400faba2cfa2df796676921956485,c93d5ceafd8a0113441c5b57ba7410060f22ab7eb635b1b4baf6890b8402eb81,genespt/benchmark/Cell2location_mouse_brain_ST8059048_shared12819/fold1/protocol_a_genespt_prediction_matrices/predictable_spatial_program_selected_correct/fold1/prediction.npz,3b4f4997744155ad0d2bb7c5b0ebbd7e563a9db1a163fe800b7f2860909f5432,0cb164e65f328248833681ec8cbc018e6c1eba7d07bc110a345af0c3b98c8b6e,a778e7a4a909cd4201e69e1563d4e38f5284ffccc61b892229f00bac7368996c,0.1891249231168661,1.3069114138511064,0.3502067863907272,0.03622861549956806,1.0
B,Cell2location,Cell2location_mouse_brain_ST8059048_shared12819,2,GeneSPT-GC,base,gc_mlp_base,matched_identity_readout_psp_pair,matched_identity_readout,identity,none,final_test_genes,mechanism_ablation_prediction_matrices/panel_b/Cell2location_mouse_brain_ST8059048_shared12819/base/fold2/prediction.npz,mechanism_ablation_prediction_matrices/panel_b/Cell2location_mouse_brain_ST8059048_shared12819/base/fold2/metadata.json,mechanism_ablation_prediction_matrices/panel_b/Cell2location_mouse_brain_ST8059048_shared12819/base/fold2/test_gene_idx.npy,ground_truth_protocol_a/Cell2location_mouse_brain_ST8059048_shared12819/fold2/truth.npz,ground_truth/Cell2location_mouse_brain_ST8059048_shared12819/gene_names.txt,"[2987,2564]",float32,341ca83e9cc2ba8100ccfd237f29aebebe16581e710f4a0a6b0f4c9c859a68f5,27868175,c863da10c9739fc79b600cbbd62f08d03546f2a8975bff28c15462c9b92a6c08,388b0c2f32a30a09cd51e187b80065e4362646d4a53ba443db77cbf7f93849fe,genespt/benchmark/Cell2location_mouse_brain_ST8059048_shared12819/fold2/protocol_a_genespt_prediction_matrices/gc_mlp_base/fold2/prediction.npz,26e1bd1f398e1da5585f8357b97f5c5a01ce7776bd82e3a0a4f8b908675f9abb,0ecdacb658eb1b2b28ae947fd43ef0b0dd91b45d5f2a0746de52f34540ec9fcb,8dea958d951ee9a949929af4f2da82ca00c87783aa88589dbb065fc75b0f9167,0.17608148335162935,1.3148813617213881,0.3523402029521936,0.03626329605482538,1.0
B,Cell2location,Cell2location_mouse_brain_ST8059048_shared12819,2,GeneSPT,correct,predictable_spatial_program_selected_correct,matched_identity_readout_psp_pair,matched_identity_readout,identity,none,final_test_genes,mechanism_ablation_prediction_matrices/panel_b/Cell2location_mouse_brain_ST8059048_shared12819/correct/fold2/prediction.npz,mechanism_ablation_prediction_matrices/panel_b/Cell2location_mouse_brain_ST8059048_shared12819/correct/fold2/metadata.json,mechanism_ablation_prediction_matrices/panel_b/Cell2location_mouse_brain_ST8059048_shared12819/correct/fold2/test_gene_idx.npy,ground_truth_protocol_a/Cell2location_mouse_brain_ST8059048_shared12819/fold2/truth.npz,ground_truth/Cell2location_mouse_brain_ST8059048_shared12819/gene_names.txt,"[2987,2564]",float32,737ddeba95a09143238440d0eba199c9bb540a7c574a40f0f08b7022f50d0be1,27497877,5ba1730a8bbcf0c16c951a641994e74bd1a0708a40ce8ee7115ec2222bcc23f8,388b0c2f32a30a09cd51e187b80065e4362646d4a53ba443db77cbf7f93849fe,genespt/benchmark/Cell2location_mouse_brain_ST8059048_shared12819/fold2/protocol_a_genespt_prediction_matrices/predictable_spatial_program_selected_correct/fold2/prediction.npz,44c427f73be75e27bb818d69877bb779233cd0521d754822d43b9653b107aaf1,fc7dd8d34c31c9ecb879e90010c39668eefdc90a5bf5709622ce5e6e26296c1f,8dea958d951ee9a949929af4f2da82ca00c87783aa88589dbb065fc75b0f9167,0.18915722615731606,1.301528645524907,0.3505204950223683,0.0415423053829081,1.0
B,Cell2location,Cell2location_mouse_brain_ST8059048_shared12819,3,GeneSPT-GC,base,gc_mlp_base,matched_identity_readout_psp_pair,matched_identity_readout,identity,none,final_test_genes,mechanism_ablation_prediction_matrices/panel_b/Cell2location_mouse_brain_ST8059048_shared12819/base/fold3/prediction.npz,mechanism_ablation_prediction_matrices/panel_b/Cell2location_mouse_brain_ST8059048_shared12819/base/fold3/metadata.json,mechanism_ablation_prediction_matrices/panel_b/Cell2location_mouse_brain_ST8059048_shared12819/base/fold3/test_gene_idx.npy,ground_truth_protocol_a/Cell2location_mouse_brain_ST8059048_shared12819/fold3/truth.npz,ground_truth/Cell2location_mouse_brain_ST8059048_shared12819/gene_names.txt,"[2987,2564]",float32,66646b7a3ad6b832677ba24a3c726b638635d635a72d6948d8638b1cf428617f,27895189,929835f1714a5afaacb67cd1984e0d9763e14aa6686f1af1fe4337fa7655cd57,bf93b7e05806eb237fb160017302819f4014b724aa0cf5cc93b97e6126b7c19d,genespt/benchmark/Cell2location_mouse_brain_ST8059048_shared12819/fold3/protocol_a_genespt_prediction_matrices/gc_mlp_base/fold3/prediction.npz,7e05ba24c55bb0ad18d2da5e5666623cf50fc44223ed4057a503b5c5cc812d64,c5e4a2baf1622e919f0e29326b6c5b50704d5cecef0b0c9f9de7f6c0a8630549,9a217f0a2f364c1a7aef63d9c9367af04841e433ada18acd06bddf76897643a6,0.17445489287199256,1.3178261061499854,0.341029616695084,0.037958825103212114,1.0
B,Cell2location,Cell2location_mouse_brain_ST8059048_shared12819,3,GeneSPT,correct,predictable_spatial_program_selected_correct,matched_identity_readout_psp_pair,matched_identity_readout,identity,none,final_test_genes,mechanism_ablation_prediction_matrices/panel_b/Cell2location_mouse_brain_ST8059048_shared12819/correct/fold3/prediction.npz,mechanism_ablation_prediction_matrices/panel_b/Cell2location_mouse_brain_ST8059048_shared12819/correct/fold3/metadata.json,mechanism_ablation_prediction_matrices/panel_b/Cell2location_mouse_brain_ST8059048_shared12819/correct/fold3/test_gene_idx.npy,ground_truth_protocol_a/Cell2location_mouse_brain_ST8059048_shared12819/fold3/truth.npz,ground_truth/Cell2location_mouse_brain_ST8059048_shared12819/gene_names.txt,"[2987,2564]",float32,99ea226c6ae609ae4769c650477b1bc365561ced91552056a02372f2224e38de,27470899,2a648d4ffc888de92968eec9b3429006e9ec445b3d7e9779716c59eae73c5274,bf93b7e05806eb237fb160017302819f4014b724aa0cf5cc93b97e6126b7c19d,genespt/benchmark/Cell2location_mouse_brain_ST8059048_shared12819/fold3/protocol_a_genespt_prediction_matrices/predictable_spatial_program_selected_correct/fold3/prediction.npz,ec8c45ae1b4f31196d30a70bfadae6c6e7ac1c8bf40ba6f74a4a0a889e4bff66,c0ea7ff6dceb2b1788bc63e070b3adc013130ea719bc0218a860a6ead7a075d4,9a217f0a2f364c1a7aef63d9c9367af04841e433ada18acd06bddf76897643a6,0.1897752195382893,1.3054507902488486,0.3424923714769912,0.040488895951558496,1.0
B,Cell2location,Cell2location_mouse_brain_ST8059048_shared12819,4,GeneSPT-GC,base,gc_mlp_base,matched_identity_readout_psp_pair,matched_identity_readout,identity,none,final_test_genes,mechanism_ablation_prediction_matrices/panel_b/Cell2location_mouse_brain_ST8059048_shared12819/base/fold4/prediction.npz,mechanism_ablation_prediction_matrices/panel_b/Cell2location_mouse_brain_ST8059048_shared12819/base/fold4/metadata.json,mechanism_ablation_prediction_matrices/panel_b/Cell2location_mouse_brain_ST8059048_shared12819/base/fold4/test_gene_idx.npy,ground_truth_protocol_a/Cell2location_mouse_brain_ST8059048_shared12819/fold4/truth.npz,ground_truth/Cell2location_mouse_brain_ST8059048_shared12819/gene_names.txt,"[2987,2563]",float32,e62b9996673206b4cd4cdd8866349ffcb1023fb15444c92f31ea23dfed1da92d,28036556,3380115c1efaab49d36fcad105246d5e2ed017ba4f16f2f6e969a12a275cff40,9e94e2499f4429b3086b9be011fd8b5ba1762f33507e11202bd4d64e0ae69f73,genespt/benchmark/Cell2location_mouse_brain_ST8059048_shared12819/fold4/protocol_a_genespt_prediction_matrices/gc_mlp_base/fold4/prediction.npz,1caeea20e729563593e3f8041f0fda24a3130e2ac9acb767356e1fab1f7da4c0,1f994ddfdcc92ff2dbd511812e544b7996ec963dba828948d2b41583a5172adc,3cfcf4207677d291ecc9348950713bbefb8602d4708e2367f4c9cff1a7b66d57,0.17138222393792346,1.3197287678720702,0.353617898655149,0.03355528311159699,1.0
B,Cell2location,Cell2location_mouse_brain_ST8059048_shared12819,4,GeneSPT,correct,predictable_spatial_program_selected_correct,matched_identity_readout_psp_pair,matched_identity_readout,identity,none,final_test_genes,mechanism_ablation_prediction_matrices/panel_b/Cell2location_mouse_brain_ST8059048_shared12819/correct/fold4/prediction.npz,mechanism_ablation_prediction_matrices/panel_b/Cell2location_mouse_brain_ST8059048_shared12819/correct/fold4/metadata.json,mechanism_ablation_prediction_matrices/panel_b/Cell2location_mouse_brain_ST8059048_shared12819/correct/fold4/test_gene_idx.npy,ground_truth_protocol_a/Cell2location_mouse_brain_ST8059048_shared12819/fold4/truth.npz,ground_truth/Cell2location_mouse_brain_ST8059048_shared12819/gene_names.txt,"[2987,2563]",float32,2f9f8079fcf528bb0e1155076086faf11061694a1563b5cf74a2f92339ac94a5,27515313,563afa92fdd805e5e5cdf6a6e863f28c9c34bcefee2082652544f5e9dac05e65,9e94e2499f4429b3086b9be011fd8b5ba1762f33507e11202bd4d64e0ae69f73,genespt/benchmark/Cell2location_mouse_brain_ST8059048_shared12819/fold4/protocol_a_genespt_prediction_matrices/predictable_spatial_program_selected_correct/fold4/prediction.npz,92520dd6ed12a1621d48670e07a750d69f847d06b4c20d50cfdac9b521cf521a,83d847bf5ec2d965fb24279c4a73b776ec353ee65215246dc61b1c4f2ab1c7c0,3cfcf4207677d291ecc9348950713bbefb8602d4708e2367f4c9cff1a7b66d57,0.18517936105085342,1.3088933937720189,0.35335785750083276,0.037575441224030455,1.0
B,HBC,HBC_shared16112,0,GeneSPT-GC,base,gc_mlp_base,matched_identity_readout_psp_pair,matched_identity_readout,identity,none,final_test_genes,mechanism_ablation_prediction_matrices/panel_b/HBC_shared16112/base/fold0/prediction.npz,mechanism_ablation_prediction_matrices/panel_b/HBC_shared16112/base/fold0/metadata.json,mechanism_ablation_prediction_matrices/panel_b/HBC_shared16112/base/fold0/test_gene_idx.npy,ground_truth_protocol_a/HBC_shared16112/fold0/truth.npz,ground_truth/HBC_shared16112/gene_names.txt,"[4784,3223]",float32,7e6ebd0272b570c47d381bcf62c4c0a5e92937104f55ba1273c22ee92139e85d,56154113,357963e20febe3e2a51a31cfe0eba7a3cbc72c1cf7417e3e042dba8b8a645e71,a3f4969b2064f41c0446caa29c91b0a0bd97fba5a7bb664ac4176083afeb2f85,genespt/benchmark/HBC_shared16112/fold0/protocol_a_genespt_prediction_matrices/gc_mlp_base/fold0/prediction.npz,d833b1b3d90ceada402eafd030357822d31e31de349f7ebba3fa83b801814267,17bde3843dae8a5aa3f5663863ddc136bcb572fb729476e5db9a78e79c13a155,fefe08be24364ad8313f9213fa455e4629ecf3e3dd22df5e5c546c956cf89426,0.10503744008700588,1.3660199245329148,0.5291716498178812,0.011896660108562086,1.0
B,HBC,HBC_shared16112,0,GeneSPT,correct,predictable_spatial_program_selected_correct,matched_identity_readout_psp_pair,matched_identity_readout,identity,none,final_test_genes,mechanism_ablation_prediction_matrices/panel_b/HBC_shared16112/correct/fold0/prediction.npz,mechanism_ablation_prediction_matrices/panel_b/HBC_shared16112/correct/fold0/metadata.json,mechanism_ablation_prediction_matrices/panel_b/HBC_shared16112/correct/fold0/test_gene_idx.npy,ground_truth_protocol_a/HBC_shared16112/fold0/truth.npz,ground_truth/HBC_shared16112/gene_names.txt,"[4784,3223]",float32,2e991eedaf9ccffb683d3fb65eff028325531b9ded66733873e7a3ca7bea5171,55695626,57c68a2076b7f0d972f29d8fbc68bd74e7cf65c95a4fb88155a6d020a83c9ab0,a3f4969b2064f41c0446caa29c91b0a0bd97fba5a7bb664ac4176083afeb2f85,genespt/benchmark/HBC_shared16112/fold0/protocol_a_genespt_prediction_matrices/predictable_spatial_program_selected_correct/fold0/prediction.npz,a553e0083676da9ee52e8820c1eb987cfe12b6c181ebe3fd47e9b645243d9d98,b5658f73fbf686a67c36b881d7411f9c769061cfb3bf0c1a77f4c4f8b8cd9cb6,fefe08be24364ad8313f9213fa455e4629ecf3e3dd22df5e5c546c956cf89426,0.1102418456024384,1.362729245602783,0.528531692155845,0.013167164659505582,1.0
B,HBC,HBC_shared16112,1,GeneSPT-GC,base,gc_mlp_base,matched_identity_readout_psp_pair,matched_identity_readout,identity,none,final_test_genes,mechanism_ablation_prediction_matrices/panel_b/HBC_shared16112/base/fold1/prediction.npz,mechanism_ablation_prediction_matrices/panel_b/HBC_shared16112/base/fold1/metadata.json,mechanism_ablation_prediction_matrices/panel_b/HBC_shared16112/base/fold1/test_gene_idx.npy,ground_truth_protocol_a/HBC_shared16112/fold1/truth.npz,ground_truth/HBC_shared16112/gene_names.txt,"[4784,3223]",float32,a5a96f3583b4bc49c32d5dd66c02250cded4c23795605c22e838099d7e74b23c,56338238,95cbfdad4b2a7c777f57dfee4b22c21a183b03a7e1fc981c465fd9e37c841eb0,89d348c106fe410e5bd6f85aff16a978bd38b4406b96ed490b0f54c877a22d06,genespt/benchmark/HBC_shared16112/fold1/protocol_a_genespt_prediction_matrices/gc_mlp_base/fold1/prediction.npz,54712984c3618c69345980b18183b30d38306c6da603815b9de408c88a440c2c,9c7fb6fa4ebdb5abbf210b9a839b3eb2389e8ea187565b655d4a285b8b5535ae,5fe1b0f6789391d23d6877cacb114e8378e331264d1204d1be25eb004d741045,0.099173356679655,1.368944483383607,0.5459358709124544,0.01073177464191627,1.0
B,HBC,HBC_shared16112,1,GeneSPT,correct,predictable_spatial_program_selected_correct,matched_identity_readout_psp_pair,matched_identity_readout,identity,none,final_test_genes,mechanism_ablation_prediction_matrices/panel_b/HBC_shared16112/correct/fold1/prediction.npz,mechanism_ablation_prediction_matrices/panel_b/HBC_shared16112/correct/fold1/metadata.json,mechanism_ablation_prediction_matrices/panel_b/HBC_shared16112/correct/fold1/test_gene_idx.npy,ground_truth_protocol_a/HBC_shared16112/fold1/truth.npz,ground_truth/HBC_shared16112/gene_names.txt,"[4784,3223]",float32,d9337af68b62aeb2df25491509d4259e1453b48a9ba7355d00312e36cf8b8727,55786026,cb1c03f4c4ebaad0f0202ae73f905d008685493fc062852e4fac1497a7f65c38,89d348c106fe410e5bd6f85aff16a978bd38b4406b96ed490b0f54c877a22d06,genespt/benchmark/HBC_shared16112/fold1/protocol_a_genespt_prediction_matrices/predictable_spatial_program_selected_correct/fold1/prediction.npz,6dff3366abb10e5e3d1f39ef0f477b7650203c1cbb2ab3d2cab9dee82c41998a,de567d516132906eae05b7bb0b2476e48af79f8e834ec239678d350044b12e35,5fe1b0f6789391d23d6877cacb114e8378e331264d1204d1be25eb004d741045,0.105333302644159,1.3665490429598761,0.5438342797358766,0.011293638680738335,1.0
B,HBC,HBC_shared16112,2,GeneSPT-GC,base,gc_mlp_base,matched_identity_readout_psp_pair,matched_identity_readout,identity,none,final_test_genes,mechanism_ablation_prediction_matrices/panel_b/HBC_shared16112/base/fold2/prediction.npz,mechanism_ablation_prediction_matrices/panel_b/HBC_shared16112/base/fold2/metadata.json,mechanism_ablation_prediction_matrices/panel_b/HBC_shared16112/base/fold2/test_gene_idx.npy,ground_truth_protocol_a/HBC_shared16112/fold2/truth.npz,ground_truth/HBC_shared16112/gene_names.txt,"[4784,3222]",float32,056743f9bcfd7de2316ce392012ebeb50d518ab6f8c60a9d3f417d785397f35e,56749954,16dda8855c4e98798a6b71ec34ade5be3fbe82776e3a56af61c15cb77d1c7aae,c3be12018dc6417829a992c180042316326aa1dee1f67df43376122d443c03dc,genespt/benchmark/HBC_shared16112/fold2/protocol_a_genespt_prediction_matrices/gc_mlp_base/fold2/prediction.npz,052849a3f036858d8033e5ec9ac3d74f87acceae51a0a2b13ec1a84c4b343646,077a86716b3ce25a54c81750a15b4673645f75a470c945aefe27f0e3324cf5b1,551e67bd77ed3890fbe8b905a2d4952de8adb65cff66c01e487fa24aa78680a3,0.1015547559356528,1.3673957259995508,0.53770702722102,0.012203588068353834,1.0
B,HBC,HBC_shared16112,2,GeneSPT,correct,predictable_spatial_program_selected_correct,matched_identity_readout_psp_pair,matched_identity_readout,identity,none,final_test_genes,mechanism_ablation_prediction_matrices/panel_b/HBC_shared16112/correct/fold2/prediction.npz,mechanism_ablation_prediction_matrices/panel_b/HBC_shared16112/correct/fold2/metadata.json,mechanism_ablation_prediction_matrices/panel_b/HBC_shared16112/correct/fold2/test_gene_idx.npy,ground_truth_protocol_a/HBC_shared16112/fold2/truth.npz,ground_truth/HBC_shared16112/gene_names.txt,"[4784,3222]",float32,f4182bddb6e2cf2171f165b26631dbac1c1a90f3485c3dfe1e342f9cb964b6b5,55885704,7b5868ba57916ac65f74edf2eb81614d513f8ff52ed20fdf98471ca49da8c301,c3be12018dc6417829a992c180042316326aa1dee1f67df43376122d443c03dc,genespt/benchmark/HBC_shared16112/fold2/protocol_a_genespt_prediction_matrices/predictable_spatial_program_selected_correct/fold2/prediction.npz,18be2dbc91a54d3e6964c68801420984ac1143ba354cd569ad89008d9fd3d29a,254e6b78da6ef0c5186798c349172b924cd11fddda25ebe7c0c0f75989f63f84,551e67bd77ed3890fbe8b905a2d4952de8adb65cff66c01e487fa24aa78680a3,0.10663877838505251,1.3645182451535027,0.5379447955538345,0.012764241430946302,1.0
B,HBC,HBC_shared16112,3,GeneSPT-GC,base,gc_mlp_base,matched_identity_readout_psp_pair,matched_identity_readout,identity,none,final_test_genes,mechanism_ablation_prediction_matrices/panel_b/HBC_shared16112/base/fold3/prediction.npz,mechanism_ablation_prediction_matrices/panel_b/HBC_shared16112/base/fold3/metadata.json,mechanism_ablation_prediction_matrices/panel_b/HBC_shared16112/base/fold3/test_gene_idx.npy,ground_truth_protocol_a/HBC_shared16112/fold3/truth.npz,ground_truth/HBC_shared16112/gene_names.txt,"[4784,3222]",float32,9f6e45cad2f44cea611c59c669c574ac79589f91a95aadc6ac692ce732e2dc19,56256984,fb6d15bececeab0365ca78b95e5ed6b4d5e4207ad126f4133d9a1b9394f386f8,93256c82c034aaac186c28bd21d97e512d6827d756c1e1e95c1fa85812282c32,genespt/benchmark/HBC_shared16112/fold3/protocol_a_genespt_prediction_matrices/gc_mlp_base/fold3/prediction.npz,ca56bdd16c67dde583abaf78bcc25de670608950f0ac4a5504606674a9475f8f,99d96805fae894d875313caf7fbf0239be47b817141cfd05ce03dd7515ca0187,a1e2f517de9d6cc0b4961e0ff930f876ff3494e55b5133b715315aa900d5e091,0.10176246049112125,1.3685208580479982,0.5299362045308171,0.011311748281949233,1.0
B,HBC,HBC_shared16112,3,GeneSPT,correct,predictable_spatial_program_selected_correct,matched_identity_readout_psp_pair,matched_identity_readout,identity,none,final_test_genes,mechanism_ablation_prediction_matrices/panel_b/HBC_shared16112/correct/fold3/prediction.npz,mechanism_ablation_prediction_matrices/panel_b/HBC_shared16112/correct/fold3/metadata.json,mechanism_ablation_prediction_matrices/panel_b/HBC_shared16112/correct/fold3/test_gene_idx.npy,ground_truth_protocol_a/HBC_shared16112/fold3/truth.npz,ground_truth/HBC_shared16112/gene_names.txt,"[4784,3222]",float32,cb42c9381461a368d62f1e15d1ab717c5a6148584f5f295f514229348edf51d5,55710015,e41be9b6bd530050cd08247de7a794e6c274154c3497ccd62105801084dfe7c3,93256c82c034aaac186c28bd21d97e512d6827d756c1e1e95c1fa85812282c32,genespt/benchmark/HBC_shared16112/fold3/protocol_a_genespt_prediction_matrices/predictable_spatial_program_selected_correct/fold3/prediction.npz,fa74b8c9d3a9fa56f12ade080027ca6b06e8ee3624c3de1369101ce3182b23e8,6656b4ac27d427392a651ea0faeaea0a62892640f124716d6a2629cb11bdf5b4,a1e2f517de9d6cc0b4961e0ff930f876ff3494e55b5133b715315aa900d5e091,0.10971396563299748,1.3636932477832435,0.5290660483648385,0.012929282648874508,1.0
B,HBC,HBC_shared16112,4,GeneSPT-GC,base,gc_mlp_base,matched_identity_readout_psp_pair,matched_identity_readout,identity,none,final_test_genes,mechanism_ablation_prediction_matrices/panel_b/HBC_shared16112/base/fold4/prediction.npz,mechanism_ablation_prediction_matrices/panel_b/HBC_shared16112/base/fold4/metadata.json,mechanism_ablation_prediction_matrices/panel_b/HBC_shared16112/base/fold4/test_gene_idx.npy,ground_truth_protocol_a/HBC_shared16112/fold4/truth.npz,ground_truth/HBC_shared16112/gene_names.txt,"[4784,3222]",float32,73086627e6c41e2f8d085d86dfcecb2dde339d6644188c5e5b9468a309d8a811,56625615,30871517e26cf7a5abdc8e385dbb81e572e5d05da61ab21a42ce112f5a18547d,e1c31c594a974e5f60b55ac5c075aa29b463436e11c5fb1f9762ce7f9b0f78ae,genespt/benchmark/HBC_shared16112/fold4/protocol_a_genespt_prediction_matrices/gc_mlp_base/fold4/prediction.npz,2d0de64719977e71f8797cd52087262ea71926332efaed375614af9b88347caf,b72f5b083874359c55184f3b986a7cc7a721f365247ff99d142ceb999d97ac90,fa87c520c12c58ef57bc3a94d373378d7c6edb95b82ec73fdcef97398fcbd2f3,0.10189413275013685,1.3673000561494253,0.5350311194939479,0.011767903441000902,1.0
B,HBC,HBC_shared16112,4,GeneSPT,correct,predictable_spatial_program_selected_correct,matched_identity_readout_psp_pair,matched_identity_readout,identity,none,final_test_genes,mechanism_ablation_prediction_matrices/panel_b/HBC_shared16112/correct/fold4/prediction.npz,mechanism_ablation_prediction_matrices/panel_b/HBC_shared16112/correct/fold4/metadata.json,mechanism_ablation_prediction_matrices/panel_b/HBC_shared16112/correct/fold4/test_gene_idx.npy,ground_truth_protocol_a/HBC_shared16112/fold4/truth.npz,ground_truth/HBC_shared16112/gene_names.txt,"[4784,3222]",float32,ab78a73faa7db3af753b743a20770690122a91e5e004c48a9023d80750002a3f,55938352,ceb776f6934b1fdf7c041a42efcbc38854ad0a7dfa61811d74c7789aa4faf537,e1c31c594a974e5f60b55ac5c075aa29b463436e11c5fb1f9762ce7f9b0f78ae,genespt/benchmark/HBC_shared16112/fold4/protocol_a_genespt_prediction_matrices/predictable_spatial_program_selected_correct/fold4/prediction.npz,bf15b1528c66183cab457c6b9ef96968d01813e689e7d491a1256d8ca16ffad1,fda5b4b8db661d9b8605f1d71f93308dea0ad7984894bfc6bd0cee8007b6e8db,fa87c520c12c58ef57bc3a94d373378d7c6edb95b82ec73fdcef97398fcbd2f3,0.10801270143826563,1.3634088839030696,0.533663386527921,0.012746564741681999,1.0
B,Vis9A,Vis9A_D7_spaim_effective4470,0,GeneSPT-GC,base,gc_mlp_base,matched_identity_readout_psp_pair,matched_identity_readout,identity,none,final_test_genes,mechanism_ablation_prediction_matrices/panel_b/Vis9A_D7_spaim_effective4470/base/fold0/prediction.npz,mechanism_ablation_prediction_matrices/panel_b/Vis9A_D7_spaim_effective4470/base/fold0/metadata.json,mechanism_ablation_prediction_matrices/panel_b/Vis9A_D7_spaim_effective4470/base/fold0/test_gene_idx.npy,ground_truth_protocol_a/Vis9A_D7_spaim_effective4470/fold0/truth.npz,ground_truth/Vis9A_D7_spaim_effective4470/gene_names.txt,"[995,894]",float32,cd1093dc5ed13e1d3457a0e98ac1d8ca8ef3bbe665d17fcddbaeb4214b197f4a,3268337,c0a387f16f4223d8a3b9f3daa0718300ab4f67eb82a202beefd4567e5c3a644d,7480af17ae915418113f18506d281e07455a1e057935768e13ca90d158185a03,genespt/benchmark/Vis9A_D7_spaim_effective4470/fold0/protocol_a_genespt_prediction_matrices/gc_mlp_base/fold0/prediction.npz,e563b614331ffa7ed34806b83d4f1ee47e914a45b0c49f2e91bb43f8bb0d033b,f2f1545c06ef1d96ceec0c3d8e300bda87aaa3af58c44f16462599783f5b3db1,52241b098e2ddeab4fbda5f7e06413349476b6619520502e6b6b492cf2c2dcbc,0.18769791894862636,1.3057449916481931,0.4728188221389939,0.035676455680461544,1.0
B,Vis9A,Vis9A_D7_spaim_effective4470,0,GeneSPT,correct,predictable_spatial_program_selected_correct,matched_identity_readout_psp_pair,matched_identity_readout,identity,none,final_test_genes,mechanism_ablation_prediction_matrices/panel_b/Vis9A_D7_spaim_effective4470/correct/fold0/prediction.npz,mechanism_ablation_prediction_matrices/panel_b/Vis9A_D7_spaim_effective4470/correct/fold0/metadata.json,mechanism_ablation_prediction_matrices/panel_b/Vis9A_D7_spaim_effective4470/correct/fold0/test_gene_idx.npy,ground_truth_protocol_a/Vis9A_D7_spaim_effective4470/fold0/truth.npz,ground_truth/Vis9A_D7_spaim_effective4470/gene_names.txt,"[995,894]",float32,942460bbb9fc177828c957bd57e0dad6807676a01ff8251e01bd130201725770,3261316,fd2d794cd98dd4e7f6bcbff8230522c45786e5b7b39deb4fe2393c59d83717bc,7480af17ae915418113f18506d281e07455a1e057935768e13ca90d158185a03,genespt/benchmark/Vis9A_D7_spaim_effective4470/fold0/protocol_a_genespt_prediction_matrices/predictable_spatial_program_selected_correct/fold0/prediction.npz,7ba4a0e753dc15f85dee3a47a37d0023ca1d88e086161f5c1e736bdf828ff5ba,b5e5a6aa6b5c2434abcb8d70739d9e16613de5551448ec19aa0d749b5dfc5f66,52241b098e2ddeab4fbda5f7e06413349476b6619520502e6b6b492cf2c2dcbc,0.19077791144324918,1.3034883673431303,0.47270415925513737,0.03476646023533016,1.0
B,Vis9A,Vis9A_D7_spaim_effective4470,1,GeneSPT-GC,base,gc_mlp_base,matched_identity_readout_psp_pair,matched_identity_readout,identity,none,final_test_genes,mechanism_ablation_prediction_matrices/panel_b/Vis9A_D7_spaim_effective4470/base/fold1/prediction.npz,mechanism_ablation_prediction_matrices/panel_b/Vis9A_D7_spaim_effective4470/base/fold1/metadata.json,mechanism_ablation_prediction_matrices/panel_b/Vis9A_D7_spaim_effective4470/base/fold1/test_gene_idx.npy,ground_truth_protocol_a/Vis9A_D7_spaim_effective4470/fold1/truth.npz,ground_truth/Vis9A_D7_spaim_effective4470/gene_names.txt,"[995,894]",float32,0e7caa1d3dad9d3d7da4a5b268ca3740912ae2a5362c52309d4740196744b09e,3261916,ef0a99560f5cc177ecee92d276721d4f49f91765289d31c14eafbb42e5bcfbc1,46c82b360e5dd491a62e06fe287cabbbb9ab55a291aff6a677d1cf559ab5e174,genespt/benchmark/Vis9A_D7_spaim_effective4470/fold1/protocol_a_genespt_prediction_matrices/gc_mlp_base/fold1/prediction.npz,4740b758b70223ff89178f358a48aad5a1f726cfcf453d14a66ada9ad1bd4f3f,e56dd364f5fa08e01dfae571fcbe60bee4963c67fbbb7a68dcec39160acac805,54433fb86021e584309c12afc71860af73aa7c39c0bc58f9dc37d566918afce2,0.192562002521587,1.2991916195545858,0.46376284506748316,0.03636482890947727,1.0
B,Vis9A,Vis9A_D7_spaim_effective4470,1,GeneSPT,correct,predictable_spatial_program_selected_correct,matched_identity_readout_psp_pair,matched_identity_readout,identity,none,final_test_genes,mechanism_ablation_prediction_matrices/panel_b/Vis9A_D7_spaim_effective4470/correct/fold1/prediction.npz,mechanism_ablation_prediction_matrices/panel_b/Vis9A_D7_spaim_effective4470/correct/fold1/metadata.json,mechanism_ablation_prediction_matrices/panel_b/Vis9A_D7_spaim_effective4470/correct/fold1/test_gene_idx.npy,ground_truth_protocol_a/Vis9A_D7_spaim_effective4470/fold1/truth.npz,ground_truth/Vis9A_D7_spaim_effective4470/gene_names.txt,"[995,894]",float32,4815f490b1f2a3838339e45f76305ff7049fdd01c6159bf7235b6a0ad45f25b7,3240172,e26496ea8ed8a6ee82fb6d744252e7844b85dae9570600e3d0521fdd0747f2b9,46c82b360e5dd491a62e06fe287cabbbb9ab55a291aff6a677d1cf559ab5e174,genespt/benchmark/Vis9A_D7_spaim_effective4470/fold1/protocol_a_genespt_prediction_matrices/predictable_spatial_program_selected_correct/fold1/prediction.npz,a5ade49047137ef766eb7b20ff9890e5a841d980673884bf0b8468ab78f58b41,039af785a0efa1fd5399c66720b325b69930cf9749b4c7957dd49f1749221308,54433fb86021e584309c12afc71860af73aa7c39c0bc58f9dc37d566918afce2,0.19627729093756974,1.2957956601320455,0.46429818603605194,0.037136316751958276,1.0
B,Vis9A,Vis9A_D7_spaim_effective4470,2,GeneSPT-GC,base,gc_mlp_base,matched_identity_readout_psp_pair,matched_identity_readout,identity,none,final_test_genes,mechanism_ablation_prediction_matrices/panel_b/Vis9A_D7_spaim_effective4470/base/fold2/prediction.npz,mechanism_ablation_prediction_matrices/panel_b/Vis9A_D7_spaim_effective4470/base/fold2/metadata.json,mechanism_ablation_prediction_matrices/panel_b/Vis9A_D7_spaim_effective4470/base/fold2/test_gene_idx.npy,ground_truth_protocol_a/Vis9A_D7_spaim_effective4470/fold2/truth.npz,ground_truth/Vis9A_D7_spaim_effective4470/gene_names.txt,"[995,894]",float32,071a80cb6bf4783f47ef030638fa4bafde5fb3febbe2dc3681ead3e4e8368e7a,3268617,74ddd6c88f0c862624a0d98d48b2df8cfe0215b1b4c5014ac0440e99882899b7,171131c765a7dd984b0a392ab8c32d322a7a5c01d6a97cc995e2d5c67d30140d,genespt/benchmark/Vis9A_D7_spaim_effective4470/fold2/protocol_a_genespt_prediction_matrices/gc_mlp_base/fold2/prediction.npz,5d2ecfdcf6860d63731e7422f7e894e45c9f9fe31e28f14ec201686882d68c2b,b18996d9cdb8b208e4cee51a3755ffb99dcef901edb601cab1cc816b5b3e4da6,7f9f17c9c7d569e036efb0ea6d20d251f8621bdd38c7b478b790f62291ac1356,0.192601255248822,1.2939627851028468,0.4721168536699091,0.034139789374148244,1.0
B,Vis9A,Vis9A_D7_spaim_effective4470,2,GeneSPT,correct,predictable_spatial_program_selected_correct,matched_identity_readout_psp_pair,matched_identity_readout,identity,none,final_test_genes,mechanism_ablation_prediction_matrices/panel_b/Vis9A_D7_spaim_effective4470/correct/fold2/prediction.npz,mechanism_ablation_prediction_matrices/panel_b/Vis9A_D7_spaim_effective4470/correct/fold2/metadata.json,mechanism_ablation_prediction_matrices/panel_b/Vis9A_D7_spaim_effective4470/correct/fold2/test_gene_idx.npy,ground_truth_protocol_a/Vis9A_D7_spaim_effective4470/fold2/truth.npz,ground_truth/Vis9A_D7_spaim_effective4470/gene_names.txt,"[995,894]",float32,fee76960c302471b97a500508a2f46fd326059b4b868ae0b43f7f457187ad12c,3260744,bbcf73f0ed569d1128bf4afc8fa857edf8c98f694679f372cc38bb1cc8c108f2,171131c765a7dd984b0a392ab8c32d322a7a5c01d6a97cc995e2d5c67d30140d,genespt/benchmark/Vis9A_D7_spaim_effective4470/fold2/protocol_a_genespt_prediction_matrices/predictable_spatial_program_selected_correct/fold2/prediction.npz,7ecd0fe583a693800de64976e2746f628bb299d23d3fabcbba8956cacb2a5742,9767038deea6c209a3a5c6233ddc6a0d722d143cf4dab3be6e3678a974ee5a1a,7f9f17c9c7d569e036efb0ea6d20d251f8621bdd38c7b478b790f62291ac1356,0.1965292559636702,1.2915399063291995,0.4704454867062435,0.034281341424301906,1.0
B,Vis9A,Vis9A_D7_spaim_effective4470,3,GeneSPT-GC,base,gc_mlp_base,matched_identity_readout_psp_pair,matched_identity_readout,identity,none,final_test_genes,mechanism_ablation_prediction_matrices/panel_b/Vis9A_D7_spaim_effective4470/base/fold3/prediction.npz,mechanism_ablation_prediction_matrices/panel_b/Vis9A_D7_spaim_effective4470/base/fold3/metadata.json,mechanism_ablation_prediction_matrices/panel_b/Vis9A_D7_spaim_effective4470/base/fold3/test_gene_idx.npy,ground_truth_protocol_a/Vis9A_D7_spaim_effective4470/fold3/truth.npz,ground_truth/Vis9A_D7_spaim_effective4470/gene_names.txt,"[995,894]",float32,68f848168ecac766badd072e869435c756117a1c698d7b3fd353e09b287858f5,3256936,e389f7dcc6c46e413d9abb6019932a676dcbad9fe45953f3cf223f88244ca3c2,d55ef121d713cd02df05b594f535b51173615252a8f9a6e67d2b6cd966f3a48f,genespt/benchmark/Vis9A_D7_spaim_effective4470/fold3/protocol_a_genespt_prediction_matrices/gc_mlp_base/fold3/prediction.npz,967f3311a18b64dc40f744ead4ba8dab85b17581b2c90431093d32210d8e353a,6145c69b02c480081e08f67ac0a7b7cf9e8b066c0a3e4c36bc8a5b10f95a6675,909ae020d5db5c19b8bb87ea85b035eabf3222463ca736ec0f1db699da5e87c8,0.19323727156272896,1.2911546693862501,0.4596965076221304,0.04589048094439305,1.0
B,Vis9A,Vis9A_D7_spaim_effective4470,3,GeneSPT,correct,predictable_spatial_program_selected_correct,matched_identity_readout_psp_pair,matched_identity_readout,identity,none,final_test_genes,mechanism_ablation_prediction_matrices/panel_b/Vis9A_D7_spaim_effective4470/correct/fold3/prediction.npz,mechanism_ablation_prediction_matrices/panel_b/Vis9A_D7_spaim_effective4470/correct/fold3/metadata.json,mechanism_ablation_prediction_matrices/panel_b/Vis9A_D7_spaim_effective4470/correct/fold3/test_gene_idx.npy,ground_truth_protocol_a/Vis9A_D7_spaim_effective4470/fold3/truth.npz,ground_truth/Vis9A_D7_spaim_effective4470/gene_names.txt,"[995,894]",float32,c098734353ddea5e0074038335f6500d54daa16c5e63cab5343ade83aba24396,3236676,511eeb4e19ebee0bba38b12fae6f39e6dd6c6fe27eb056a8bf3cdb901e7273a9,d55ef121d713cd02df05b594f535b51173615252a8f9a6e67d2b6cd966f3a48f,genespt/benchmark/Vis9A_D7_spaim_effective4470/fold3/protocol_a_genespt_prediction_matrices/predictable_spatial_program_selected_correct/fold3/prediction.npz,73852a33b48dd5611c39eb7ab7944d34d465c527f05846458e02dcd375cc0608,88f9d8dd728a9c45c14d042f2778e841301763c90cf226659340fa1b3b12c380,909ae020d5db5c19b8bb87ea85b035eabf3222463ca736ec0f1db699da5e87c8,0.198624270204295,1.2884779170991385,0.4596949539772821,0.04509603193343689,1.0
B,Vis9A,Vis9A_D7_spaim_effective4470,4,GeneSPT-GC,base,gc_mlp_base,matched_identity_readout_psp_pair,matched_identity_readout,identity,none,final_test_genes,mechanism_ablation_prediction_matrices/panel_b/Vis9A_D7_spaim_effective4470/base/fold4/prediction.npz,mechanism_ablation_prediction_matrices/panel_b/Vis9A_D7_spaim_effective4470/base/fold4/metadata.json,mechanism_ablation_prediction_matrices/panel_b/Vis9A_D7_spaim_effective4470/base/fold4/test_gene_idx.npy,ground_truth_protocol_a/Vis9A_D7_spaim_effective4470/fold4/truth.npz,ground_truth/Vis9A_D7_spaim_effective4470/gene_names.txt,"[995,894]",float32,1114ab16fef8ab27b813aeecd6043a25d29472d04de1fbb86b5a61098f6f913a,3271359,1aa15cf89aae67b88978aaf2ecd353fa66ca37e704fef01e658030516c2927b8,1c103fefb542a56adead736a68e00112100b512663b8d80695177b5aac4244a0,genespt/benchmark/Vis9A_D7_spaim_effective4470/fold4/protocol_a_genespt_prediction_matrices/gc_mlp_base/fold4/prediction.npz,e0d42a64d71d9e8a211a5c5dfdc52bdcf0e663887edd57a27613ab5d27d65e81,68a62507c7c3dd3f174b30052fcf6a936f07d134ac94af8f19f311bde31fbad9,d9dc6d56ebb13f700360ec0162c7605c8d1d7d29130152919c1ac41e706d0990,0.198713419254355,1.2864460640966353,0.4595140536987369,0.04816402252230753,1.0
B,Vis9A,Vis9A_D7_spaim_effective4470,4,GeneSPT,correct,predictable_spatial_program_selected_correct,matched_identity_readout_psp_pair,matched_identity_readout,identity,none,final_test_genes,mechanism_ablation_prediction_matrices/panel_b/Vis9A_D7_spaim_effective4470/correct/fold4/prediction.npz,mechanism_ablation_prediction_matrices/panel_b/Vis9A_D7_spaim_effective4470/correct/fold4/metadata.json,mechanism_ablation_prediction_matrices/panel_b/Vis9A_D7_spaim_effective4470/correct/fold4/test_gene_idx.npy,ground_truth_protocol_a/Vis9A_D7_spaim_effective4470/fold4/truth.npz,ground_truth/Vis9A_D7_spaim_effective4470/gene_names.txt,"[995,894]",float32,39173a1c52bb1200f03919c267e75ad9924164349a6d97e2a24e1d485237f54d,3259219,881cde19da693bbb85aef6dab16013889c48bcf1627bc13cfc9825676ead6efb,1c103fefb542a56adead736a68e00112100b512663b8d80695177b5aac4244a0,genespt/benchmark/Vis9A_D7_spaim_effective4470/fold4/protocol_a_genespt_prediction_matrices/predictable_spatial_program_selected_correct/fold4/prediction.npz,8344c75aedb979930f2dfb5b795498e61ea25e0f56c52b307f3d0b56591aeb56,bebd5342d713594a82f0b4d0b209fe25a79ea16882b7440a2e752d66c6284dec,d9dc6d56ebb13f700360ec0162c7605c8d1d7d29130152919c1ac41e706d0990,0.2020022786867232,1.2841693672982346,0.4594609496628602,0.045229363860110346,1.0
C,Vis9A,Vis9A_D7_spaim_effective4470,0,GC-only,base,gc_mlp_base,formal_primary_mechanism_controls,figure3_c_primary_mechanism_controls,identity,none,final_test_genes,mechanism_ablation_prediction_matrices/panel_c/Vis9A_D7_spaim_effective4470/base/fold0/prediction.npz,mechanism_ablation_prediction_matrices/panel_c/Vis9A_D7_spaim_effective4470/base/fold0/metadata.json,mechanism_ablation_prediction_matrices/panel_c/Vis9A_D7_spaim_effective4470/base/fold0/test_gene_idx.npy,ground_truth_protocol_a/Vis9A_D7_spaim_effective4470/fold0/truth.npz,ground_truth/Vis9A_D7_spaim_effective4470/gene_names.txt,"[995,894]",float32,cd1093dc5ed13e1d3457a0e98ac1d8ca8ef3bbe665d17fcddbaeb4214b197f4a,3268337,5de07b0f18f12ab3d27c90a5d35d580ec5797413ae7a3b9707ef721a10a09a73,7480af17ae915418113f18506d281e07455a1e057935768e13ca90d158185a03,genespt/primary_mechanism_controls/Vis9A_D7_spaim_effective4470/fold0/protocol_a_genespt_primary_controls_prediction_matrices/gc_mlp_base/fold0/prediction.npz,e563b614331ffa7ed34806b83d4f1ee47e914a45b0c49f2e91bb43f8bb0d033b,f2f1545c06ef1d96ceec0c3d8e300bda87aaa3af58c44f16462599783f5b3db1,52241b098e2ddeab4fbda5f7e06413349476b6619520502e6b6b492cf2c2dcbc,0.1876979189486263,1.3057449916481931,0.4728188221389939,0.0356764556804615,1.0
C,Vis9A,Vis9A_D7_spaim_effective4470,0,Correct PSP,correct,predictable_spatial_program_selected_correct,formal_primary_mechanism_controls,figure3_c_primary_mechanism_controls,identity,none,final_test_genes,mechanism_ablation_prediction_matrices/panel_c/Vis9A_D7_spaim_effective4470/correct/fold0/prediction.npz,mechanism_ablation_prediction_matrices/panel_c/Vis9A_D7_spaim_effective4470/correct/fold0/metadata.json,mechanism_ablation_prediction_matrices/panel_c/Vis9A_D7_spaim_effective4470/correct/fold0/test_gene_idx.npy,ground_truth_protocol_a/Vis9A_D7_spaim_effective4470/fold0/truth.npz,ground_truth/Vis9A_D7_spaim_effective4470/gene_names.txt,"[995,894]",float32,942460bbb9fc177828c957bd57e0dad6807676a01ff8251e01bd130201725770,3261316,1180e96701e2c80e085ce3bb6a07d836ed2a3d4bd34e488949680a985fa9d0f0,7480af17ae915418113f18506d281e07455a1e057935768e13ca90d158185a03,genespt/primary_mechanism_controls/Vis9A_D7_spaim_effective4470/fold0/protocol_a_genespt_primary_controls_prediction_matrices/predictable_spatial_program_selected_correct/fold0/prediction.npz,7ba4a0e753dc15f85dee3a47a37d0023ca1d88e086161f5c1e736bdf828ff5ba,b5e5a6aa6b5c2434abcb8d70739d9e16613de5551448ec19aa0d749b5dfc5f66,52241b098e2ddeab4fbda5f7e06413349476b6619520502e6b6b492cf2c2dcbc,0.1907779114432491,1.3034883673431303,0.4727041592551373,0.0347664602353301,1.0
C,Vis9A,Vis9A_D7_spaim_effective4470,0,Mean coefficient,mean_coefficient,predictable_spatial_program_mean_coefficient_baseline_control,formal_primary_mechanism_controls,figure3_c_primary_mechanism_controls,identity,none,final_test_genes,mechanism_ablation_prediction_matrices/panel_c/Vis9A_D7_spaim_effective4470/mean_coefficient/fold0/prediction.npz,mechanism_ablation_prediction_matrices/panel_c/Vis9A_D7_spaim_effective4470/mean_coefficient/fold0/metadata.json,mechanism_ablation_prediction_matrices/panel_c/Vis9A_D7_spaim_effective4470/mean_coefficient/fold0/test_gene_idx.npy,ground_truth_protocol_a/Vis9A_D7_spaim_effective4470/fold0/truth.npz,ground_truth/Vis9A_D7_spaim_effective4470/gene_names.txt,"[995,894]",float32,fcd0d89b46646f8773d746430706a24803f86dd080a4d8771265203516a9ab4a,3241928,d9b1f42f308b2ad1c552adc31b201ead37f5a1e6fd4ffc4d54b4ca79a7a33b44,7480af17ae915418113f18506d281e07455a1e057935768e13ca90d158185a03,genespt/primary_mechanism_controls/Vis9A_D7_spaim_effective4470/fold0/protocol_a_genespt_primary_controls_prediction_matrices/predictable_spatial_program_mean_coefficient_baseline_control/fold0/prediction.npz,6957a68127657f6e49469f004426837bba8078804bd68a8bc53af6950939d4b2,f07af4bc3e6603ae8405bcab2da92a0e336db6d1284acee3c4426ee6611cfc43,52241b098e2ddeab4fbda5f7e06413349476b6619520502e6b6b492cf2c2dcbc,0.1881049462747089,1.3066523907790544,0.4767174728091395,0.0309189659912746,1.0
C,Vis9A,Vis9A_D7_spaim_effective4470,0,Permuted labels,permuted_labels,predictable_spatial_program_permuted_labels_control,formal_primary_mechanism_controls,figure3_c_primary_mechanism_controls,identity,none,final_test_genes,mechanism_ablation_prediction_matrices/panel_c/Vis9A_D7_spaim_effective4470/permuted_labels/fold0/prediction.npz,mechanism_ablation_prediction_matrices/panel_c/Vis9A_D7_spaim_effective4470/permuted_labels/fold0/metadata.json,mechanism_ablation_prediction_matrices/panel_c/Vis9A_D7_spaim_effective4470/permuted_labels/fold0/test_gene_idx.npy,ground_truth_protocol_a/Vis9A_D7_spaim_effective4470/fold0/truth.npz,ground_truth/Vis9A_D7_spaim_effective4470/gene_names.txt,"[995,894]",float32,1ad5020c98002ee07b0f05999b05723206a168932718936e525ac0a17f8b8ede,3243038,0645131236fe51b696f54603b039cfb309f8d782e55c329f05f7a52292a79383,7480af17ae915418113f18506d281e07455a1e057935768e13ca90d158185a03,genespt/primary_mechanism_controls/Vis9A_D7_spaim_effective4470/fold0/protocol_a_genespt_primary_controls_prediction_matrices/predictable_spatial_program_permuted_labels_control/fold0/prediction.npz,292e9794c274915de616958f1a3a522151b3c35b39d299d230be8cbf0d51a74d,8d62d34bfd148e6140330492b2caca2064bfa8154e7e8ee9c96ec5e1ecfbd7b3,52241b098e2ddeab4fbda5f7e06413349476b6619520502e6b6b492cf2c2dcbc,0.1885726002359866,1.3076302289602135,0.4767851656649468,0.0308440336110979,1.0
C,Vis9A,Vis9A_D7_spaim_effective4470,0,Random descriptor,random_descriptor,predictable_spatial_program_random_descriptor_control,formal_primary_mechanism_controls,figure3_c_primary_mechanism_controls,identity,none,final_test_genes,mechanism_ablation_prediction_matrices/panel_c/Vis9A_D7_spaim_effective4470/random_descriptor/fold0/prediction.npz,mechanism_ablation_prediction_matrices/panel_c/Vis9A_D7_spaim_effective4470/random_descriptor/fold0/metadata.json,mechanism_ablation_prediction_matrices/panel_c/Vis9A_D7_spaim_effective4470/random_descriptor/fold0/test_gene_idx.npy,ground_truth_protocol_a/Vis9A_D7_spaim_effective4470/fold0/truth.npz,ground_truth/Vis9A_D7_spaim_effective4470/gene_names.txt,"[995,894]",float32,9fef5cd49d4090a547ce455493bae738547c34ab0f7cd0b6361ff47f88bd3779,3242985,1a27eed9f677c42de37422ce46229d03b87cea7fcca4ba4d9ac2ca13db962f5c,7480af17ae915418113f18506d281e07455a1e057935768e13ca90d158185a03,genespt/primary_mechanism_controls/Vis9A_D7_spaim_effective4470/fold0/protocol_a_genespt_primary_controls_prediction_matrices/predictable_spatial_program_random_descriptor_control/fold0/prediction.npz,359d79446eb14484f8417baec2933e5c5a02a31612fa5645bc48742ed7088a42,f7708f763cf42d89e1d20ae453a5d333f3ce3c9f5351b1e86b2ab9f7435a5c29,52241b098e2ddeab4fbda5f7e06413349476b6619520502e6b6b492cf2c2dcbc,0.187491859159561,1.3066540311826027,0.4767724860178302,0.0301893189791062,1.0
C,Vis9A,Vis9A_D7_spaim_effective4470,0,Random spatial basis,random_spatial_basis,predictable_spatial_program_random_spatial_basis_control,formal_primary_mechanism_controls,figure3_c_primary_mechanism_controls,identity,none,final_test_genes,mechanism_ablation_prediction_matrices/panel_c/Vis9A_D7_spaim_effective4470/random_spatial_basis/fold0/prediction.npz,mechanism_ablation_prediction_matrices/panel_c/Vis9A_D7_spaim_effective4470/random_spatial_basis/fold0/metadata.json,mechanism_ablation_prediction_matrices/panel_c/Vis9A_D7_spaim_effective4470/random_spatial_basis/fold0/test_gene_idx.npy,ground_truth_protocol_a/Vis9A_D7_spaim_effective4470/fold0/truth.npz,ground_truth/Vis9A_D7_spaim_effective4470/gene_names.txt,"[995,894]",float32,534db980605a7b20aea5ace1a97a2de49cc214bf96f38a99857d5f7b958dc60f,3261743,fe3ba32493ea8dbfe038becca8036235df6cca5279dec21e997415bf8af14e4d,7480af17ae915418113f18506d281e07455a1e057935768e13ca90d158185a03,genespt/primary_mechanism_controls/Vis9A_D7_spaim_effective4470/fold0/protocol_a_genespt_primary_controls_prediction_matrices/predictable_spatial_program_random_spatial_basis_control/fold0/prediction.npz,868aa967b09d46bf5aa68b9e313d084f93aeb89a93852efea9c5e7e108a727ef,2cc5bb977b09c872fa21beaa664529f0c4164109255a14fdf6df30231a891f19,52241b098e2ddeab4fbda5f7e06413349476b6619520502e6b6b492cf2c2dcbc,0.1838141083264348,1.3078238195995906,0.4746710290080985,0.0352034197072586,1.0
C,Vis9A,Vis9A_D7_spaim_effective4470,0,Shuffled descriptor,shuffled_descriptor,predictable_spatial_program_shuffled_descriptor_control,formal_primary_mechanism_controls,figure3_c_primary_mechanism_controls,identity,none,final_test_genes,mechanism_ablation_prediction_matrices/panel_c/Vis9A_D7_spaim_effective4470/shuffled_descriptor/fold0/prediction.npz,mechanism_ablation_prediction_matrices/panel_c/Vis9A_D7_spaim_effective4470/shuffled_descriptor/fold0/metadata.json,mechanism_ablation_prediction_matrices/panel_c/Vis9A_D7_spaim_effective4470/shuffled_descriptor/fold0/test_gene_idx.npy,ground_truth_protocol_a/Vis9A_D7_spaim_effective4470/fold0/truth.npz,ground_truth/Vis9A_D7_spaim_effective4470/gene_names.txt,"[995,894]",float32,81a28074117e2926205dc151c99e800219d10778882f6419c9578d74792abc46,3243298,cb5c7d5e0e7960edbbbb365ffb7f99360956f4d064cfa6fc267e301009da7531,7480af17ae915418113f18506d281e07455a1e057935768e13ca90d158185a03,genespt/primary_mechanism_controls/Vis9A_D7_spaim_effective4470/fold0/protocol_a_genespt_primary_controls_prediction_matrices/predictable_spatial_program_shuffled_descriptor_control/fold0/prediction.npz,c550c94acc6b972f334f6ef286e3a40027ada8e487b949cd5be9d572faf02b79,5301e211548c023b79e292d2d382cd92d66be95228cf34311eca577d9c86d7ff,52241b098e2ddeab4fbda5f7e06413349476b6619520502e6b6b492cf2c2dcbc,0.1883959044369393,1.3066317138674286,0.477622096932602,0.0310531591245418,1.0
C,Vis9A,Vis9A_D7_spaim_effective4470,0,Spot-permuted program,spot_permuted_spatial_program,predictable_spatial_program_spot_permuted_spatial_program_control,formal_primary_mechanism_controls,figure3_c_primary_mechanism_controls,identity,none,final_test_genes,mechanism_ablation_prediction_matrices/panel_c/Vis9A_D7_spaim_effective4470/spot_permuted_spatial_program/fold0/prediction.npz,mechanism_ablation_prediction_matrices/panel_c/Vis9A_D7_spaim_effective4470/spot_permuted_spatial_program/fold0/metadata.json,mechanism_ablation_prediction_matrices/panel_c/Vis9A_D7_spaim_effective4470/spot_permuted_spatial_program/fold0/test_gene_idx.npy,ground_truth_protocol_a/Vis9A_D7_spaim_effective4470/fold0/truth.npz,ground_truth/Vis9A_D7_spaim_effective4470/gene_names.txt,"[995,894]",float32,eaf1beca31bb656f585f6f60c107f9ebafc7933dfa6aaa0c120edda60310f498,3256688,e2941a3f95a24cff0c2eb381e240af6c7f777e0ff91bf5f1f92ef294e6281a14,7480af17ae915418113f18506d281e07455a1e057935768e13ca90d158185a03,genespt/primary_mechanism_controls/Vis9A_D7_spaim_effective4470/fold0/protocol_a_genespt_primary_controls_prediction_matrices/predictable_spatial_program_spot_permuted_spatial_program_control/fold0/prediction.npz,fa92b7703bdb67065514d17fde4f7151c42e69093c7a3cee5dd4a9d26430ad50,008aba10eeb373955631a8194eb4d07e54f77d6549a975dbd3ebf3987003981f,52241b098e2ddeab4fbda5f7e06413349476b6619520502e6b6b492cf2c2dcbc,0.1854831658681794,1.3066462282672089,0.4805029040222858,0.0319482948735312,1.0
C,Vis9A,Vis9A_D7_spaim_effective4470,1,GC-only,base,gc_mlp_base,formal_primary_mechanism_controls,figure3_c_primary_mechanism_controls,identity,none,final_test_genes,mechanism_ablation_prediction_matrices/panel_c/Vis9A_D7_spaim_effective4470/base/fold1/prediction.npz,mechanism_ablation_prediction_matrices/panel_c/Vis9A_D7_spaim_effective4470/base/fold1/metadata.json,mechanism_ablation_prediction_matrices/panel_c/Vis9A_D7_spaim_effective4470/base/fold1/test_gene_idx.npy,ground_truth_protocol_a/Vis9A_D7_spaim_effective4470/fold1/truth.npz,ground_truth/Vis9A_D7_spaim_effective4470/gene_names.txt,"[995,894]",float32,0e7caa1d3dad9d3d7da4a5b268ca3740912ae2a5362c52309d4740196744b09e,3261916,7cc37dbfbd7a015554d7384e0fa62a1ea2992c57b350defecdb63f061a5f79d8,46c82b360e5dd491a62e06fe287cabbbb9ab55a291aff6a677d1cf559ab5e174,genespt/primary_mechanism_controls/Vis9A_D7_spaim_effective4470/fold1/protocol_a_genespt_primary_controls_prediction_matrices/gc_mlp_base/fold1/prediction.npz,4740b758b70223ff89178f358a48aad5a1f726cfcf453d14a66ada9ad1bd4f3f,e56dd364f5fa08e01dfae571fcbe60bee4963c67fbbb7a68dcec39160acac805,54433fb86021e584309c12afc71860af73aa7c39c0bc58f9dc37d566918afce2,0.192562002521587,1.2991916195545858,0.4637628450674831,0.0363648289094772,1.0
C,Vis9A,Vis9A_D7_spaim_effective4470,1,Correct PSP,correct,predictable_spatial_program_selected_correct,formal_primary_mechanism_controls,figure3_c_primary_mechanism_controls,identity,none,final_test_genes,mechanism_ablation_prediction_matrices/panel_c/Vis9A_D7_spaim_effective4470/correct/fold1/prediction.npz,mechanism_ablation_prediction_matrices/panel_c/Vis9A_D7_spaim_effective4470/correct/fold1/metadata.json,mechanism_ablation_prediction_matrices/panel_c/Vis9A_D7_spaim_effective4470/correct/fold1/test_gene_idx.npy,ground_truth_protocol_a/Vis9A_D7_spaim_effective4470/fold1/truth.npz,ground_truth/Vis9A_D7_spaim_effective4470/gene_names.txt,"[995,894]",float32,4815f490b1f2a3838339e45f76305ff7049fdd01c6159bf7235b6a0ad45f25b7,3240172,7ce54a381328ef36f8bc88185908cb03f9ad2e747d619f3f06ac5fe204ed8855,46c82b360e5dd491a62e06fe287cabbbb9ab55a291aff6a677d1cf559ab5e174,genespt/primary_mechanism_controls/Vis9A_D7_spaim_effective4470/fold1/protocol_a_genespt_primary_controls_prediction_matrices/predictable_spatial_program_selected_correct/fold1/prediction.npz,a5ade49047137ef766eb7b20ff9890e5a841d980673884bf0b8468ab78f58b41,039af785a0efa1fd5399c66720b325b69930cf9749b4c7957dd49f1749221308,54433fb86021e584309c12afc71860af73aa7c39c0bc58f9dc37d566918afce2,0.1962772909375697,1.2957956601320455,0.4642981860360519,0.0371363167519582,1.0
C,Vis9A,Vis9A_D7_spaim_effective4470,1,Mean coefficient,mean_coefficient,predictable_spatial_program_mean_coefficient_baseline_control,formal_primary_mechanism_controls,figure3_c_primary_mechanism_controls,identity,none,final_test_genes,mechanism_ablation_prediction_matrices/panel_c/Vis9A_D7_spaim_effective4470/mean_coefficient/fold1/prediction.npz,mechanism_ablation_prediction_matrices/panel_c/Vis9A_D7_spaim_effective4470/mean_coefficient/fold1/metadata.json,mechanism_ablation_prediction_matrices/panel_c/Vis9A_D7_spaim_effective4470/mean_coefficient/fold1/test_gene_idx.npy,ground_truth_protocol_a/Vis9A_D7_spaim_effective4470/fold1/truth.npz,ground_truth/Vis9A_D7_spaim_effective4470/gene_names.txt,"[995,894]",float32,eb4cd6a1c7f3bdb926148a13605a488f20c9156599c6078fcf2f2879602e68a2,3167184,5deda8b73efd17b8b6a1ba330f390b42978bd71990c2c2622bd508b96b11ee89,46c82b360e5dd491a62e06fe287cabbbb9ab55a291aff6a677d1cf559ab5e174,genespt/primary_mechanism_controls/Vis9A_D7_spaim_effective4470/fold1/protocol_a_genespt_primary_controls_prediction_matrices/predictable_spatial_program_mean_coefficient_baseline_control/fold1/prediction.npz,e57e519c227d5cb75d69640f5235071eafe5a44652516dfd65284ed2fcb0c307,913b5f5861b469b7b038a93e6f7aada8cc32cfca221c1097abf52b93df44abed,54433fb86021e584309c12afc71860af73aa7c39c0bc58f9dc37d566918afce2,0.1885442739939831,1.3023120444006715,0.4691433170042111,0.0306148143652542,1.0
C,Vis9A,Vis9A_D7_spaim_effective4470,1,Permuted labels,permuted_labels,predictable_spatial_program_permuted_labels_control,formal_primary_mechanism_controls,figure3_c_primary_mechanism_controls,identity,none,final_test_genes,mechanism_ablation_prediction_matrices/panel_c/Vis9A_D7_spaim_effective4470/permuted_labels/fold1/prediction.npz,mechanism_ablation_prediction_matrices/panel_c/Vis9A_D7_spaim_effective4470/permuted_labels/fold1/metadata.json,mechanism_ablation_prediction_matrices/panel_c/Vis9A_D7_spaim_effective4470/permuted_labels/fold1/test_gene_idx.npy,ground_truth_protocol_a/Vis9A_D7_spaim_effective4470/fold1/truth.npz,ground_truth/Vis9A_D7_spaim_effective4470/gene_names.txt,"[995,894]",float32,1f662ae9ef5f1b43ab6435abacb7c1bb675690c2bb346598fe46746fc96ee006,3172023,247e083397381be74cca061f5c0f89bc21affb97b20529d376eb7f25d645854a,46c82b360e5dd491a62e06fe287cabbbb9ab55a291aff6a677d1cf559ab5e174,genespt/primary_mechanism_controls/Vis9A_D7_spaim_effective4470/fold1/protocol_a_genespt_primary_controls_prediction_matrices/predictable_spatial_program_permuted_labels_control/fold1/prediction.npz,3e9bae263e103e58b1122743b78910d107071a90408ab1c07b7b074e3fa98581,5536aefd2c953b1bfc935b7faefae4915aad94bc777b220cfeec59551d2bc2b0,54433fb86021e584309c12afc71860af73aa7c39c0bc58f9dc37d566918afce2,0.186875458873068,1.3020891505190404,0.4678790396529849,0.0306980238477009,1.0
C,Vis9A,Vis9A_D7_spaim_effective4470,1,Random descriptor,random_descriptor,predictable_spatial_program_random_descriptor_control,formal_primary_mechanism_controls,figure3_c_primary_mechanism_controls,identity,none,final_test_genes,mechanism_ablation_prediction_matrices/panel_c/Vis9A_D7_spaim_effective4470/random_descriptor/fold1/prediction.npz,mechanism_ablation_prediction_matrices/panel_c/Vis9A_D7_spaim_effective4470/random_descriptor/fold1/metadata.json,mechanism_ablation_prediction_matrices/panel_c/Vis9A_D7_spaim_effective4470/random_descriptor/fold1/test_gene_idx.npy,ground_truth_protocol_a/Vis9A_D7_spaim_effective4470/fold1/truth.npz,ground_truth/Vis9A_D7_spaim_effective4470/gene_names.txt,"[995,894]",float32,80dddaa0d4415de3a917ef2f858545f3da71b1184c31d7cf868e4ba990881f79,3172951,97bbfce675dd896ca87d6fe7ba2d1a1421447318e7b2d2de72a8927897512681,46c82b360e5dd491a62e06fe287cabbbb9ab55a291aff6a677d1cf559ab5e174,genespt/primary_mechanism_controls/Vis9A_D7_spaim_effective4470/fold1/protocol_a_genespt_primary_controls_prediction_matrices/predictable_spatial_program_random_descriptor_control/fold1/prediction.npz,67076b4e431cec3dc801d939e030eb792554b61f26c78955d8cba591dadd7334,6a6c6ec8a3f2a0cb2e1b8ca784ade75421f6c1771e37b685dfa4fc924f654fec,54433fb86021e584309c12afc71860af73aa7c39c0bc58f9dc37d566918afce2,0.1883771369882106,1.303218145472372,0.4688513175964496,0.0306019913564771,1.0
C,Vis9A,Vis9A_D7_spaim_effective4470,1,Random spatial basis,random_spatial_basis,predictable_spatial_program_random_spatial_basis_control,formal_primary_mechanism_controls,figure3_c_primary_mechanism_controls,identity,none,final_test_genes,mechanism_ablation_prediction_matrices/panel_c/Vis9A_D7_spaim_effective4470/random_spatial_basis/fold1/prediction.npz,mechanism_ablation_prediction_matrices/panel_c/Vis9A_D7_spaim_effective4470/random_spatial_basis/fold1/metadata.json,mechanism_ablation_prediction_matrices/panel_c/Vis9A_D7_spaim_effective4470/random_spatial_basis/fold1/test_gene_idx.npy,ground_truth_protocol_a/Vis9A_D7_spaim_effective4470/fold1/truth.npz,ground_truth/Vis9A_D7_spaim_effective4470/gene_names.txt,"[995,894]",float32,6e2aa934c3782c895bc44dfd827819b4a6d247c07d2ca03dd06aa9aa8b6cc44c,3240191,5426c5e31262a31ca4c1c55504ed187ba0f57c00778ff85cffa2da4aeed07e86,46c82b360e5dd491a62e06fe287cabbbb9ab55a291aff6a677d1cf559ab5e174,genespt/primary_mechanism_controls/Vis9A_D7_spaim_effective4470/fold1/protocol_a_genespt_primary_controls_prediction_matrices/predictable_spatial_program_random_spatial_basis_control/fold1/prediction.npz,9e36d5edce37a674e7dec227e720602643c607fd1340f0e65c05316380a45d22,0b1b57ba1bc5227a2b6434fc1545e4ea05a6a3f9aded7f48ce5738477e741d39,54433fb86021e584309c12afc71860af73aa7c39c0bc58f9dc37d566918afce2,0.16085455965585,1.3174808317258386,0.4668918976430185,0.0343928049281505,1.0
C,Vis9A,Vis9A_D7_spaim_effective4470,1,Shuffled descriptor,shuffled_descriptor,predictable_spatial_program_shuffled_descriptor_control,formal_primary_mechanism_controls,figure3_c_primary_mechanism_controls,identity,none,final_test_genes,mechanism_ablation_prediction_matrices/panel_c/Vis9A_D7_spaim_effective4470/shuffled_descriptor/fold1/prediction.npz,mechanism_ablation_prediction_matrices/panel_c/Vis9A_D7_spaim_effective4470/shuffled_descriptor/fold1/metadata.json,mechanism_ablation_prediction_matrices/panel_c/Vis9A_D7_spaim_effective4470/shuffled_descriptor/fold1/test_gene_idx.npy,ground_truth_protocol_a/Vis9A_D7_spaim_effective4470/fold1/truth.npz,ground_truth/Vis9A_D7_spaim_effective4470/gene_names.txt,"[995,894]",float32,d57720f1036737eef28abbca381b5d4503566f00654bb943fe52be9c9b4e51f1,3170297,3c61e8434b5ade58fafa00bc20a087c16011a9b3491bc9605e09c432110d9bb1,46c82b360e5dd491a62e06fe287cabbbb9ab55a291aff6a677d1cf559ab5e174,genespt/primary_mechanism_controls/Vis9A_D7_spaim_effective4470/fold1/protocol_a_genespt_primary_controls_prediction_matrices/predictable_spatial_program_shuffled_descriptor_control/fold1/prediction.npz,f5cbda52a7acff3cafa94a2fd57158b95b7dcde2137bdcc721495602d833e25e,1288f4ae2300c68763de6426106d85bbe0cc229b9d8128120faabf3721e1b227,54433fb86021e584309c12afc71860af73aa7c39c0bc58f9dc37d566918afce2,0.188594315814048,1.3028854796319904,0.4693934030563303,0.0307509933790588,1.0
C,Vis9A,Vis9A_D7_spaim_effective4470,1,Spot-permuted program,spot_permuted_spatial_program,predictable_spatial_program_spot_permuted_spatial_program_control,formal_primary_mechanism_controls,figure3_c_primary_mechanism_controls,identity,none,final_test_genes,mechanism_ablation_prediction_matrices/panel_c/Vis9A_D7_spaim_effective4470/spot_permuted_spatial_program/fold1/prediction.npz,mechanism_ablation_prediction_matrices/panel_c/Vis9A_D7_spaim_effective4470/spot_permuted_spatial_program/fold1/metadata.json,mechanism_ablation_prediction_matrices/panel_c/Vis9A_D7_spaim_effective4470/spot_permuted_spatial_program/fold1/test_gene_idx.npy,ground_truth_protocol_a/Vis9A_D7_spaim_effective4470/fold1/truth.npz,ground_truth/Vis9A_D7_spaim_effective4470/gene_names.txt,"[995,894]",float32,7249f9d7fdf75f7afe27004c3d765cdba0fca1f1c86581bf670a57752bb03fc7,3232184,b21e0f8450909ee9e377f2a379b5fa35feb9206c99684fd758442ad1fa669efc,46c82b360e5dd491a62e06fe287cabbbb9ab55a291aff6a677d1cf559ab5e174,genespt/primary_mechanism_controls/Vis9A_D7_spaim_effective4470/fold1/protocol_a_genespt_primary_controls_prediction_matrices/predictable_spatial_program_spot_permuted_spatial_program_control/fold1/prediction.npz,67b6e6f25482526ad023fe109fd482ad7bf6107ba177cf620470d8efbf9612ae,a8ec9fc7fd2ccb6c3eeb2c27c53fd69f01e7dd0379804b96b0570e90c01454df,54433fb86021e584309c12afc71860af73aa7c39c0bc58f9dc37d566918afce2,0.1778076096024137,1.3064780256110402,0.4744796187854446,0.0286863290783099,1.0
C,Vis9A,Vis9A_D7_spaim_effective4470,2,GC-only,base,gc_mlp_base,formal_primary_mechanism_controls,figure3_c_primary_mechanism_controls,identity,none,final_test_genes,mechanism_ablation_prediction_matrices/panel_c/Vis9A_D7_spaim_effective4470/base/fold2/prediction.npz,mechanism_ablation_prediction_matrices/panel_c/Vis9A_D7_spaim_effective4470/base/fold2/metadata.json,mechanism_ablation_prediction_matrices/panel_c/Vis9A_D7_spaim_effective4470/base/fold2/test_gene_idx.npy,ground_truth_protocol_a/Vis9A_D7_spaim_effective4470/fold2/truth.npz,ground_truth/Vis9A_D7_spaim_effective4470/gene_names.txt,"[995,894]",float32,071a80cb6bf4783f47ef030638fa4bafde5fb3febbe2dc3681ead3e4e8368e7a,3268617,d8a72e093c29afc3d57accb87d79b50d2322e092a4d63975290055fbcfe60e3d,171131c765a7dd984b0a392ab8c32d322a7a5c01d6a97cc995e2d5c67d30140d,genespt/primary_mechanism_controls/Vis9A_D7_spaim_effective4470/fold2/protocol_a_genespt_primary_controls_prediction_matrices/gc_mlp_base/fold2/prediction.npz,5d2ecfdcf6860d63731e7422f7e894e45c9f9fe31e28f14ec201686882d68c2b,b18996d9cdb8b208e4cee51a3755ffb99dcef901edb601cab1cc816b5b3e4da6,7f9f17c9c7d569e036efb0ea6d20d251f8621bdd38c7b478b790f62291ac1356,0.192601255248822,1.2939627851028468,0.4721168536699091,0.0341397893741482,1.0
C,Vis9A,Vis9A_D7_spaim_effective4470,2,Correct PSP,correct,predictable_spatial_program_selected_correct,formal_primary_mechanism_controls,figure3_c_primary_mechanism_controls,identity,none,final_test_genes,mechanism_ablation_prediction_matrices/panel_c/Vis9A_D7_spaim_effective4470/correct/fold2/prediction.npz,mechanism_ablation_prediction_matrices/panel_c/Vis9A_D7_spaim_effective4470/correct/fold2/metadata.json,mechanism_ablation_prediction_matrices/panel_c/Vis9A_D7_spaim_effective4470/correct/fold2/test_gene_idx.npy,ground_truth_protocol_a/Vis9A_D7_spaim_effective4470/fold2/truth.npz,ground_truth/Vis9A_D7_spaim_effective4470/gene_names.txt,"[995,894]",float32,fee76960c302471b97a500508a2f46fd326059b4b868ae0b43f7f457187ad12c,3260744,4fc6ba794ffa0fea3f1e4ca31895c0e4210b68993177a252de672bd08543f9db,171131c765a7dd984b0a392ab8c32d322a7a5c01d6a97cc995e2d5c67d30140d,genespt/primary_mechanism_controls/Vis9A_D7_spaim_effective4470/fold2/protocol_a_genespt_primary_controls_prediction_matrices/predictable_spatial_program_selected_correct/fold2/prediction.npz,7ecd0fe583a693800de64976e2746f628bb299d23d3fabcbba8956cacb2a5742,9767038deea6c209a3a5c6233ddc6a0d722d143cf4dab3be6e3678a974ee5a1a,7f9f17c9c7d569e036efb0ea6d20d251f8621bdd38c7b478b790f62291ac1356,0.1965292559636702,1.2915399063291997,0.4704454867062435,0.0342813414243019,1.0
C,Vis9A,Vis9A_D7_spaim_effective4470,2,Mean coefficient,mean_coefficient,predictable_spatial_program_mean_coefficient_baseline_control,formal_primary_mechanism_controls,figure3_c_primary_mechanism_controls,identity,none,final_test_genes,mechanism_ablation_prediction_matrices/panel_c/Vis9A_D7_spaim_effective4470/mean_coefficient/fold2/prediction.npz,mechanism_ablation_prediction_matrices/panel_c/Vis9A_D7_spaim_effective4470/mean_coefficient/fold2/metadata.json,mechanism_ablation_prediction_matrices/panel_c/Vis9A_D7_spaim_effective4470/mean_coefficient/fold2/test_gene_idx.npy,ground_truth_protocol_a/Vis9A_D7_spaim_effective4470/fold2/truth.npz,ground_truth/Vis9A_D7_spaim_effective4470/gene_names.txt,"[995,894]",float32,20e7e9b79a6cd98df2ca746b3974c065adf9a730ba7fc841b3dba404c218da9a,3238748,784aab9aadb1ab4fe006b820652d662b31fe255fe5e7b9cb2efb5da6bf0325e2,171131c765a7dd984b0a392ab8c32d322a7a5c01d6a97cc995e2d5c67d30140d,genespt/primary_mechanism_controls/Vis9A_D7_spaim_effective4470/fold2/protocol_a_genespt_primary_controls_prediction_matrices/predictable_spatial_program_mean_coefficient_baseline_control/fold2/prediction.npz,9d957f15a7569a70d0fa54197355ecd5b6fead9c4af95d45d52c5409e0111238,fcf6a4e7a947a388765e9c0999c972eee8604f060a8a0e6d7c8f53c55b7d26b6,7f9f17c9c7d569e036efb0ea6d20d251f8621bdd38c7b478b790f62291ac1356,0.192621752792632,1.2961729679935647,0.4758184670070785,0.0315237410046429,1.0
C,Vis9A,Vis9A_D7_spaim_effective4470,2,Permuted labels,permuted_labels,predictable_spatial_program_permuted_labels_control,formal_primary_mechanism_controls,figure3_c_primary_mechanism_controls,identity,none,final_test_genes,mechanism_ablation_prediction_matrices/panel_c/Vis9A_D7_spaim_effective4470/permuted_labels/fold2/prediction.npz,mechanism_ablation_prediction_matrices/panel_c/Vis9A_D7_spaim_effective4470/permuted_labels/fold2/metadata.json,mechanism_ablation_prediction_matrices/panel_c/Vis9A_D7_spaim_effective4470/permuted_labels/fold2/test_gene_idx.npy,ground_truth_protocol_a/Vis9A_D7_spaim_effective4470/fold2/truth.npz,ground_truth/Vis9A_D7_spaim_effective4470/gene_names.txt,"[995,894]",float32,142f2f163ed4eb41e79a0d20ab762e19f845104f0a18aee80b042cf4c20d3b70,3239448,be9be0c0410d2e1e2bbefe6c18634bfc85eec269859132d7d6184dd498a2966f,171131c765a7dd984b0a392ab8c32d322a7a5c01d6a97cc995e2d5c67d30140d,genespt/primary_mechanism_controls/Vis9A_D7_spaim_effective4470/fold2/protocol_a_genespt_primary_controls_prediction_matrices/predictable_spatial_program_permuted_labels_control/fold2/prediction.npz,bed7b525c10b062c70102051fc33101f69f365aa2fbf7d7c34e5d9cf8015fbec,0fa1a1e5df13c0b03e0dea714862ef24a306975b89cf6d7a5f5619e0168478c9,7f9f17c9c7d569e036efb0ea6d20d251f8621bdd38c7b478b790f62291ac1356,0.192270522990511,1.2961398777826578,0.4754655762329045,0.0316595513122007,1.0
C,Vis9A,Vis9A_D7_spaim_effective4470,2,Random descriptor,random_descriptor,predictable_spatial_program_random_descriptor_control,formal_primary_mechanism_controls,figure3_c_primary_mechanism_controls,identity,none,final_test_genes,mechanism_ablation_prediction_matrices/panel_c/Vis9A_D7_spaim_effective4470/random_descriptor/fold2/prediction.npz,mechanism_ablation_prediction_matrices/panel_c/Vis9A_D7_spaim_effective4470/random_descriptor/fold2/metadata.json,mechanism_ablation_prediction_matrices/panel_c/Vis9A_D7_spaim_effective4470/random_descriptor/fold2/test_gene_idx.npy,ground_truth_protocol_a/Vis9A_D7_spaim_effective4470/fold2/truth.npz,ground_truth/Vis9A_D7_spaim_effective4470/gene_names.txt,"[995,894]",float32,8c7362facebda3223c5a1e382e4d12db650bc0f7f6688a611d9d96ef3b98c4ee,3240381,4bb9eebff758fd271af3b7d2faadc6aac6b13eaff1a4f746c69ce285f2614c02,171131c765a7dd984b0a392ab8c32d322a7a5c01d6a97cc995e2d5c67d30140d,genespt/primary_mechanism_controls/Vis9A_D7_spaim_effective4470/fold2/protocol_a_genespt_primary_controls_prediction_matrices/predictable_spatial_program_random_descriptor_control/fold2/prediction.npz,d6dd790a6cc542ba8a32f4a75fc03ee6d90ccf40b6c4eb5dcec82675801b5cc5,9931df9476df73bfc12a6217de0ae6662549bc0281960aa7451bf09ac18fa15c,7f9f17c9c7d569e036efb0ea6d20d251f8621bdd38c7b478b790f62291ac1356,0.1917333060766209,1.2963046527247737,0.4752492288189828,0.0316190074887525,1.0
C,Vis9A,Vis9A_D7_spaim_effective4470,2,Random spatial basis,random_spatial_basis,predictable_spatial_program_random_spatial_basis_control,formal_primary_mechanism_controls,figure3_c_primary_mechanism_controls,identity,none,final_test_genes,mechanism_ablation_prediction_matrices/panel_c/Vis9A_D7_spaim_effective4470/random_spatial_basis/fold2/prediction.npz,mechanism_ablation_prediction_matrices/panel_c/Vis9A_D7_spaim_effective4470/random_spatial_basis/fold2/metadata.json,mechanism_ablation_prediction_matrices/panel_c/Vis9A_D7_spaim_effective4470/random_spatial_basis/fold2/test_gene_idx.npy,ground_truth_protocol_a/Vis9A_D7_spaim_effective4470/fold2/truth.npz,ground_truth/Vis9A_D7_spaim_effective4470/gene_names.txt,"[995,894]",float32,dac744bbeec0b3a7f07130f49848651733982bd266d5d564ba213b3bea944598,3254322,d1406b0521af43fdcebb77ea64f0a3a61a5323779c66959e2116d1b7eebe3641,171131c765a7dd984b0a392ab8c32d322a7a5c01d6a97cc995e2d5c67d30140d,genespt/primary_mechanism_controls/Vis9A_D7_spaim_effective4470/fold2/protocol_a_genespt_primary_controls_prediction_matrices/predictable_spatial_program_random_spatial_basis_control/fold2/prediction.npz,1c9a5be87c6a14cc133062cad0fb25bb3983ab28ae074c79b5be29c4942665b8,3444f93fbf123eab12c3e95ab7b3a1c8ccc7a00f37b2c35b8e8f974398dd7a8a,7f9f17c9c7d569e036efb0ea6d20d251f8621bdd38c7b478b790f62291ac1356,0.1839468795660687,1.300359706774009,0.4729917069089016,0.0339287959848668,1.0
C,Vis9A,Vis9A_D7_spaim_effective4470,2,Shuffled descriptor,shuffled_descriptor,predictable_spatial_program_shuffled_descriptor_control,formal_primary_mechanism_controls,figure3_c_primary_mechanism_controls,identity,none,final_test_genes,mechanism_ablation_prediction_matrices/panel_c/Vis9A_D7_spaim_effective4470/shuffled_descriptor/fold2/prediction.npz,mechanism_ablation_prediction_matrices/panel_c/Vis9A_D7_spaim_effective4470/shuffled_descriptor/fold2/metadata.json,mechanism_ablation_prediction_matrices/panel_c/Vis9A_D7_spaim_effective4470/shuffled_descriptor/fold2/test_gene_idx.npy,ground_truth_protocol_a/Vis9A_D7_spaim_effective4470/fold2/truth.npz,ground_truth/Vis9A_D7_spaim_effective4470/gene_names.txt,"[995,894]",float32,23a3c8577494574c248583f3d9425c74a4943e52833b7c5ebde12a6f82d6dfab,3239835,1d8b3d7ef61eebe6949d2e845aa04648e02a35ad3d8ffc2264df5e515c73d383,171131c765a7dd984b0a392ab8c32d322a7a5c01d6a97cc995e2d5c67d30140d,genespt/primary_mechanism_controls/Vis9A_D7_spaim_effective4470/fold2/protocol_a_genespt_primary_controls_prediction_matrices/predictable_spatial_program_shuffled_descriptor_control/fold2/prediction.npz,1d51cb46c45fcee6b05f061837c19b1eb99fb6e7f62ac2abf0f0c7b03cc2411d,4e964f5d1f06776bd7ca7b735c4217c4ec5a082256fe95f3d803f53c7f099a6d,7f9f17c9c7d569e036efb0ea6d20d251f8621bdd38c7b478b790f62291ac1356,0.1906486304696187,1.2969165157921547,0.475636435986531,0.0314989288293927,1.0
C,Vis9A,Vis9A_D7_spaim_effective4470,2,Spot-permuted program,spot_permuted_spatial_program,predictable_spatial_program_spot_permuted_spatial_program_control,formal_primary_mechanism_controls,figure3_c_primary_mechanism_controls,identity,none,final_test_genes,mechanism_ablation_prediction_matrices/panel_c/Vis9A_D7_spaim_effective4470/spot_permuted_spatial_program/fold2/prediction.npz,mechanism_ablation_prediction_matrices/panel_c/Vis9A_D7_spaim_effective4470/spot_permuted_spatial_program/fold2/metadata.json,mechanism_ablation_prediction_matrices/panel_c/Vis9A_D7_spaim_effective4470/spot_permuted_spatial_program/fold2/test_gene_idx.npy,ground_truth_protocol_a/Vis9A_D7_spaim_effective4470/fold2/truth.npz,ground_truth/Vis9A_D7_spaim_effective4470/gene_names.txt,"[995,894]",float32,ef0c18730f923825bdc808a83a2c523cd103788383ae748c5145afafc5e98102,3255849,f2287f7a9e62a647dcee63b64e0e3371c0771c9cb0a6af06e212cdb311f6dbe5,171131c765a7dd984b0a392ab8c32d322a7a5c01d6a97cc995e2d5c67d30140d,genespt/primary_mechanism_controls/Vis9A_D7_spaim_effective4470/fold2/protocol_a_genespt_primary_controls_prediction_matrices/predictable_spatial_program_spot_permuted_spatial_program_control/fold2/prediction.npz,fa791b61c90c1bc7fbde30db548b62aa3088c08d2ba28ae783b574e4997caecf,39e0b108e7cf98ac4d39b2d27cbdd1812719e7d853c33fd00db6212f598dbc54,7f9f17c9c7d569e036efb0ea6d20d251f8621bdd38c7b478b790f62291ac1356,0.1888174453443128,1.2997387054537397,0.4765194711497922,0.0297279501466452,1.0
C,Vis9A,Vis9A_D7_spaim_effective4470,3,GC-only,base,gc_mlp_base,formal_primary_mechanism_controls,figure3_c_primary_mechanism_controls,identity,none,final_test_genes,mechanism_ablation_prediction_matrices/panel_c/Vis9A_D7_spaim_effective4470/base/fold3/prediction.npz,mechanism_ablation_prediction_matrices/panel_c/Vis9A_D7_spaim_effective4470/base/fold3/metadata.json,mechanism_ablation_prediction_matrices/panel_c/Vis9A_D7_spaim_effective4470/base/fold3/test_gene_idx.npy,ground_truth_protocol_a/Vis9A_D7_spaim_effective4470/fold3/truth.npz,ground_truth/Vis9A_D7_spaim_effective4470/gene_names.txt,"[995,894]",float32,68f848168ecac766badd072e869435c756117a1c698d7b3fd353e09b287858f5,3256936,0f7d5a26087ec4fc0e8b60288f6a6187241ab675f593143a9c77f306e1cd7ca3,d55ef121d713cd02df05b594f535b51173615252a8f9a6e67d2b6cd966f3a48f,genespt/primary_mechanism_controls/Vis9A_D7_spaim_effective4470/fold3/protocol_a_genespt_primary_controls_prediction_matrices/gc_mlp_base/fold3/prediction.npz,967f3311a18b64dc40f744ead4ba8dab85b17581b2c90431093d32210d8e353a,6145c69b02c480081e08f67ac0a7b7cf9e8b066c0a3e4c36bc8a5b10f95a6675,909ae020d5db5c19b8bb87ea85b035eabf3222463ca736ec0f1db699da5e87c8,0.1932372715627289,1.29115466938625,0.4596965076221304,0.045890480944393,1.0
C,Vis9A,Vis9A_D7_spaim_effective4470,3,Correct PSP,correct,predictable_spatial_program_selected_correct,formal_primary_mechanism_controls,figure3_c_primary_mechanism_controls,identity,none,final_test_genes,mechanism_ablation_prediction_matrices/panel_c/Vis9A_D7_spaim_effective4470/correct/fold3/prediction.npz,mechanism_ablation_prediction_matrices/panel_c/Vis9A_D7_spaim_effective4470/correct/fold3/metadata.json,mechanism_ablation_prediction_matrices/panel_c/Vis9A_D7_spaim_effective4470/correct/fold3/test_gene_idx.npy,ground_truth_protocol_a/Vis9A_D7_spaim_effective4470/fold3/truth.npz,ground_truth/Vis9A_D7_spaim_effective4470/gene_names.txt,"[995,894]",float32,c098734353ddea5e0074038335f6500d54daa16c5e63cab5343ade83aba24396,3236676,83050e1eba2b3d812c56e07d1902f4c2803e019258e50d7e8dfd8e0e6970e011,d55ef121d713cd02df05b594f535b51173615252a8f9a6e67d2b6cd966f3a48f,genespt/primary_mechanism_controls/Vis9A_D7_spaim_effective4470/fold3/protocol_a_genespt_primary_controls_prediction_matrices/predictable_spatial_program_selected_correct/fold3/prediction.npz,73852a33b48dd5611c39eb7ab7944d34d465c527f05846458e02dcd375cc0608,88f9d8dd728a9c45c14d042f2778e841301763c90cf226659340fa1b3b12c380,909ae020d5db5c19b8bb87ea85b035eabf3222463ca736ec0f1db699da5e87c8,0.198624270204295,1.2884779170991385,0.4596949539772821,0.0450960319334368,1.0
C,Vis9A,Vis9A_D7_spaim_effective4470,3,Mean coefficient,mean_coefficient,predictable_spatial_program_mean_coefficient_baseline_control,formal_primary_mechanism_controls,figure3_c_primary_mechanism_controls,identity,none,final_test_genes,mechanism_ablation_prediction_matrices/panel_c/Vis9A_D7_spaim_effective4470/mean_coefficient/fold3/prediction.npz,mechanism_ablation_prediction_matrices/panel_c/Vis9A_D7_spaim_effective4470/mean_coefficient/fold3/metadata.json,mechanism_ablation_prediction_matrices/panel_c/Vis9A_D7_spaim_effective4470/mean_coefficient/fold3/test_gene_idx.npy,ground_truth_protocol_a/Vis9A_D7_spaim_effective4470/fold3/truth.npz,ground_truth/Vis9A_D7_spaim_effective4470/gene_names.txt,"[995,894]",float32,b3a443cf36a468930b4f2eefed885b7b1d398615d41c1472e530d1db2a6b428c,3171127,72db5ffe0a543cd618777ba849ab704f80bf10649640e7ee6430cd3765d094fa,d55ef121d713cd02df05b594f535b51173615252a8f9a6e67d2b6cd966f3a48f,genespt/primary_mechanism_controls/Vis9A_D7_spaim_effective4470/fold3/protocol_a_genespt_primary_controls_prediction_matrices/predictable_spatial_program_mean_coefficient_baseline_control/fold3/prediction.npz,def2e3f1f754c41312c530d61374e441eeab13452757f4d625e891942242fb5c,e3ec20f2a9a64904feee1498caddc7c75614c3f92f5b833f32ee5ea5ea0bd0ea,909ae020d5db5c19b8bb87ea85b035eabf3222463ca736ec0f1db699da5e87c8,0.1915995674676824,1.2933579520688243,0.4684387054327744,0.0339939761309794,1.0
C,Vis9A,Vis9A_D7_spaim_effective4470,3,Permuted labels,permuted_labels,predictable_spatial_program_permuted_labels_control,formal_primary_mechanism_controls,figure3_c_primary_mechanism_controls,identity,none,final_test_genes,mechanism_ablation_prediction_matrices/panel_c/Vis9A_D7_spaim_effective4470/permuted_labels/fold3/prediction.npz,mechanism_ablation_prediction_matrices/panel_c/Vis9A_D7_spaim_effective4470/permuted_labels/fold3/metadata.json,mechanism_ablation_prediction_matrices/panel_c/Vis9A_D7_spaim_effective4470/permuted_labels/fold3/test_gene_idx.npy,ground_truth_protocol_a/Vis9A_D7_spaim_effective4470/fold3/truth.npz,ground_truth/Vis9A_D7_spaim_effective4470/gene_names.txt,"[995,894]",float32,120965078a42c138a0433a6123370f1e99910e5c8b54ab5860191a335bc85af9,3175435,45ba5db2707c101cc7ed33569f66e29f04bf83853832b486a2e343817a81d35e,d55ef121d713cd02df05b594f535b51173615252a8f9a6e67d2b6cd966f3a48f,genespt/primary_mechanism_controls/Vis9A_D7_spaim_effective4470/fold3/protocol_a_genespt_primary_controls_prediction_matrices/predictable_spatial_program_permuted_labels_control/fold3/prediction.npz,6be556a9af8360e5b73e93d56f8b470a98b94160cf66d8119895bcd7209d7c4a,5557a2a4147938f2625273bd888d03bcaaad2c430037b26d21fab8480d829c4a,909ae020d5db5c19b8bb87ea85b035eabf3222463ca736ec0f1db699da5e87c8,0.1915247170528376,1.2962892600766611,0.4691725771935139,0.0338137412475682,1.0
C,Vis9A,Vis9A_D7_spaim_effective4470,3,Random descriptor,random_descriptor,predictable_spatial_program_random_descriptor_control,formal_primary_mechanism_controls,figure3_c_primary_mechanism_controls,identity,none,final_test_genes,mechanism_ablation_prediction_matrices/panel_c/Vis9A_D7_spaim_effective4470/random_descriptor/fold3/prediction.npz,mechanism_ablation_prediction_matrices/panel_c/Vis9A_D7_spaim_effective4470/random_descriptor/fold3/metadata.json,mechanism_ablation_prediction_matrices/panel_c/Vis9A_D7_spaim_effective4470/random_descriptor/fold3/test_gene_idx.npy,ground_truth_protocol_a/Vis9A_D7_spaim_effective4470/fold3/truth.npz,ground_truth/Vis9A_D7_spaim_effective4470/gene_names.txt,"[995,894]",float32,982fde951d38cab0cd7670100fd3b9ace4729be53f9f0107b0ef3684a390b5e0,3177007,71fe5e3f29afc7871428327a2803411132091a6475f4a25a2bc84cded773f574,d55ef121d713cd02df05b594f535b51173615252a8f9a6e67d2b6cd966f3a48f,genespt/primary_mechanism_controls/Vis9A_D7_spaim_effective4470/fold3/protocol_a_genespt_primary_controls_prediction_matrices/predictable_spatial_program_random_descriptor_control/fold3/prediction.npz,c96e1ef77c3d819ba0ef1f43046832de69b66d25da199d8755c0cb9e838e04f6,af61b04abba9472713b1384b776036d75a85d7d1fbf3fc8fc2ab5dd891479651,909ae020d5db5c19b8bb87ea85b035eabf3222463ca736ec0f1db699da5e87c8,0.1907482919649033,1.2954607641572515,0.468309721691295,0.0344503586129882,1.0
C,Vis9A,Vis9A_D7_spaim_effective4470,3,Random spatial basis,random_spatial_basis,predictable_spatial_program_random_spatial_basis_control,formal_primary_mechanism_controls,figure3_c_primary_mechanism_controls,identity,none,final_test_genes,mechanism_ablation_prediction_matrices/panel_c/Vis9A_D7_spaim_effective4470/random_spatial_basis/fold3/prediction.npz,mechanism_ablation_prediction_matrices/panel_c/Vis9A_D7_spaim_effective4470/random_spatial_basis/fold3/metadata.json,mechanism_ablation_prediction_matrices/panel_c/Vis9A_D7_spaim_effective4470/random_spatial_basis/fold3/test_gene_idx.npy,ground_truth_protocol_a/Vis9A_D7_spaim_effective4470/fold3/truth.npz,ground_truth/Vis9A_D7_spaim_effective4470/gene_names.txt,"[995,894]",float32,c01eb587aa2396836525dc609ab51442fede5bf2236be90f8b93ef288bc3f507,3246206,9544864531dbf8d72257ec56b4d99f9d10c1aafd3b42106d77b7e700ac963ca5,d55ef121d713cd02df05b594f535b51173615252a8f9a6e67d2b6cd966f3a48f,genespt/primary_mechanism_controls/Vis9A_D7_spaim_effective4470/fold3/protocol_a_genespt_primary_controls_prediction_matrices/predictable_spatial_program_random_spatial_basis_control/fold3/prediction.npz,1d4519683d65d444dfc755903e9351c81574210a86b91873d7184df2954e7fe5,29b6ff6e676aced084278a56e68075c01601c361bb60e94b39512d8974e4bafe,909ae020d5db5c19b8bb87ea85b035eabf3222463ca736ec0f1db699da5e87c8,0.1752391072920605,1.302388937763273,0.4639296556851934,0.0439011930922212,1.0
C,Vis9A,Vis9A_D7_spaim_effective4470,3,Shuffled descriptor,shuffled_descriptor,predictable_spatial_program_shuffled_descriptor_control,formal_primary_mechanism_controls,figure3_c_primary_mechanism_controls,identity,none,final_test_genes,mechanism_ablation_prediction_matrices/panel_c/Vis9A_D7_spaim_effective4470/shuffled_descriptor/fold3/prediction.npz,mechanism_ablation_prediction_matrices/panel_c/Vis9A_D7_spaim_effective4470/shuffled_descriptor/fold3/metadata.json,mechanism_ablation_prediction_matrices/panel_c/Vis9A_D7_spaim_effective4470/shuffled_descriptor/fold3/test_gene_idx.npy,ground_truth_protocol_a/Vis9A_D7_spaim_effective4470/fold3/truth.npz,ground_truth/Vis9A_D7_spaim_effective4470/gene_names.txt,"[995,894]",float32,a7be3ac349989a665d1c7aaac4c5b5c5469dfdca12532f01fdc75fdcbca57c4a,3175538,344a4351615d1d98f9684a160377c9eac60f988bf216f3f03f10666c98df4a3b,d55ef121d713cd02df05b594f535b51173615252a8f9a6e67d2b6cd966f3a48f,genespt/primary_mechanism_controls/Vis9A_D7_spaim_effective4470/fold3/protocol_a_genespt_primary_controls_prediction_matrices/predictable_spatial_program_shuffled_descriptor_control/fold3/prediction.npz,bf237ad72a0eea2a9eab58cc2b5ebe39aef602b51e658c800a587a43c502cdb7,65dc10660c8840e2c43393027d4cc191fa7b473a5d4f897816a7dca880d61900,909ae020d5db5c19b8bb87ea85b035eabf3222463ca736ec0f1db699da5e87c8,0.1916538284246207,1.2949288866108764,0.4680825655017824,0.0348237657200147,1.0
C,Vis9A,Vis9A_D7_spaim_effective4470,3,Spot-permuted program,spot_permuted_spatial_program,predictable_spatial_program_spot_permuted_spatial_program_control,formal_primary_mechanism_controls,figure3_c_primary_mechanism_controls,identity,none,final_test_genes,mechanism_ablation_prediction_matrices/panel_c/Vis9A_D7_spaim_effective4470/spot_permuted_spatial_program/fold3/prediction.npz,mechanism_ablation_prediction_matrices/panel_c/Vis9A_D7_spaim_effective4470/spot_permuted_spatial_program/fold3/metadata.json,mechanism_ablation_prediction_matrices/panel_c/Vis9A_D7_spaim_effective4470/spot_permuted_spatial_program/fold3/test_gene_idx.npy,ground_truth_protocol_a/Vis9A_D7_spaim_effective4470/fold3/truth.npz,ground_truth/Vis9A_D7_spaim_effective4470/gene_names.txt,"[995,894]",float32,16dce8bd22619a5ab94a619be0d7882cb32d1c3b9e7d08d5f14d8f37ba2f3526,3227768,fe82a73d86b9f79c2fe018b6db1a45afc640f2b9c4b2967157dd2b4d6e75afec,d55ef121d713cd02df05b594f535b51173615252a8f9a6e67d2b6cd966f3a48f,genespt/primary_mechanism_controls/Vis9A_D7_spaim_effective4470/fold3/protocol_a_genespt_primary_controls_prediction_matrices/predictable_spatial_program_spot_permuted_spatial_program_control/fold3/prediction.npz,9f0da3aff808214623a93908f6dfe4d4f979558840e0206740ba8a8e075ad778,b940bd96d83f2db0799d4c41e4361fee7b65e26383e3cbafb3a51cfee5a8af52,909ae020d5db5c19b8bb87ea85b035eabf3222463ca736ec0f1db699da5e87c8,0.1849064616659594,1.2958064902403144,0.4764283223204759,0.0335995238119101,1.0
C,Vis9A,Vis9A_D7_spaim_effective4470,4,GC-only,base,gc_mlp_base,formal_primary_mechanism_controls,figure3_c_primary_mechanism_controls,identity,none,final_test_genes,mechanism_ablation_prediction_matrices/panel_c/Vis9A_D7_spaim_effective4470/base/fold4/prediction.npz,mechanism_ablation_prediction_matrices/panel_c/Vis9A_D7_spaim_effective4470/base/fold4/metadata.json,mechanism_ablation_prediction_matrices/panel_c/Vis9A_D7_spaim_effective4470/base/fold4/test_gene_idx.npy,ground_truth_protocol_a/Vis9A_D7_spaim_effective4470/fold4/truth.npz,ground_truth/Vis9A_D7_spaim_effective4470/gene_names.txt,"[995,894]",float32,1114ab16fef8ab27b813aeecd6043a25d29472d04de1fbb86b5a61098f6f913a,3271359,4a5f8d721bf8d9f2be0093a0f232b2aa8ac693da7218c02c6cbd957a8b9c5e62,1c103fefb542a56adead736a68e00112100b512663b8d80695177b5aac4244a0,genespt/primary_mechanism_controls/Vis9A_D7_spaim_effective4470/fold4/protocol_a_genespt_primary_controls_prediction_matrices/gc_mlp_base/fold4/prediction.npz,e0d42a64d71d9e8a211a5c5dfdc52bdcf0e663887edd57a27613ab5d27d65e81,68a62507c7c3dd3f174b30052fcf6a936f07d134ac94af8f19f311bde31fbad9,d9dc6d56ebb13f700360ec0162c7605c8d1d7d29130152919c1ac41e706d0990,0.198713419254355,1.286446064096635,0.4595140536987369,0.0481640225223075,1.0
C,Vis9A,Vis9A_D7_spaim_effective4470,4,Correct PSP,correct,predictable_spatial_program_selected_correct,formal_primary_mechanism_controls,figure3_c_primary_mechanism_controls,identity,none,final_test_genes,mechanism_ablation_prediction_matrices/panel_c/Vis9A_D7_spaim_effective4470/correct/fold4/prediction.npz,mechanism_ablation_prediction_matrices/panel_c/Vis9A_D7_spaim_effective4470/correct/fold4/metadata.json,mechanism_ablation_prediction_matrices/panel_c/Vis9A_D7_spaim_effective4470/correct/fold4/test_gene_idx.npy,ground_truth_protocol_a/Vis9A_D7_spaim_effective4470/fold4/truth.npz,ground_truth/Vis9A_D7_spaim_effective4470/gene_names.txt,"[995,894]",float32,39173a1c52bb1200f03919c267e75ad9924164349a6d97e2a24e1d485237f54d,3259219,c55ad00981faebca406705ed3b478dd662722e641fe430abe4e4c1c2815d83f9,1c103fefb542a56adead736a68e00112100b512663b8d80695177b5aac4244a0,genespt/primary_mechanism_controls/Vis9A_D7_spaim_effective4470/fold4/protocol_a_genespt_primary_controls_prediction_matrices/predictable_spatial_program_selected_correct/fold4/prediction.npz,8344c75aedb979930f2dfb5b795498e61ea25e0f56c52b307f3d0b56591aeb56,bebd5342d713594a82f0b4d0b209fe25a79ea16882b7440a2e752d66c6284dec,d9dc6d56ebb13f700360ec0162c7605c8d1d7d29130152919c1ac41e706d0990,0.2020022786867232,1.2841693672982346,0.4594609496628602,0.0452293638601103,1.0
C,Vis9A,Vis9A_D7_spaim_effective4470,4,Mean coefficient,mean_coefficient,predictable_spatial_program_mean_coefficient_baseline_control,formal_primary_mechanism_controls,figure3_c_primary_mechanism_controls,identity,none,final_test_genes,mechanism_ablation_prediction_matrices/panel_c/Vis9A_D7_spaim_effective4470/mean_coefficient/fold4/prediction.npz,mechanism_ablation_prediction_matrices/panel_c/Vis9A_D7_spaim_effective4470/mean_coefficient/fold4/metadata.json,mechanism_ablation_prediction_matrices/panel_c/Vis9A_D7_spaim_effective4470/mean_coefficient/fold4/test_gene_idx.npy,ground_truth_protocol_a/Vis9A_D7_spaim_effective4470/fold4/truth.npz,ground_truth/Vis9A_D7_spaim_effective4470/gene_names.txt,"[995,894]",float32,0b5cc17df766b06fbc218d1e8a3528e571ffc08f8fbddf15bd673afb6e07d204,3226114,5f9533b6d94e3d4e8eee998d1e5be46b76838af8024fe0653df7f4501d2bd54b,1c103fefb542a56adead736a68e00112100b512663b8d80695177b5aac4244a0,genespt/primary_mechanism_controls/Vis9A_D7_spaim_effective4470/fold4/protocol_a_genespt_primary_controls_prediction_matrices/predictable_spatial_program_mean_coefficient_baseline_control/fold4/prediction.npz,55bf3b01e5fa960ccf10e9336e35817888e782e5f8c57dda5bca43b6554f17c7,fa10bff09a7827e6792c8fd0582e22650ad14b7776077e6804bc49e7234a8ca5,d9dc6d56ebb13f700360ec0162c7605c8d1d7d29130152919c1ac41e706d0990,0.198774908914921,1.2883851160465207,0.4684543959497775,0.0363988075808558,1.0
C,Vis9A,Vis9A_D7_spaim_effective4470,4,Permuted labels,permuted_labels,predictable_spatial_program_permuted_labels_control,formal_primary_mechanism_controls,figure3_c_primary_mechanism_controls,identity,none,final_test_genes,mechanism_ablation_prediction_matrices/panel_c/Vis9A_D7_spaim_effective4470/permuted_labels/fold4/prediction.npz,mechanism_ablation_prediction_matrices/panel_c/Vis9A_D7_spaim_effective4470/permuted_labels/fold4/metadata.json,mechanism_ablation_prediction_matrices/panel_c/Vis9A_D7_spaim_effective4470/permuted_labels/fold4/test_gene_idx.npy,ground_truth_protocol_a/Vis9A_D7_spaim_effective4470/fold4/truth.npz,ground_truth/Vis9A_D7_spaim_effective4470/gene_names.txt,"[995,894]",float32,98cae6c1ea3424c40f951224864c555741d359305bebfa6e3d5b844a93bbd27b,3229313,5c016ea8a7f3f0cc4d87df582eb40b61f88a5848465a6c6b6b3c7840f8604f8d,1c103fefb542a56adead736a68e00112100b512663b8d80695177b5aac4244a0,genespt/primary_mechanism_controls/Vis9A_D7_spaim_effective4470/fold4/protocol_a_genespt_primary_controls_prediction_matrices/predictable_spatial_program_permuted_labels_control/fold4/prediction.npz,41d773d1b3708606587b3536f5b3b35e0d701e7cb1434876d82ecd7ba09199d4,783642b64c7be660f7f8cc21346f690759c46a6cd356cb573ff1b45feef44708,d9dc6d56ebb13f700360ec0162c7605c8d1d7d29130152919c1ac41e706d0990,0.1984583879355838,1.2883168437754804,0.4683006192861418,0.03691847038591,1.0
C,Vis9A,Vis9A_D7_spaim_effective4470,4,Random descriptor,random_descriptor,predictable_spatial_program_random_descriptor_control,formal_primary_mechanism_controls,figure3_c_primary_mechanism_controls,identity,none,final_test_genes,mechanism_ablation_prediction_matrices/panel_c/Vis9A_D7_spaim_effective4470/random_descriptor/fold4/prediction.npz,mechanism_ablation_prediction_matrices/panel_c/Vis9A_D7_spaim_effective4470/random_descriptor/fold4/metadata.json,mechanism_ablation_prediction_matrices/panel_c/Vis9A_D7_spaim_effective4470/random_descriptor/fold4/test_gene_idx.npy,ground_truth_protocol_a/Vis9A_D7_spaim_effective4470/fold4/truth.npz,ground_truth/Vis9A_D7_spaim_effective4470/gene_names.txt,"[995,894]",float32,6ac40b4f1d5d18e6a13ba1f1c58f410269c56bb05c429e9517528b44255e2766,3230353,63603be4ed74e62c422ce6af279d37e4e2a522b33cc4636ea3d87fedbe256412,1c103fefb542a56adead736a68e00112100b512663b8d80695177b5aac4244a0,genespt/primary_mechanism_controls/Vis9A_D7_spaim_effective4470/fold4/protocol_a_genespt_primary_controls_prediction_matrices/predictable_spatial_program_random_descriptor_control/fold4/prediction.npz,7ac1a1b33ae7b27d86b82a9c7c3c30b354323ddaf888f91698aad81b9df7f517,3fa7a897831e5f6af13f900db1ac158b7a598abce23c12074fa72acbf1a3e52b,d9dc6d56ebb13f700360ec0162c7605c8d1d7d29130152919c1ac41e706d0990,0.1987025363047448,1.2917848108510728,0.4693074927770269,0.0360704611314443,1.0
C,Vis9A,Vis9A_D7_spaim_effective4470,4,Random spatial basis,random_spatial_basis,predictable_spatial_program_random_spatial_basis_control,formal_primary_mechanism_controls,figure3_c_primary_mechanism_controls,identity,none,final_test_genes,mechanism_ablation_prediction_matrices/panel_c/Vis9A_D7_spaim_effective4470/random_spatial_basis/fold4/prediction.npz,mechanism_ablation_prediction_matrices/panel_c/Vis9A_D7_spaim_effective4470/random_spatial_basis/fold4/metadata.json,mechanism_ablation_prediction_matrices/panel_c/Vis9A_D7_spaim_effective4470/random_spatial_basis/fold4/test_gene_idx.npy,ground_truth_protocol_a/Vis9A_D7_spaim_effective4470/fold4/truth.npz,ground_truth/Vis9A_D7_spaim_effective4470/gene_names.txt,"[995,894]",float32,2d1712bcdd35c960d55bc62c70d0f6919aa4243f3aecb1a948931315355ef6e8,3258930,8ed496e159d038d16a5071f2a62a622efcb2da166be165c15498507e1225e1d5,1c103fefb542a56adead736a68e00112100b512663b8d80695177b5aac4244a0,genespt/primary_mechanism_controls/Vis9A_D7_spaim_effective4470/fold4/protocol_a_genespt_primary_controls_prediction_matrices/predictable_spatial_program_random_spatial_basis_control/fold4/prediction.npz,89548f1d57b7541b15edfd4d1e3a18b748cf8ae59939358de23fb5844f0a1d38,d8dbb740bb5085bfa7f624455dc2536f7ba648029f236ec45e4e05f14b15270a,d9dc6d56ebb13f700360ec0162c7605c8d1d7d29130152919c1ac41e706d0990,0.180827244317041,1.2997111284970857,0.4647740316554073,0.0449540616272758,1.0
C,Vis9A,Vis9A_D7_spaim_effective4470,4,Shuffled descriptor,shuffled_descriptor,predictable_spatial_program_shuffled_descriptor_control,formal_primary_mechanism_controls,figure3_c_primary_mechanism_controls,identity,none,final_test_genes,mechanism_ablation_prediction_matrices/panel_c/Vis9A_D7_spaim_effective4470/shuffled_descriptor/fold4/prediction.npz,mechanism_ablation_prediction_matrices/panel_c/Vis9A_D7_spaim_effective4470/shuffled_descriptor/fold4/metadata.json,mechanism_ablation_prediction_matrices/panel_c/Vis9A_D7_spaim_effective4470/shuffled_descriptor/fold4/test_gene_idx.npy,ground_truth_protocol_a/Vis9A_D7_spaim_effective4470/fold4/truth.npz,ground_truth/Vis9A_D7_spaim_effective4470/gene_names.txt,"[995,894]",float32,962fc8cd9481792390b96e375b2eab3355d2334ade04d30115ac8047de842d6e,3228945,f9dcaad13045bf50a71afd12a2a03ffef6ea4ae55f47b231b03b8f9aa051dc19,1c103fefb542a56adead736a68e00112100b512663b8d80695177b5aac4244a0,genespt/primary_mechanism_controls/Vis9A_D7_spaim_effective4470/fold4/protocol_a_genespt_primary_controls_prediction_matrices/predictable_spatial_program_shuffled_descriptor_control/fold4/prediction.npz,7fb534e505aee03fd8ecc9377fec9c35330137746dd9f63d184cef567a185062,e008b1e46fc24b835bd767e8198c60f8bbdca4c4f2fbf4e159d13e7594c279f3,d9dc6d56ebb13f700360ec0162c7605c8d1d7d29130152919c1ac41e706d0990,0.1976581064947833,1.2889441939324695,0.467758129401333,0.0367676219196809,1.0
C,Vis9A,Vis9A_D7_spaim_effective4470,4,Spot-permuted program,spot_permuted_spatial_program,predictable_spatial_program_spot_permuted_spatial_program_control,formal_primary_mechanism_controls,figure3_c_primary_mechanism_controls,identity,none,final_test_genes,mechanism_ablation_prediction_matrices/panel_c/Vis9A_D7_spaim_effective4470/spot_permuted_spatial_program/fold4/prediction.npz,mechanism_ablation_prediction_matrices/panel_c/Vis9A_D7_spaim_effective4470/spot_permuted_spatial_program/fold4/metadata.json,mechanism_ablation_prediction_matrices/panel_c/Vis9A_D7_spaim_effective4470/spot_permuted_spatial_program/fold4/test_gene_idx.npy,ground_truth_protocol_a/Vis9A_D7_spaim_effective4470/fold4/truth.npz,ground_truth/Vis9A_D7_spaim_effective4470/gene_names.txt,"[995,894]",float32,46fd9c8627dfc9d457b1699b5c206def42079451c80b3efbbee209ef796b4451,3252277,aaf9151f1832c6ef30d18de98a97ed7f9c6dfd5f4745dbd716ada06be515e393,1c103fefb542a56adead736a68e00112100b512663b8d80695177b5aac4244a0,genespt/primary_mechanism_controls/Vis9A_D7_spaim_effective4470/fold4/protocol_a_genespt_primary_controls_prediction_matrices/predictable_spatial_program_spot_permuted_spatial_program_control/fold4/prediction.npz,1006b548f576a3038ff37808972a962cfd225b72cb390cc8d0a922c3b98873e5,bb503678ff95e6da64f957728763e6fdf9c89141bbbf73df611f32143851b387,d9dc6d56ebb13f700360ec0162c7605c8d1d7d29130152919c1ac41e706d0990,0.1912208560566223,1.293279225457476,0.4733056375793686,0.0348072049603698,1.0
