dataset,dataset_id,role,method,fold,result_layer,matrix_path,metadata_path,test_gene_idx_path,truth_path,gene_names_path,matrix_scope,shape,dtype,compact_prediction_sha256,compact_prediction_bytes,source_prediction_sha256,test_gene_idx_sha256,truth_sha256,reported_SPCC,reported_RMSE,reported_JSD,reported_SSIM,coverage
Vis9A,Vis9A_D7_spaim_effective4470,Primary,GeneSPT,0,validation_selected_readout_genespt57,prediction_matrices/Vis9A_D7_spaim_effective4470/GeneSPT/fold0/prediction.npz,prediction_matrices/Vis9A_D7_spaim_effective4470/GeneSPT/fold0/metadata.json,prediction_matrices/Vis9A_D7_spaim_effective4470/GeneSPT/fold0/test_gene_idx.npy,ground_truth_protocol_a/Vis9A_D7_spaim_effective4470/fold0/truth.npz,ground_truth/Vis9A_D7_spaim_effective4470/gene_names.txt,final_test_genes,"[995,894]",float32,8e4dec7cfeacfe7805c9c1b590dccf77dcaa40d14a61d233193f0bfe5e33da39,2554988,2acd254ac7ed0b0af88fba94ce5b8ad37fcbcc28e9cdda682ee3211dda691f5b,7480af17ae915418113f18506d281e07455a1e057935768e13ca90d158185a03,52241b098e2ddeab4fbda5f7e06413349476b6619520502e6b6b492cf2c2dcbc,0.18987515953864903,1.3034616095234228,0.45848206841214034,0.06118880441179296,1.0
Vis9A,Vis9A_D7_spaim_effective4470,Primary,Tangram,0,raw_identity,prediction_matrices/Vis9A_D7_spaim_effective4470/Tangram/fold0/prediction.npz,prediction_matrices/Vis9A_D7_spaim_effective4470/Tangram/fold0/metadata.json,prediction_matrices/Vis9A_D7_spaim_effective4470/Tangram/fold0/test_gene_idx.npy,ground_truth_protocol_a/Vis9A_D7_spaim_effective4470/fold0/truth.npz,ground_truth/Vis9A_D7_spaim_effective4470/gene_names.txt,final_test_genes,"[995,894]",float32,6602adf9885e717b166f3414155d9ac98814a2d1727e618176a4330af26f4c00,3222009,12afbe09536b1798d35f61141c7e29af3700ddbf458d5a924c0b0bf0d74e64c9,7480af17ae915418113f18506d281e07455a1e057935768e13ca90d158185a03,52241b098e2ddeab4fbda5f7e06413349476b6619520502e6b6b492cf2c2dcbc,0.17371517937611333,1.3079464162908754,0.4737267990439734,0.03736117403824768,1.0
Vis9A,Vis9A_D7_spaim_effective4470,Primary,TransImp,0,raw_identity,prediction_matrices/Vis9A_D7_spaim_effective4470/TransImp/fold0/prediction.npz,prediction_matrices/Vis9A_D7_spaim_effective4470/TransImp/fold0/metadata.json,prediction_matrices/Vis9A_D7_spaim_effective4470/TransImp/fold0/test_gene_idx.npy,ground_truth_protocol_a/Vis9A_D7_spaim_effective4470/fold0/truth.npz,ground_truth/Vis9A_D7_spaim_effective4470/gene_names.txt,final_test_genes,"[995,894]",float32,25a0b9599ebdf6b12d6f47c0b1987e8e60a305ecc5e2f10b85a1844cb84f705d,3259039,0c04403a7b4f4217a4f95814c621b6b0bb1dc96cfec69c49239c060ddb1c5608,7480af17ae915418113f18506d281e07455a1e057935768e13ca90d158185a03,52241b098e2ddeab4fbda5f7e06413349476b6619520502e6b6b492cf2c2dcbc,0.12946810616674298,1.3391426744133588,0.47796087680539345,0.05428060423039495,1.0
Vis9A,Vis9A_D7_spaim_effective4470,Primary,SpaIM,0,raw_identity,prediction_matrices/Vis9A_D7_spaim_effective4470/SpaIM/fold0/prediction.npz,prediction_matrices/Vis9A_D7_spaim_effective4470/SpaIM/fold0/metadata.json,prediction_matrices/Vis9A_D7_spaim_effective4470/SpaIM/fold0/test_gene_idx.npy,ground_truth_protocol_a/Vis9A_D7_spaim_effective4470/fold0/truth.npz,ground_truth/Vis9A_D7_spaim_effective4470/gene_names.txt,final_test_genes,"[995,894]",float32,789dbf33e997579caf34ed27b9f751bf2ab2d09440d583edce75348e04be2fe5,3147149,60dd4a8614be4c1541c441d327abaa857bb1d911b9f5ed718ca510a78ec6e62b,7480af17ae915418113f18506d281e07455a1e057935768e13ca90d158185a03,52241b098e2ddeab4fbda5f7e06413349476b6619520502e6b6b492cf2c2dcbc,0.17336008540192308,1.3160201078517253,0.47724313547944214,0.033691942703666905,1.0
Vis9A,Vis9A_D7_spaim_effective4470,Primary,SpaGE,0,raw_identity,prediction_matrices/Vis9A_D7_spaim_effective4470/SpaGE/fold0/prediction.npz,prediction_matrices/Vis9A_D7_spaim_effective4470/SpaGE/fold0/metadata.json,prediction_matrices/Vis9A_D7_spaim_effective4470/SpaGE/fold0/test_gene_idx.npy,ground_truth_protocol_a/Vis9A_D7_spaim_effective4470/fold0/truth.npz,ground_truth/Vis9A_D7_spaim_effective4470/gene_names.txt,final_test_genes,"[995,894]",float32,532df7474e2fd38495a38910c6cbf7218018f8b2e2a8093e3ebe647d634e6429,2305606,a07439a830bdedba7e112956e93369b14d2f86176a3374f36efe3b375afa8f48,7480af17ae915418113f18506d281e07455a1e057935768e13ca90d158185a03,52241b098e2ddeab4fbda5f7e06413349476b6619520502e6b6b492cf2c2dcbc,0.1380318569948686,1.336557830175737,0.4731663631364168,0.049182077132846544,1.0
Vis9A,Vis9A_D7_spaim_effective4470,Primary,stPlus,0,raw_identity,prediction_matrices/Vis9A_D7_spaim_effective4470/stPlus/fold0/prediction.npz,prediction_matrices/Vis9A_D7_spaim_effective4470/stPlus/fold0/metadata.json,prediction_matrices/Vis9A_D7_spaim_effective4470/stPlus/fold0/test_gene_idx.npy,ground_truth_protocol_a/Vis9A_D7_spaim_effective4470/fold0/truth.npz,ground_truth/Vis9A_D7_spaim_effective4470/gene_names.txt,final_test_genes,"[995,894]",float32,a7ffb33e3357796a8f142b9d45390c38dc6f6f6ed5f8146b6185e04a4d8ea0c5,2560728,cb95b81356d5052cf2a81251fa9af5e3f85844be0fc34178c03e7ff0a5775a91,7480af17ae915418113f18506d281e07455a1e057935768e13ca90d158185a03,52241b098e2ddeab4fbda5f7e06413349476b6619520502e6b6b492cf2c2dcbc,0.10111976506941005,1.351341844824868,0.48099295768066963,0.04281877284296519,1.0
Vis9A,Vis9A_D7_spaim_effective4470,Primary,GeneSPT,1,validation_selected_readout_genespt57,prediction_matrices/Vis9A_D7_spaim_effective4470/GeneSPT/fold1/prediction.npz,prediction_matrices/Vis9A_D7_spaim_effective4470/GeneSPT/fold1/metadata.json,prediction_matrices/Vis9A_D7_spaim_effective4470/GeneSPT/fold1/test_gene_idx.npy,ground_truth_protocol_a/Vis9A_D7_spaim_effective4470/fold1/truth.npz,ground_truth/Vis9A_D7_spaim_effective4470/gene_names.txt,final_test_genes,"[995,894]",float32,ba81b1b32fd73ea8ec12da3703c181ec4cbe84eb7f037c037b26960a360f17d4,2429000,1d8d4a5313abf0278463b3d269154cd9fa5e4bd55a34aa605173a5ecefbdf74a,46c82b360e5dd491a62e06fe287cabbbb9ab55a291aff6a677d1cf559ab5e174,54433fb86021e584309c12afc71860af73aa7c39c0bc58f9dc37d566918afce2,0.1964056773622747,1.2989668435905588,0.45275107679412774,0.06592979827118184,1.0
Vis9A,Vis9A_D7_spaim_effective4470,Primary,Tangram,1,raw_identity,prediction_matrices/Vis9A_D7_spaim_effective4470/Tangram/fold1/prediction.npz,prediction_matrices/Vis9A_D7_spaim_effective4470/Tangram/fold1/metadata.json,prediction_matrices/Vis9A_D7_spaim_effective4470/Tangram/fold1/test_gene_idx.npy,ground_truth_protocol_a/Vis9A_D7_spaim_effective4470/fold1/truth.npz,ground_truth/Vis9A_D7_spaim_effective4470/gene_names.txt,final_test_genes,"[995,894]",float32,e58088be31b8aa564f39ebf1246821bc0e2007849156c6efff91fedb51820f98,3223984,1abac629cfc871e28d76930a5308f32f4b111d5710725d9a7062fcb454129fa8,46c82b360e5dd491a62e06fe287cabbbb9ab55a291aff6a677d1cf559ab5e174,54433fb86021e584309c12afc71860af73aa7c39c0bc58f9dc37d566918afce2,0.18148542590762573,1.3017308337866047,0.46358973100087586,0.043236102588764105,1.0
Vis9A,Vis9A_D7_spaim_effective4470,Primary,TransImp,1,raw_identity,prediction_matrices/Vis9A_D7_spaim_effective4470/TransImp/fold1/prediction.npz,prediction_matrices/Vis9A_D7_spaim_effective4470/TransImp/fold1/metadata.json,prediction_matrices/Vis9A_D7_spaim_effective4470/TransImp/fold1/test_gene_idx.npy,ground_truth_protocol_a/Vis9A_D7_spaim_effective4470/fold1/truth.npz,ground_truth/Vis9A_D7_spaim_effective4470/gene_names.txt,final_test_genes,"[995,894]",float32,95ac61d36b7f1ed1c922171e3896f4f924482b81eae407b4e35f4d429b5c9f68,3262786,0f7bde27fa1bc726f6de4f702da490dd885a6e3fe4339182aba4119a31b5509f,46c82b360e5dd491a62e06fe287cabbbb9ab55a291aff6a677d1cf559ab5e174,54433fb86021e584309c12afc71860af73aa7c39c0bc58f9dc37d566918afce2,0.1275039948859074,1.33803058149063,0.4707591459821261,0.05545220574389635,1.0
Vis9A,Vis9A_D7_spaim_effective4470,Primary,SpaIM,1,raw_identity,prediction_matrices/Vis9A_D7_spaim_effective4470/SpaIM/fold1/prediction.npz,prediction_matrices/Vis9A_D7_spaim_effective4470/SpaIM/fold1/metadata.json,prediction_matrices/Vis9A_D7_spaim_effective4470/SpaIM/fold1/test_gene_idx.npy,ground_truth_protocol_a/Vis9A_D7_spaim_effective4470/fold1/truth.npz,ground_truth/Vis9A_D7_spaim_effective4470/gene_names.txt,final_test_genes,"[995,894]",float32,19fdb233f3327ea85b79ac089fb83cdf3fcd145d78af944cfa2f822b9525ae76,3150029,ec0f97073a3429f04f077f018be8b5b9b6e24ee5fa31954c3d261a5425fca966,46c82b360e5dd491a62e06fe287cabbbb9ab55a291aff6a677d1cf559ab5e174,54433fb86021e584309c12afc71860af73aa7c39c0bc58f9dc37d566918afce2,0.18068301234897316,1.308682512996704,0.4677652636837828,0.038796904163122536,1.0
Vis9A,Vis9A_D7_spaim_effective4470,Primary,SpaGE,1,raw_identity,prediction_matrices/Vis9A_D7_spaim_effective4470/SpaGE/fold1/prediction.npz,prediction_matrices/Vis9A_D7_spaim_effective4470/SpaGE/fold1/metadata.json,prediction_matrices/Vis9A_D7_spaim_effective4470/SpaGE/fold1/test_gene_idx.npy,ground_truth_protocol_a/Vis9A_D7_spaim_effective4470/fold1/truth.npz,ground_truth/Vis9A_D7_spaim_effective4470/gene_names.txt,final_test_genes,"[995,894]",float32,0afe4c1d1f2918140c06a4ccd6a339be23d315e2be34e83cb76dd75806afa79c,2271197,1b4c079e19bd0131297898bf5b5cc96807d22e4bcb2d20855e828cf2cf38f1d9,46c82b360e5dd491a62e06fe287cabbbb9ab55a291aff6a677d1cf559ab5e174,54433fb86021e584309c12afc71860af73aa7c39c0bc58f9dc37d566918afce2,0.13605716464572476,1.3345248674716133,0.4690127414120922,0.05130891005897967,1.0
Vis9A,Vis9A_D7_spaim_effective4470,Primary,stPlus,1,raw_identity,prediction_matrices/Vis9A_D7_spaim_effective4470/stPlus/fold1/prediction.npz,prediction_matrices/Vis9A_D7_spaim_effective4470/stPlus/fold1/metadata.json,prediction_matrices/Vis9A_D7_spaim_effective4470/stPlus/fold1/test_gene_idx.npy,ground_truth_protocol_a/Vis9A_D7_spaim_effective4470/fold1/truth.npz,ground_truth/Vis9A_D7_spaim_effective4470/gene_names.txt,final_test_genes,"[995,894]",float32,e8d4fd135869e34d07af99ce8e2197b87e92d5ddeb84ce60f94bca60cb7d91a1,2448872,7b3786ce71effb63507673ac6ad252fb56d7502a464cf9f26c5cf8daad3cd958,46c82b360e5dd491a62e06fe287cabbbb9ab55a291aff6a677d1cf559ab5e174,54433fb86021e584309c12afc71860af73aa7c39c0bc58f9dc37d566918afce2,0.12158409350190016,1.33166148538082,0.4749806469559885,0.06383236868095929,1.0
Vis9A,Vis9A_D7_spaim_effective4470,Primary,GeneSPT,2,validation_selected_readout_genespt57,prediction_matrices/Vis9A_D7_spaim_effective4470/GeneSPT/fold2/prediction.npz,prediction_matrices/Vis9A_D7_spaim_effective4470/GeneSPT/fold2/metadata.json,prediction_matrices/Vis9A_D7_spaim_effective4470/GeneSPT/fold2/test_gene_idx.npy,ground_truth_protocol_a/Vis9A_D7_spaim_effective4470/fold2/truth.npz,ground_truth/Vis9A_D7_spaim_effective4470/gene_names.txt,final_test_genes,"[995,894]",float32,1d9044451dfbd9bf566ec9ad85c221acf7b66c7411d8879054e70cff887ab16f,2558693,9379e5207be81e6aeb50cf8bfb790b0da18fe9cf4ec18330b797ae15f3886e08,171131c765a7dd984b0a392ab8c32d322a7a5c01d6a97cc995e2d5c67d30140d,7f9f17c9c7d569e036efb0ea6d20d251f8621bdd38c7b478b790f62291ac1356,0.19711816046241631,1.2884698531511642,0.45310605641885376,0.06369464008147493,1.0
Vis9A,Vis9A_D7_spaim_effective4470,Primary,Tangram,2,raw_identity,prediction_matrices/Vis9A_D7_spaim_effective4470/Tangram/fold2/prediction.npz,prediction_matrices/Vis9A_D7_spaim_effective4470/Tangram/fold2/metadata.json,prediction_matrices/Vis9A_D7_spaim_effective4470/Tangram/fold2/test_gene_idx.npy,ground_truth_protocol_a/Vis9A_D7_spaim_effective4470/fold2/truth.npz,ground_truth/Vis9A_D7_spaim_effective4470/gene_names.txt,final_test_genes,"[995,894]",float32,26941f3efc1f5186a75b9c275621d3401d7f66f9aa5041d6fe127af910e2a9d4,3224994,2ed5ea71adf0d5e39404dee42f13a43a038066ee9d9b2b2e74430924a193e124,171131c765a7dd984b0a392ab8c32d322a7a5c01d6a97cc995e2d5c67d30140d,7f9f17c9c7d569e036efb0ea6d20d251f8621bdd38c7b478b790f62291ac1356,0.18436320276002288,1.293911073953658,0.47185434162074535,0.04778835186580031,1.0
Vis9A,Vis9A_D7_spaim_effective4470,Primary,TransImp,2,raw_identity,prediction_matrices/Vis9A_D7_spaim_effective4470/TransImp/fold2/prediction.npz,prediction_matrices/Vis9A_D7_spaim_effective4470/TransImp/fold2/metadata.json,prediction_matrices/Vis9A_D7_spaim_effective4470/TransImp/fold2/test_gene_idx.npy,ground_truth_protocol_a/Vis9A_D7_spaim_effective4470/fold2/truth.npz,ground_truth/Vis9A_D7_spaim_effective4470/gene_names.txt,final_test_genes,"[995,894]",float32,e50cdef1174dcc0df5fc956815752bc975b65cf3491dd8a9de82b5736f81c989,3263578,77f9028d6e0eeea0899c6545e1a82df2d059ddfdce5142d18b69aaae3e558558,171131c765a7dd984b0a392ab8c32d322a7a5c01d6a97cc995e2d5c67d30140d,7f9f17c9c7d569e036efb0ea6d20d251f8621bdd38c7b478b790f62291ac1356,0.13260673534036577,1.3362812676199498,0.47939661426327684,0.062043632597631196,1.0
Vis9A,Vis9A_D7_spaim_effective4470,Primary,SpaIM,2,raw_identity,prediction_matrices/Vis9A_D7_spaim_effective4470/SpaIM/fold2/prediction.npz,prediction_matrices/Vis9A_D7_spaim_effective4470/SpaIM/fold2/metadata.json,prediction_matrices/Vis9A_D7_spaim_effective4470/SpaIM/fold2/test_gene_idx.npy,ground_truth_protocol_a/Vis9A_D7_spaim_effective4470/fold2/truth.npz,ground_truth/Vis9A_D7_spaim_effective4470/gene_names.txt,final_test_genes,"[995,894]",float32,ae4f5e8cc1c23316d36b2c242c347700d5a829c511a647849cdf60303d4ba126,3145748,8291152fa2ad48c0a9c604d4e92bbf83db30b592249775a83deacc163bc239f1,171131c765a7dd984b0a392ab8c32d322a7a5c01d6a97cc995e2d5c67d30140d,7f9f17c9c7d569e036efb0ea6d20d251f8621bdd38c7b478b790f62291ac1356,0.18217189528076894,1.3043550608660064,0.47368176136018825,0.038058052693656697,1.0
Vis9A,Vis9A_D7_spaim_effective4470,Primary,SpaGE,2,raw_identity,prediction_matrices/Vis9A_D7_spaim_effective4470/SpaGE/fold2/prediction.npz,prediction_matrices/Vis9A_D7_spaim_effective4470/SpaGE/fold2/metadata.json,prediction_matrices/Vis9A_D7_spaim_effective4470/SpaGE/fold2/test_gene_idx.npy,ground_truth_protocol_a/Vis9A_D7_spaim_effective4470/fold2/truth.npz,ground_truth/Vis9A_D7_spaim_effective4470/gene_names.txt,final_test_genes,"[995,894]",float32,98777a62ba71e16a2c54447a849a78d8c811f007770e6cf2c0768901b82efa47,2251040,b391f7815fd217b0e983cc50f4d8301d33e4178c22de155d18c0a4b08c5c6627,171131c765a7dd984b0a392ab8c32d322a7a5c01d6a97cc995e2d5c67d30140d,7f9f17c9c7d569e036efb0ea6d20d251f8621bdd38c7b478b790f62291ac1356,0.14264055887470395,1.3293191562239939,0.47420098105995223,0.05676621709656105,1.0
Vis9A,Vis9A_D7_spaim_effective4470,Primary,stPlus,2,raw_identity,prediction_matrices/Vis9A_D7_spaim_effective4470/stPlus/fold2/prediction.npz,prediction_matrices/Vis9A_D7_spaim_effective4470/stPlus/fold2/metadata.json,prediction_matrices/Vis9A_D7_spaim_effective4470/stPlus/fold2/test_gene_idx.npy,ground_truth_protocol_a/Vis9A_D7_spaim_effective4470/fold2/truth.npz,ground_truth/Vis9A_D7_spaim_effective4470/gene_names.txt,final_test_genes,"[995,894]",float32,dda1e91c4028b7bb9affcc91d6166907985361cf33e9b770bb957d49336de646,2435589,701e4a1e53045cba981e2e3884ee206252adec2ce49e2153e78b66d43650443c,171131c765a7dd984b0a392ab8c32d322a7a5c01d6a97cc995e2d5c67d30140d,7f9f17c9c7d569e036efb0ea6d20d251f8621bdd38c7b478b790f62291ac1356,0.12489426393359006,1.3307900970166777,0.47837503049848096,0.05903173290805533,1.0
Vis9A,Vis9A_D7_spaim_effective4470,Primary,GeneSPT,3,validation_selected_readout_genespt57,prediction_matrices/Vis9A_D7_spaim_effective4470/GeneSPT/fold3/prediction.npz,prediction_matrices/Vis9A_D7_spaim_effective4470/GeneSPT/fold3/metadata.json,prediction_matrices/Vis9A_D7_spaim_effective4470/GeneSPT/fold3/test_gene_idx.npy,ground_truth_protocol_a/Vis9A_D7_spaim_effective4470/fold3/truth.npz,ground_truth/Vis9A_D7_spaim_effective4470/gene_names.txt,final_test_genes,"[995,894]",float32,de277be8ee8cba362dad2bf9ef48e5871b50d081a14cfd62b06829c9da567789,3263358,2cdc57e32b56f194bcfb9f029ba026a2dddd001ec134809c52bb588ce580802e,d55ef121d713cd02df05b594f535b51173615252a8f9a6e67d2b6cd966f3a48f,909ae020d5db5c19b8bb87ea85b035eabf3222463ca736ec0f1db699da5e87c8,0.198624270204295,1.2884779168929705,0.4596949539093343,0.045096031023905345,1.0
Vis9A,Vis9A_D7_spaim_effective4470,Primary,Tangram,3,raw_identity,prediction_matrices/Vis9A_D7_spaim_effective4470/Tangram/fold3/prediction.npz,prediction_matrices/Vis9A_D7_spaim_effective4470/Tangram/fold3/metadata.json,prediction_matrices/Vis9A_D7_spaim_effective4470/Tangram/fold3/test_gene_idx.npy,ground_truth_protocol_a/Vis9A_D7_spaim_effective4470/fold3/truth.npz,ground_truth/Vis9A_D7_spaim_effective4470/gene_names.txt,final_test_genes,"[995,894]",float32,43b732e0116c1079da77dfd76b0de943e072f884691cb7d96315170976b72884,3231361,96cc845875ce82e76cdf89e1f98d17e4b235a5b4ab22678d9b59a8d9b9073936,d55ef121d713cd02df05b594f535b51173615252a8f9a6e67d2b6cd966f3a48f,909ae020d5db5c19b8bb87ea85b035eabf3222463ca736ec0f1db699da5e87c8,0.18812125452497497,1.288924251827614,0.4595906301905919,0.05064049340496385,1.0
Vis9A,Vis9A_D7_spaim_effective4470,Primary,TransImp,3,raw_identity,prediction_matrices/Vis9A_D7_spaim_effective4470/TransImp/fold3/prediction.npz,prediction_matrices/Vis9A_D7_spaim_effective4470/TransImp/fold3/metadata.json,prediction_matrices/Vis9A_D7_spaim_effective4470/TransImp/fold3/test_gene_idx.npy,ground_truth_protocol_a/Vis9A_D7_spaim_effective4470/fold3/truth.npz,ground_truth/Vis9A_D7_spaim_effective4470/gene_names.txt,final_test_genes,"[995,894]",float32,c200b5aa534c17df8e52d7e52db221ced1eb869d6435b9baf03910b600bbf02b,3266899,402a7f3949d219baeec3843788c4ae6f10e26d27eae56a0df015e47c33c99f08,d55ef121d713cd02df05b594f535b51173615252a8f9a6e67d2b6cd966f3a48f,909ae020d5db5c19b8bb87ea85b035eabf3222463ca736ec0f1db699da5e87c8,0.13551720169679637,1.328957417570395,0.46722693115309255,0.06802906462504218,1.0
Vis9A,Vis9A_D7_spaim_effective4470,Primary,SpaIM,3,raw_identity,prediction_matrices/Vis9A_D7_spaim_effective4470/SpaIM/fold3/prediction.npz,prediction_matrices/Vis9A_D7_spaim_effective4470/SpaIM/fold3/metadata.json,prediction_matrices/Vis9A_D7_spaim_effective4470/SpaIM/fold3/test_gene_idx.npy,ground_truth_protocol_a/Vis9A_D7_spaim_effective4470/fold3/truth.npz,ground_truth/Vis9A_D7_spaim_effective4470/gene_names.txt,final_test_genes,"[995,894]",float32,62462f92fc6d7d3e060339521bf776b89a7b54d7e04ccdbb905270aeb4c71eca,3151009,9cc777a7a199559427f012887fc4bf0a209343ad116e8264470ccaf06f8a75c0,d55ef121d713cd02df05b594f535b51173615252a8f9a6e67d2b6cd966f3a48f,909ae020d5db5c19b8bb87ea85b035eabf3222463ca736ec0f1db699da5e87c8,0.18556621954223695,1.2983755038874825,0.46431904736204954,0.04425115827475068,1.0
Vis9A,Vis9A_D7_spaim_effective4470,Primary,SpaGE,3,raw_identity,prediction_matrices/Vis9A_D7_spaim_effective4470/SpaGE/fold3/prediction.npz,prediction_matrices/Vis9A_D7_spaim_effective4470/SpaGE/fold3/metadata.json,prediction_matrices/Vis9A_D7_spaim_effective4470/SpaGE/fold3/test_gene_idx.npy,ground_truth_protocol_a/Vis9A_D7_spaim_effective4470/fold3/truth.npz,ground_truth/Vis9A_D7_spaim_effective4470/gene_names.txt,final_test_genes,"[995,894]",float32,7d17f5f1efaec2179fd7d7f001a55b6570591435ab4dab0baccecda9890b4eab,2278947,fb13f8283dcd67e6d4449990e7e3c7bab0381066a42c91dafd3d532b73b0210f,d55ef121d713cd02df05b594f535b51173615252a8f9a6e67d2b6cd966f3a48f,909ae020d5db5c19b8bb87ea85b035eabf3222463ca736ec0f1db699da5e87c8,0.14280515257678383,1.324267296702995,0.46337834755822305,0.05954405765923167,1.0
Vis9A,Vis9A_D7_spaim_effective4470,Primary,stPlus,3,raw_identity,prediction_matrices/Vis9A_D7_spaim_effective4470/stPlus/fold3/prediction.npz,prediction_matrices/Vis9A_D7_spaim_effective4470/stPlus/fold3/metadata.json,prediction_matrices/Vis9A_D7_spaim_effective4470/stPlus/fold3/test_gene_idx.npy,ground_truth_protocol_a/Vis9A_D7_spaim_effective4470/fold3/truth.npz,ground_truth/Vis9A_D7_spaim_effective4470/gene_names.txt,final_test_genes,"[995,894]",float32,5bd4faf651688003edbb4ef425c85158fb1da9d135bf0120becc5d3b797ce369,2503272,9b2e9f54bd6c550168f9f833b71d8e88fd8e83730498651b0535c7243182dcfd,d55ef121d713cd02df05b594f535b51173615252a8f9a6e67d2b6cd966f3a48f,909ae020d5db5c19b8bb87ea85b035eabf3222463ca736ec0f1db699da5e87c8,0.11593320179821226,1.3370500226744135,0.46616689134976574,0.054982221863991806,1.0
Vis9A,Vis9A_D7_spaim_effective4470,Primary,GeneSPT,4,validation_selected_readout_genespt57,prediction_matrices/Vis9A_D7_spaim_effective4470/GeneSPT/fold4/prediction.npz,prediction_matrices/Vis9A_D7_spaim_effective4470/GeneSPT/fold4/metadata.json,prediction_matrices/Vis9A_D7_spaim_effective4470/GeneSPT/fold4/test_gene_idx.npy,ground_truth_protocol_a/Vis9A_D7_spaim_effective4470/fold4/truth.npz,ground_truth/Vis9A_D7_spaim_effective4470/gene_names.txt,final_test_genes,"[995,894]",float32,ff2b42d6036a8608a2d94178430b522af947d63a51065774573af60bf891323c,2572309,7380e3e7ab09ecf190749d6f67a48cfea6c12817d7d0c0c82706feb80c185efc,1c103fefb542a56adead736a68e00112100b512663b8d80695177b5aac4244a0,d9dc6d56ebb13f700360ec0162c7605c8d1d7d29130152919c1ac41e706d0990,0.20133838156887568,1.2832699571476682,0.44476990398928895,0.07654606236250894,1.0
Vis9A,Vis9A_D7_spaim_effective4470,Primary,Tangram,4,raw_identity,prediction_matrices/Vis9A_D7_spaim_effective4470/Tangram/fold4/prediction.npz,prediction_matrices/Vis9A_D7_spaim_effective4470/Tangram/fold4/metadata.json,prediction_matrices/Vis9A_D7_spaim_effective4470/Tangram/fold4/test_gene_idx.npy,ground_truth_protocol_a/Vis9A_D7_spaim_effective4470/fold4/truth.npz,ground_truth/Vis9A_D7_spaim_effective4470/gene_names.txt,final_test_genes,"[995,894]",float32,3f162f0ded8f91ea7d3391e32ee1d1f9ce4fd7d56b57528423833eb96f90218e,3226648,ad22251ab563eead95fba84943a05471a67c000e22c6f0756ac04c298ff43312,1c103fefb542a56adead736a68e00112100b512663b8d80695177b5aac4244a0,d9dc6d56ebb13f700360ec0162c7605c8d1d7d29130152919c1ac41e706d0990,0.19068578385724264,1.2914520909335674,0.46627537761016824,0.04832037117500781,1.0
Vis9A,Vis9A_D7_spaim_effective4470,Primary,TransImp,4,raw_identity,prediction_matrices/Vis9A_D7_spaim_effective4470/TransImp/fold4/prediction.npz,prediction_matrices/Vis9A_D7_spaim_effective4470/TransImp/fold4/metadata.json,prediction_matrices/Vis9A_D7_spaim_effective4470/TransImp/fold4/test_gene_idx.npy,ground_truth_protocol_a/Vis9A_D7_spaim_effective4470/fold4/truth.npz,ground_truth/Vis9A_D7_spaim_effective4470/gene_names.txt,final_test_genes,"[995,894]",float32,983375bc9e1d8c805fd561d3617d150b791318093ef50f9da07f8b47f2fb9c58,3264376,ab73d64ad8ec0d36bbcdc7e7cff1a7e0b3b327814425312b6e49efd52c1753b5,1c103fefb542a56adead736a68e00112100b512663b8d80695177b5aac4244a0,d9dc6d56ebb13f700360ec0162c7605c8d1d7d29130152919c1ac41e706d0990,0.13976683541278323,1.329516930444503,0.47160019790898,0.06294884954113447,1.0
Vis9A,Vis9A_D7_spaim_effective4470,Primary,SpaIM,4,raw_identity,prediction_matrices/Vis9A_D7_spaim_effective4470/SpaIM/fold4/prediction.npz,prediction_matrices/Vis9A_D7_spaim_effective4470/SpaIM/fold4/metadata.json,prediction_matrices/Vis9A_D7_spaim_effective4470/SpaIM/fold4/test_gene_idx.npy,ground_truth_protocol_a/Vis9A_D7_spaim_effective4470/fold4/truth.npz,ground_truth/Vis9A_D7_spaim_effective4470/gene_names.txt,final_test_genes,"[995,894]",float32,d8458cad12d84a3da57d28741d7d4b1fa9607c28a85c9329f2f85137dd1dd12d,3148842,26091e130950bddf4fb7bfe64eaf50fdc8a584b2000f6c24ae5b03e66d0e9fab,1c103fefb542a56adead736a68e00112100b512663b8d80695177b5aac4244a0,d9dc6d56ebb13f700360ec0162c7605c8d1d7d29130152919c1ac41e706d0990,0.18919088604007145,1.2958992043351194,0.46735062586276754,0.039714863393352326,1.0
Vis9A,Vis9A_D7_spaim_effective4470,Primary,SpaGE,4,raw_identity,prediction_matrices/Vis9A_D7_spaim_effective4470/SpaGE/fold4/prediction.npz,prediction_matrices/Vis9A_D7_spaim_effective4470/SpaGE/fold4/metadata.json,prediction_matrices/Vis9A_D7_spaim_effective4470/SpaGE/fold4/test_gene_idx.npy,ground_truth_protocol_a/Vis9A_D7_spaim_effective4470/fold4/truth.npz,ground_truth/Vis9A_D7_spaim_effective4470/gene_names.txt,final_test_genes,"[995,894]",float32,684c7afcbb03dfbf0aa0e9e75abd7a086fcedce6a9410a5ce48880a7ca1264c9,2240441,e664195299beb52a9111de66ba135a5260f732602172432e810eeb13939d46ea,1c103fefb542a56adead736a68e00112100b512663b8d80695177b5aac4244a0,d9dc6d56ebb13f700360ec0162c7605c8d1d7d29130152919c1ac41e706d0990,0.14247945056490513,1.3284594440154756,0.46663701660603973,0.05482694650365516,1.0
Vis9A,Vis9A_D7_spaim_effective4470,Primary,stPlus,4,raw_identity,prediction_matrices/Vis9A_D7_spaim_effective4470/stPlus/fold4/prediction.npz,prediction_matrices/Vis9A_D7_spaim_effective4470/stPlus/fold4/metadata.json,prediction_matrices/Vis9A_D7_spaim_effective4470/stPlus/fold4/test_gene_idx.npy,ground_truth_protocol_a/Vis9A_D7_spaim_effective4470/fold4/truth.npz,ground_truth/Vis9A_D7_spaim_effective4470/gene_names.txt,final_test_genes,"[995,894]",float32,61a287a9f3cad931a05d212222dd919e2b3d81401b75094a6cf2afcac191cee4,2522420,479ad534a0491fce63938055be7784960ba2bb8ad84a8c652b0c0d06d4d390b5,1c103fefb542a56adead736a68e00112100b512663b8d80695177b5aac4244a0,d9dc6d56ebb13f700360ec0162c7605c8d1d7d29130152919c1ac41e706d0990,0.11117116170218103,1.336919427529852,0.46800208296592083,0.04191754298448587,1.0
HBC,HBC_shared16112,Primary,GeneSPT,0,validation_selected_readout_genespt57,prediction_matrices/HBC_shared16112/GeneSPT/fold0/prediction.npz,prediction_matrices/HBC_shared16112/GeneSPT/fold0/metadata.json,prediction_matrices/HBC_shared16112/GeneSPT/fold0/test_gene_idx.npy,ground_truth_protocol_a/HBC_shared16112/fold0/truth.npz,ground_truth/HBC_shared16112/gene_names.txt,final_test_genes,"[4784,3223]",float32,b963c2da1ab76925c8ef054e0c190b1657e302637f7595b3479f9938113018af,52939830,336c0ba80fef1b946aa1d21511ef961c0889c2a7903a06e077cde3a726679925,a3f4969b2064f41c0446caa29c91b0a0bd97fba5a7bb664ac4176083afeb2f85,fefe08be24364ad8313f9213fa455e4629ecf3e3dd22df5e5c546c956cf89426,0.11015594545805811,1.363555244518129,0.5206669081543841,0.018694097260586767,1.0
HBC,HBC_shared16112,Primary,Tangram,0,raw_identity,prediction_matrices/HBC_shared16112/Tangram/fold0/prediction.npz,prediction_matrices/HBC_shared16112/Tangram/fold0/metadata.json,prediction_matrices/HBC_shared16112/Tangram/fold0/test_gene_idx.npy,ground_truth_protocol_a/HBC_shared16112/fold0/truth.npz,ground_truth/HBC_shared16112/gene_names.txt,final_test_genes,"[4784,3223]",float32,2d762c7e3ba3a037e42ff88967f7322ce707c550afc5a05886e68d1d511b41a7,53779564,30dee11b615bc5e0374e1d20d61250ab3c766bce38498960e5f52bb260362e89,a3f4969b2064f41c0446caa29c91b0a0bd97fba5a7bb664ac4176083afeb2f85,fefe08be24364ad8313f9213fa455e4629ecf3e3dd22df5e5c546c956cf89426,0.09772737814662215,1.3671366364793076,0.529322516906396,0.01443363624330989,1.0
HBC,HBC_shared16112,Primary,TransImp,0,raw_identity,prediction_matrices/HBC_shared16112/TransImp/fold0/prediction.npz,prediction_matrices/HBC_shared16112/TransImp/fold0/metadata.json,prediction_matrices/HBC_shared16112/TransImp/fold0/test_gene_idx.npy,ground_truth_protocol_a/HBC_shared16112/fold0/truth.npz,ground_truth/HBC_shared16112/gene_names.txt,final_test_genes,"[4784,3223]",float32,a23cc5d18bdf55145ac453f6115ef226b4083c01772d97deae35ebf515c8834f,53786966,c23d1cdd31b3678727a37c6d6ad44567ec1b694b95efda568baab1cbe98bc4c2,a3f4969b2064f41c0446caa29c91b0a0bd97fba5a7bb664ac4176083afeb2f85,fefe08be24364ad8313f9213fa455e4629ecf3e3dd22df5e5c546c956cf89426,0.08027697910742682,1.3752926813431396,0.5319103768309941,0.020612529718868067,1.0
HBC,HBC_shared16112,Primary,SpaIM,0,raw_identity,prediction_matrices/HBC_shared16112/SpaIM/fold0/prediction.npz,prediction_matrices/HBC_shared16112/SpaIM/fold0/metadata.json,prediction_matrices/HBC_shared16112/SpaIM/fold0/test_gene_idx.npy,ground_truth_protocol_a/HBC_shared16112/fold0/truth.npz,ground_truth/HBC_shared16112/gene_names.txt,final_test_genes,"[4784,3223]",float32,feba8c9fc0ce3d5a3a58c97fe47204de84c92a7b3ee8b30c1c2bf9cb6e8887ab,53971922,328f85b624e8ce94201a9ea8aa5066647276191cceac02bf2ba68e78bec09ea6,a3f4969b2064f41c0446caa29c91b0a0bd97fba5a7bb664ac4176083afeb2f85,fefe08be24364ad8313f9213fa455e4629ecf3e3dd22df5e5c546c956cf89426,0.0990072907296406,1.3699773624631528,0.5291045800974734,0.01269358751971578,1.0
HBC,HBC_shared16112,Primary,SpaGE,0,raw_identity,prediction_matrices/HBC_shared16112/SpaGE/fold0/prediction.npz,prediction_matrices/HBC_shared16112/SpaGE/fold0/metadata.json,prediction_matrices/HBC_shared16112/SpaGE/fold0/test_gene_idx.npy,ground_truth_protocol_a/HBC_shared16112/fold0/truth.npz,ground_truth/HBC_shared16112/gene_names.txt,final_test_genes,"[4784,3223]",float32,375f45a8bcfd15c2285c3576031389b11c7309098f26fe303f063dfe3bf9a698,32536242,af61c0e76218be435aaf0aaebb095a0c792a8b9d738bd52a7f1db1a21b0e84e5,a3f4969b2064f41c0446caa29c91b0a0bd97fba5a7bb664ac4176083afeb2f85,fefe08be24364ad8313f9213fa455e4629ecf3e3dd22df5e5c546c956cf89426,0.05505572924483153,1.390133385392372,0.5486105346299375,0.028004853359148475,1.0
HBC,HBC_shared16112,Primary,stPlus,0,raw_identity,prediction_matrices/HBC_shared16112/stPlus/fold0/prediction.npz,prediction_matrices/HBC_shared16112/stPlus/fold0/metadata.json,prediction_matrices/HBC_shared16112/stPlus/fold0/test_gene_idx.npy,ground_truth_protocol_a/HBC_shared16112/fold0/truth.npz,ground_truth/HBC_shared16112/gene_names.txt,final_test_genes,"[4784,3223]",float32,a54fac98655653e8c64f0d7220ac4b1cf68498aa7630585f04c8c22dc21d9f02,40842054,7a7d2bb1cefd1cf1c0f7e6fe7b7aa72d9664088fa3dbcb3119de06e98f4c7add,a3f4969b2064f41c0446caa29c91b0a0bd97fba5a7bb664ac4176083afeb2f85,fefe08be24364ad8313f9213fa455e4629ecf3e3dd22df5e5c546c956cf89426,0.023041943008668176,1.3930147364830723,0.5394657735345073,0.009177441666954894,1.0
HBC,HBC_shared16112,Primary,GeneSPT,1,validation_selected_readout_genespt57,prediction_matrices/HBC_shared16112/GeneSPT/fold1/prediction.npz,prediction_matrices/HBC_shared16112/GeneSPT/fold1/metadata.json,prediction_matrices/HBC_shared16112/GeneSPT/fold1/test_gene_idx.npy,ground_truth_protocol_a/HBC_shared16112/fold1/truth.npz,ground_truth/HBC_shared16112/gene_names.txt,final_test_genes,"[4784,3223]",float32,35f4c529a6534eeaeeb21d2a7b1b85d914d51fb84ff410bd0897d1ea9806077b,52631301,8588018f5f3a62e50255017e073d37578dadc83a285a9710c5af209631940217,89d348c106fe410e5bd6f85aff16a978bd38b4406b96ed490b0f54c877a22d06,5fe1b0f6789391d23d6877cacb114e8378e331264d1204d1be25eb004d741045,0.10550448239169408,1.3667137247110783,0.5359047058868973,0.01671157298536663,1.0
HBC,HBC_shared16112,Primary,Tangram,1,raw_identity,prediction_matrices/HBC_shared16112/Tangram/fold1/prediction.npz,prediction_matrices/HBC_shared16112/Tangram/fold1/metadata.json,prediction_matrices/HBC_shared16112/Tangram/fold1/test_gene_idx.npy,ground_truth_protocol_a/HBC_shared16112/fold1/truth.npz,ground_truth/HBC_shared16112/gene_names.txt,final_test_genes,"[4784,3223]",float32,e39de6a98ef5780af46e4a40e454a87196404fc930a32b3f580e03fc80dff716,53569436,971c3d2105c3d76e78cd38dd703313e449ed5c78d4b41678014489192b8810cf,89d348c106fe410e5bd6f85aff16a978bd38b4406b96ed490b0f54c877a22d06,5fe1b0f6789391d23d6877cacb114e8378e331264d1204d1be25eb004d741045,0.09390130488680203,1.3680520545858212,0.5441741065516372,0.013655047020957024,1.0
HBC,HBC_shared16112,Primary,TransImp,1,raw_identity,prediction_matrices/HBC_shared16112/TransImp/fold1/prediction.npz,prediction_matrices/HBC_shared16112/TransImp/fold1/metadata.json,prediction_matrices/HBC_shared16112/TransImp/fold1/test_gene_idx.npy,ground_truth_protocol_a/HBC_shared16112/fold1/truth.npz,ground_truth/HBC_shared16112/gene_names.txt,final_test_genes,"[4784,3223]",float32,97955fb62bd6266bfc929116d3d57bebe8126a3dcffd7296958edc6b226d22b0,53632329,f36ca2d852840ead85fdb27368f5b3644ab2c41b5bd2c7a82da9a38b2fda728e,89d348c106fe410e5bd6f85aff16a978bd38b4406b96ed490b0f54c877a22d06,5fe1b0f6789391d23d6877cacb114e8378e331264d1204d1be25eb004d741045,0.07739049493341661,1.3774131840821493,0.5486184382996802,0.0209768689493326,1.0
HBC,HBC_shared16112,Primary,SpaIM,1,raw_identity,prediction_matrices/HBC_shared16112/SpaIM/fold1/prediction.npz,prediction_matrices/HBC_shared16112/SpaIM/fold1/metadata.json,prediction_matrices/HBC_shared16112/SpaIM/fold1/test_gene_idx.npy,ground_truth_protocol_a/HBC_shared16112/fold1/truth.npz,ground_truth/HBC_shared16112/gene_names.txt,final_test_genes,"[4784,3223]",float32,2d5caaf33fb367d3a83bc7eea9c7594035ab780ff12a5d8dfd0b923539276b02,54008144,81f9d1dec0d42e9d041e24d6a202c8dd6dbc674a147db234aabd80b98dcd9cf1,89d348c106fe410e5bd6f85aff16a978bd38b4406b96ed490b0f54c877a22d06,5fe1b0f6789391d23d6877cacb114e8378e331264d1204d1be25eb004d741045,0.09527989433330036,1.371782516381858,0.546357120518913,0.010546659213542425,1.0
HBC,HBC_shared16112,Primary,SpaGE,1,raw_identity,prediction_matrices/HBC_shared16112/SpaGE/fold1/prediction.npz,prediction_matrices/HBC_shared16112/SpaGE/fold1/metadata.json,prediction_matrices/HBC_shared16112/SpaGE/fold1/test_gene_idx.npy,ground_truth_protocol_a/HBC_shared16112/fold1/truth.npz,ground_truth/HBC_shared16112/gene_names.txt,final_test_genes,"[4784,3223]",float32,385521bfd4b0e11567875b8a7276b8628cac1606a07092845b07c306a274831b,31741590,3e4e977abb973f58bfd9ec3fbfb09234266a49660c8f7e9fc6ad23d27847dbf1,89d348c106fe410e5bd6f85aff16a978bd38b4406b96ed490b0f54c877a22d06,5fe1b0f6789391d23d6877cacb114e8378e331264d1204d1be25eb004d741045,0.0547889543135122,1.3891432965309782,0.5604193888449577,0.02836051101914361,1.0
HBC,HBC_shared16112,Primary,stPlus,1,raw_identity,prediction_matrices/HBC_shared16112/stPlus/fold1/prediction.npz,prediction_matrices/HBC_shared16112/stPlus/fold1/metadata.json,prediction_matrices/HBC_shared16112/stPlus/fold1/test_gene_idx.npy,ground_truth_protocol_a/HBC_shared16112/fold1/truth.npz,ground_truth/HBC_shared16112/gene_names.txt,final_test_genes,"[4784,3223]",float32,26e20bee91f82454cf92a23a4829cc65d8f19146058a5389d5cbf113ae5c7359,40825638,9bfdbace6d994839e4d80ee0ad929b335ac5489975edaaaf98a82ece4c0963d9,89d348c106fe410e5bd6f85aff16a978bd38b4406b96ed490b0f54c877a22d06,5fe1b0f6789391d23d6877cacb114e8378e331264d1204d1be25eb004d741045,0.025495885617342298,1.3908058893897222,0.5554136690455248,0.009614851286351913,1.0
HBC,HBC_shared16112,Primary,GeneSPT,2,validation_selected_readout_genespt57,prediction_matrices/HBC_shared16112/GeneSPT/fold2/prediction.npz,prediction_matrices/HBC_shared16112/GeneSPT/fold2/metadata.json,prediction_matrices/HBC_shared16112/GeneSPT/fold2/test_gene_idx.npy,ground_truth_protocol_a/HBC_shared16112/fold2/truth.npz,ground_truth/HBC_shared16112/gene_names.txt,final_test_genes,"[4784,3222]",float32,5137a274449b7c9cc48e32fa29659f93c58063aeb4f464d7a9846bf1c712a7af,53303362,6488d071da718eef123c8819c882caca7e1f693cebcb5219c7fb3559781c82bf,c3be12018dc6417829a992c180042316326aa1dee1f67df43376122d443c03dc,551e67bd77ed3890fbe8b905a2d4952de8adb65cff66c01e487fa24aa78680a3,0.10648368035533085,1.3650347355561587,0.5317556089907671,0.017838396476515753,1.0
HBC,HBC_shared16112,Primary,Tangram,2,raw_identity,prediction_matrices/HBC_shared16112/Tangram/fold2/prediction.npz,prediction_matrices/HBC_shared16112/Tangram/fold2/metadata.json,prediction_matrices/HBC_shared16112/Tangram/fold2/test_gene_idx.npy,ground_truth_protocol_a/HBC_shared16112/fold2/truth.npz,ground_truth/HBC_shared16112/gene_names.txt,final_test_genes,"[4784,3222]",float32,c2be421e534a448fc6e12abe47093598a943b0114f046d88d3f314a6da74c1e7,53724604,cec64bc39ae5c8bf80a0ef22e627ef11c152f6b689fb48336f3e9eebdbc17683,c3be12018dc6417829a992c180042316326aa1dee1f67df43376122d443c03dc,551e67bd77ed3890fbe8b905a2d4952de8adb65cff66c01e487fa24aa78680a3,0.0959498295093061,1.3681942825181088,0.5379159232514883,0.014119016409399316,1.0
HBC,HBC_shared16112,Primary,TransImp,2,raw_identity,prediction_matrices/HBC_shared16112/TransImp/fold2/prediction.npz,prediction_matrices/HBC_shared16112/TransImp/fold2/metadata.json,prediction_matrices/HBC_shared16112/TransImp/fold2/test_gene_idx.npy,ground_truth_protocol_a/HBC_shared16112/fold2/truth.npz,ground_truth/HBC_shared16112/gene_names.txt,final_test_genes,"[4784,3222]",float32,8c4467a196b9c2e6cc7927d2af37bc3cc1f8e16097d9f8a1febbde4bea1881fd,53729790,a69940dcf70af3baf85f0095d22de466b98d40fd691c4a9401be085ea300ae30,c3be12018dc6417829a992c180042316326aa1dee1f67df43376122d443c03dc,551e67bd77ed3890fbe8b905a2d4952de8adb65cff66c01e487fa24aa78680a3,0.08084126109768681,1.3762576102439583,0.5410218944213555,0.020808799384017418,1.0
HBC,HBC_shared16112,Primary,SpaIM,2,raw_identity,prediction_matrices/HBC_shared16112/SpaIM/fold2/prediction.npz,prediction_matrices/HBC_shared16112/SpaIM/fold2/metadata.json,prediction_matrices/HBC_shared16112/SpaIM/fold2/test_gene_idx.npy,ground_truth_protocol_a/HBC_shared16112/fold2/truth.npz,ground_truth/HBC_shared16112/gene_names.txt,final_test_genes,"[4784,3222]",float32,2471ef8e409cda72293fad963fb668857df11ba997319ca7bcabbda5c44e7d98,54006726,6c898573b7133a467b4a570d44290117a975000102acd3ceb08f980e340297d0,c3be12018dc6417829a992c180042316326aa1dee1f67df43376122d443c03dc,551e67bd77ed3890fbe8b905a2d4952de8adb65cff66c01e487fa24aa78680a3,0.09763441322036562,1.3711036135051466,0.5389434094995209,0.010928726772163593,1.0
HBC,HBC_shared16112,Primary,SpaGE,2,raw_identity,prediction_matrices/HBC_shared16112/SpaGE/fold2/prediction.npz,prediction_matrices/HBC_shared16112/SpaGE/fold2/metadata.json,prediction_matrices/HBC_shared16112/SpaGE/fold2/test_gene_idx.npy,ground_truth_protocol_a/HBC_shared16112/fold2/truth.npz,ground_truth/HBC_shared16112/gene_names.txt,final_test_genes,"[4784,3222]",float32,dc2f67db4c2a89c97be38053d6f621446d763a62d8c45596ea15e11d06fbb3f5,32597471,723702c07ec97937278cf0de51d06e006fd09132ac59048c15fe5f6f4845f6a8,c3be12018dc6417829a992c180042316326aa1dee1f67df43376122d443c03dc,551e67bd77ed3890fbe8b905a2d4952de8adb65cff66c01e487fa24aa78680a3,0.05481878060835275,1.3897056935536067,0.5561433165347205,0.027003023762531074,1.0
HBC,HBC_shared16112,Primary,stPlus,2,raw_identity,prediction_matrices/HBC_shared16112/stPlus/fold2/prediction.npz,prediction_matrices/HBC_shared16112/stPlus/fold2/metadata.json,prediction_matrices/HBC_shared16112/stPlus/fold2/test_gene_idx.npy,ground_truth_protocol_a/HBC_shared16112/fold2/truth.npz,ground_truth/HBC_shared16112/gene_names.txt,final_test_genes,"[4784,3222]",float32,c3bd83ba2f85e8516a47c635f8bb701769a4cea6ad55ea465ffbf18612717ffa,34124497,a0f27778e22c99d5cdad78578739842b27dbbef8a7fa013d327d984abc7cd332,c3be12018dc6417829a992c180042316326aa1dee1f67df43376122d443c03dc,551e67bd77ed3890fbe8b905a2d4952de8adb65cff66c01e487fa24aa78680a3,0.024979647269965207,1.3935286332238976,0.5497748405288061,0.006715953399297266,1.0
HBC,HBC_shared16112,Primary,GeneSPT,3,validation_selected_readout_genespt57,prediction_matrices/HBC_shared16112/GeneSPT/fold3/prediction.npz,prediction_matrices/HBC_shared16112/GeneSPT/fold3/metadata.json,prediction_matrices/HBC_shared16112/GeneSPT/fold3/test_gene_idx.npy,ground_truth_protocol_a/HBC_shared16112/fold3/truth.npz,ground_truth/HBC_shared16112/gene_names.txt,final_test_genes,"[4784,3222]",float32,9e8932d8a2cffcfdf7f7e8323f71db57ef95d7838c5d183da42c323def438fc3,53221174,4a746650936f559c2f58c9b0e24f2c634dc89cba1d1e76252c83853d7e4537cc,93256c82c034aaac186c28bd21d97e512d6827d756c1e1e95c1fa85812282c32,a1e2f517de9d6cc0b4961e0ff930f876ff3494e55b5133b715315aa900d5e091,0.10959766411685468,1.3638797209784919,0.5217636883873717,0.018820887877427736,1.0
HBC,HBC_shared16112,Primary,Tangram,3,raw_identity,prediction_matrices/HBC_shared16112/Tangram/fold3/prediction.npz,prediction_matrices/HBC_shared16112/Tangram/fold3/metadata.json,prediction_matrices/HBC_shared16112/Tangram/fold3/test_gene_idx.npy,ground_truth_protocol_a/HBC_shared16112/fold3/truth.npz,ground_truth/HBC_shared16112/gene_names.txt,final_test_genes,"[4784,3222]",float32,2f34f66cd5a9f8d3f3700ff4c4a356492e9eeac6d0ab2cc3eb93553242452767,53544054,8ab8c9b88c557d8152669b08299f18222d97b9c947ba70a421b78429aa46fdd3,93256c82c034aaac186c28bd21d97e512d6827d756c1e1e95c1fa85812282c32,a1e2f517de9d6cc0b4961e0ff930f876ff3494e55b5133b715315aa900d5e091,0.09978292411386569,1.36542194339909,0.5292252121542226,0.01484205390515463,1.0
HBC,HBC_shared16112,Primary,TransImp,3,raw_identity,prediction_matrices/HBC_shared16112/TransImp/fold3/prediction.npz,prediction_matrices/HBC_shared16112/TransImp/fold3/metadata.json,prediction_matrices/HBC_shared16112/TransImp/fold3/test_gene_idx.npy,ground_truth_protocol_a/HBC_shared16112/fold3/truth.npz,ground_truth/HBC_shared16112/gene_names.txt,final_test_genes,"[4784,3222]",float32,4545998bef47dc68487b7859acfddecd335ac27e293e5b67f46d3c5fc2cd4a1b,53591825,50d76fbb65eeb4bf8dd6a9c0b88b59a3e3b06ae58ab9ee3c8942cb6187bdc890,93256c82c034aaac186c28bd21d97e512d6827d756c1e1e95c1fa85812282c32,a1e2f517de9d6cc0b4961e0ff930f876ff3494e55b5133b715315aa900d5e091,0.08066886680568312,1.3750365563552212,0.5327508247239613,0.021955007865928022,1.0
HBC,HBC_shared16112,Primary,SpaIM,3,raw_identity,prediction_matrices/HBC_shared16112/SpaIM/fold3/prediction.npz,prediction_matrices/HBC_shared16112/SpaIM/fold3/metadata.json,prediction_matrices/HBC_shared16112/SpaIM/fold3/test_gene_idx.npy,ground_truth_protocol_a/HBC_shared16112/fold3/truth.npz,ground_truth/HBC_shared16112/gene_names.txt,final_test_genes,"[4784,3222]",float32,d386e1f639456eaaaa37f7ec3bb096137af474b1182fb3cd2c85bcda0c564aec,53977492,48746d76cfa8667ad9f7c63353efb7e36046a1f6a4b3d935ab22c8a23fc313ca,93256c82c034aaac186c28bd21d97e512d6827d756c1e1e95c1fa85812282c32,a1e2f517de9d6cc0b4961e0ff930f876ff3494e55b5133b715315aa900d5e091,0.09925298100422986,1.3693610057489627,0.5299198705111648,0.012539813831301391,1.0
HBC,HBC_shared16112,Primary,SpaGE,3,raw_identity,prediction_matrices/HBC_shared16112/SpaGE/fold3/prediction.npz,prediction_matrices/HBC_shared16112/SpaGE/fold3/metadata.json,prediction_matrices/HBC_shared16112/SpaGE/fold3/test_gene_idx.npy,ground_truth_protocol_a/HBC_shared16112/fold3/truth.npz,ground_truth/HBC_shared16112/gene_names.txt,final_test_genes,"[4784,3222]",float32,ecca98745576a37aaee9eae718b9e22c65b3b97747de8d85a8d6b1a4d317902e,32634235,393c9ef3287fdef6619a5fcb5f2eebe17a6281f77df01a3975ffcc1f90321220,93256c82c034aaac186c28bd21d97e512d6827d756c1e1e95c1fa85812282c32,a1e2f517de9d6cc0b4961e0ff930f876ff3494e55b5133b715315aa900d5e091,0.056099051262847116,1.3890256470614526,0.549919299081469,0.029414044738891188,1.0
HBC,HBC_shared16112,Primary,stPlus,3,raw_identity,prediction_matrices/HBC_shared16112/stPlus/fold3/prediction.npz,prediction_matrices/HBC_shared16112/stPlus/fold3/metadata.json,prediction_matrices/HBC_shared16112/stPlus/fold3/test_gene_idx.npy,ground_truth_protocol_a/HBC_shared16112/fold3/truth.npz,ground_truth/HBC_shared16112/gene_names.txt,final_test_genes,"[4784,3222]",float32,1db0b6db4b08da0bbec4526271933c71f173740eaa186993eb8dfc247b8a2bd7,41220328,c5a6dca13c96ff934024f8c1279471f22621f24066ef7d0175dd09d9310384e7,93256c82c034aaac186c28bd21d97e512d6827d756c1e1e95c1fa85812282c32,a1e2f517de9d6cc0b4961e0ff930f876ff3494e55b5133b715315aa900d5e091,0.011492645040431546,1.4024414908354195,0.5389953508514724,0.007468840138252757,1.0
HBC,HBC_shared16112,Primary,GeneSPT,4,validation_selected_readout_genespt57,prediction_matrices/HBC_shared16112/GeneSPT/fold4/prediction.npz,prediction_matrices/HBC_shared16112/GeneSPT/fold4/metadata.json,prediction_matrices/HBC_shared16112/GeneSPT/fold4/test_gene_idx.npy,ground_truth_protocol_a/HBC_shared16112/fold4/truth.npz,ground_truth/HBC_shared16112/gene_names.txt,final_test_genes,"[4784,3222]",float32,ec20c9d4408d9611980e057d08d81bb4900283ee1d41b4bb128b0eb68dee5e16,52302599,88a3134047bc9eae7e04a64a9e6485adce8f559311560d7b3b9c1205bf372f27,e1c31c594a974e5f60b55ac5c075aa29b463436e11c5fb1f9762ce7f9b0f78ae,fa87c520c12c58ef57bc3a94d373378d7c6edb95b82ec73fdcef97398fcbd2f3,0.10779675288362432,1.3638481478414604,0.5268133730353162,0.019050817726439094,1.0
HBC,HBC_shared16112,Primary,Tangram,4,raw_identity,prediction_matrices/HBC_shared16112/Tangram/fold4/prediction.npz,prediction_matrices/HBC_shared16112/Tangram/fold4/metadata.json,prediction_matrices/HBC_shared16112/Tangram/fold4/test_gene_idx.npy,ground_truth_protocol_a/HBC_shared16112/fold4/truth.npz,ground_truth/HBC_shared16112/gene_names.txt,final_test_genes,"[4784,3222]",float32,7337decf9abf8b9deeee83a735381921a8a0ad26bb9e46cd5a4cde1a79557f59,53925595,cc35520a469844f5927f375d39473dead3ae5e128254f6cc3d06e797787cfca1,e1c31c594a974e5f60b55ac5c075aa29b463436e11c5fb1f9762ce7f9b0f78ae,fa87c520c12c58ef57bc3a94d373378d7c6edb95b82ec73fdcef97398fcbd2f3,0.09674625651118104,1.366881086391856,0.5349803103031874,0.014271138553290527,1.0
HBC,HBC_shared16112,Primary,TransImp,4,raw_identity,prediction_matrices/HBC_shared16112/TransImp/fold4/prediction.npz,prediction_matrices/HBC_shared16112/TransImp/fold4/metadata.json,prediction_matrices/HBC_shared16112/TransImp/fold4/test_gene_idx.npy,ground_truth_protocol_a/HBC_shared16112/fold4/truth.npz,ground_truth/HBC_shared16112/gene_names.txt,final_test_genes,"[4784,3222]",float32,758f7842203040fb076fc00bf61f9ab9600382f229d93284a0540ed8c563ca88,53972699,b52aa47a5752ab22e5d9c9c02d3ecceb572573dbcf2d9b3da98956c0f695328f,e1c31c594a974e5f60b55ac5c075aa29b463436e11c5fb1f9762ce7f9b0f78ae,fa87c520c12c58ef57bc3a94d373378d7c6edb95b82ec73fdcef97398fcbd2f3,0.07930458940060096,1.3766154756339073,0.5374518595929652,0.02192022354484549,1.0
HBC,HBC_shared16112,Primary,SpaIM,4,raw_identity,prediction_matrices/HBC_shared16112/SpaIM/fold4/prediction.npz,prediction_matrices/HBC_shared16112/SpaIM/fold4/metadata.json,prediction_matrices/HBC_shared16112/SpaIM/fold4/test_gene_idx.npy,ground_truth_protocol_a/HBC_shared16112/fold4/truth.npz,ground_truth/HBC_shared16112/gene_names.txt,final_test_genes,"[4784,3222]",float32,a75d14115f8abbfbf06dfc141646f3d25485f13144e9070f19e82107e767b971,54007869,688b31f0e7999e23b22817558abe8b749254aad514c6479714479aec43cbf6b0,e1c31c594a974e5f60b55ac5c075aa29b463436e11c5fb1f9762ce7f9b0f78ae,fa87c520c12c58ef57bc3a94d373378d7c6edb95b82ec73fdcef97398fcbd2f3,0.09795366347962244,1.369736601448081,0.5352485461623328,0.011776894631214046,1.0
HBC,HBC_shared16112,Primary,SpaGE,4,raw_identity,prediction_matrices/HBC_shared16112/SpaGE/fold4/prediction.npz,prediction_matrices/HBC_shared16112/SpaGE/fold4/metadata.json,prediction_matrices/HBC_shared16112/SpaGE/fold4/test_gene_idx.npy,ground_truth_protocol_a/HBC_shared16112/fold4/truth.npz,ground_truth/HBC_shared16112/gene_names.txt,final_test_genes,"[4784,3222]",float32,8281c01ba66dde9579df0892c65513e4984e357362b3a289b1d4208ae1a96b19,32203603,c758a655b38077300d82003d6fb8bcef903c32ae6d776797f4880bb0f5af5fdf,e1c31c594a974e5f60b55ac5c075aa29b463436e11c5fb1f9762ce7f9b0f78ae,fa87c520c12c58ef57bc3a94d373378d7c6edb95b82ec73fdcef97398fcbd2f3,0.05345968411673833,1.3908888296093176,0.554660751691264,0.02754610030898494,1.0
HBC,HBC_shared16112,Primary,stPlus,4,raw_identity,prediction_matrices/HBC_shared16112/stPlus/fold4/prediction.npz,prediction_matrices/HBC_shared16112/stPlus/fold4/metadata.json,prediction_matrices/HBC_shared16112/stPlus/fold4/test_gene_idx.npy,ground_truth_protocol_a/HBC_shared16112/fold4/truth.npz,ground_truth/HBC_shared16112/gene_names.txt,final_test_genes,"[4784,3222]",float32,25f286d656dc137ea665b26e57a88e6f2e2942388a549f6ed516c1539583aa97,41860808,b755456b81ce2f2a8fd3f18a5c0f9896bf4b1d4534897d0e8875fbc74d666a30,e1c31c594a974e5f60b55ac5c075aa29b463436e11c5fb1f9762ce7f9b0f78ae,fa87c520c12c58ef57bc3a94d373378d7c6edb95b82ec73fdcef97398fcbd2f3,0.020446045044318635,1.396090245508848,0.5431571520168693,0.008421336199826265,1.0
Cell2location,Cell2location_mouse_brain_ST8059048_shared12819,Primary,GeneSPT,0,validation_selected_readout_genespt57,prediction_matrices/Cell2location_mouse_brain_ST8059048_shared12819/GeneSPT/fold0/prediction.npz,prediction_matrices/Cell2location_mouse_brain_ST8059048_shared12819/GeneSPT/fold0/metadata.json,prediction_matrices/Cell2location_mouse_brain_ST8059048_shared12819/GeneSPT/fold0/test_gene_idx.npy,ground_truth_protocol_a/Cell2location_mouse_brain_ST8059048_shared12819/fold0/truth.npz,ground_truth/Cell2location_mouse_brain_ST8059048_shared12819/gene_names.txt,final_test_genes,"[2987,2564]",float32,5deda7f57e3ceb530a5e7107200d4b112eb4a0b6395a7790a018bfbedc8fd635,25025518,90087c46cf9a7f6c70e11160a7ff6fe56db3c8d28e955fa01f6e577947440345,42132cf916c0a08eee0ac52bb15ddbae937f039dad0d804ddf1b9dd549a97cd8,4d91c0702160edcb3e4040b60d3c5715e126c4d60deb3a6053eadc0678290ec6,0.1825173742301905,1.3114585132057215,0.35708568754557246,0.05123901047771755,1.0
Cell2location,Cell2location_mouse_brain_ST8059048_shared12819,Primary,Tangram,0,raw_identity,prediction_matrices/Cell2location_mouse_brain_ST8059048_shared12819/Tangram/fold0/prediction.npz,prediction_matrices/Cell2location_mouse_brain_ST8059048_shared12819/Tangram/fold0/metadata.json,prediction_matrices/Cell2location_mouse_brain_ST8059048_shared12819/Tangram/fold0/test_gene_idx.npy,ground_truth_protocol_a/Cell2location_mouse_brain_ST8059048_shared12819/fold0/truth.npz,ground_truth/Cell2location_mouse_brain_ST8059048_shared12819/gene_names.txt,final_test_genes,"[2987,2564]",float32,0a88689a20e6414a365a90c7b1c3cd1cb3a81c38cfa82d23d6d50a982842abab,27036599,8e53252a7e1e2c3cae958b4c560731c113944a259737e27cb1b6b07bb3844fae,42132cf916c0a08eee0ac52bb15ddbae937f039dad0d804ddf1b9dd549a97cd8,4d91c0702160edcb3e4040b60d3c5715e126c4d60deb3a6053eadc0678290ec6,0.17286737205902702,1.3114318007943075,0.35555843953273913,0.045638719238193605,1.0
Cell2location,Cell2location_mouse_brain_ST8059048_shared12819,Primary,TransImp,0,raw_identity,prediction_matrices/Cell2location_mouse_brain_ST8059048_shared12819/TransImp/fold0/prediction.npz,prediction_matrices/Cell2location_mouse_brain_ST8059048_shared12819/TransImp/fold0/metadata.json,prediction_matrices/Cell2location_mouse_brain_ST8059048_shared12819/TransImp/fold0/test_gene_idx.npy,ground_truth_protocol_a/Cell2location_mouse_brain_ST8059048_shared12819/fold0/truth.npz,ground_truth/Cell2location_mouse_brain_ST8059048_shared12819/gene_names.txt,final_test_genes,"[2987,2564]",float32,8353955784c8a9f5bbfa7ed3399c9b8ee2e9b11d3aa22022bc77cd3a82a82f9e,26992606,5dfc53bcafedd953f805cd7252b464261a6eb85b9b90011906770d5e08e5f2dc,42132cf916c0a08eee0ac52bb15ddbae937f039dad0d804ddf1b9dd549a97cd8,4d91c0702160edcb3e4040b60d3c5715e126c4d60deb3a6053eadc0678290ec6,0.12246247465208633,1.3450667518878126,0.36411001573226287,0.03771609430196751,1.0
Cell2location,Cell2location_mouse_brain_ST8059048_shared12819,Primary,SpaIM,0,raw_identity,prediction_matrices/Cell2location_mouse_brain_ST8059048_shared12819/SpaIM/fold0/prediction.npz,prediction_matrices/Cell2location_mouse_brain_ST8059048_shared12819/SpaIM/fold0/metadata.json,prediction_matrices/Cell2location_mouse_brain_ST8059048_shared12819/SpaIM/fold0/test_gene_idx.npy,ground_truth_protocol_a/Cell2location_mouse_brain_ST8059048_shared12819/fold0/truth.npz,ground_truth/Cell2location_mouse_brain_ST8059048_shared12819/gene_names.txt,final_test_genes,"[2987,2564]",float32,d1363f6b022a5aa9f6653b4509ffe0f2d0811e45ea4fa12a1d82ee7208aeadfb,26670443,d3772a0c11ec3508cb6701e4462138af9b59d21368ea8843caf18ac4e98b2c11,42132cf916c0a08eee0ac52bb15ddbae937f039dad0d804ddf1b9dd549a97cd8,4d91c0702160edcb3e4040b60d3c5715e126c4d60deb3a6053eadc0678290ec6,0.15670986042720936,1.340614280983796,0.36512178863255607,0.025735517842369382,1.0
Cell2location,Cell2location_mouse_brain_ST8059048_shared12819,Primary,SpaGE,0,raw_identity,prediction_matrices/Cell2location_mouse_brain_ST8059048_shared12819/SpaGE/fold0/prediction.npz,prediction_matrices/Cell2location_mouse_brain_ST8059048_shared12819/SpaGE/fold0/metadata.json,prediction_matrices/Cell2location_mouse_brain_ST8059048_shared12819/SpaGE/fold0/test_gene_idx.npy,ground_truth_protocol_a/Cell2location_mouse_brain_ST8059048_shared12819/fold0/truth.npz,ground_truth/Cell2location_mouse_brain_ST8059048_shared12819/gene_names.txt,final_test_genes,"[2987,2564]",float32,b567d9f5adc9b1d68c433462c18166961b8da8af1280ec903fe49368d5addea8,24262406,270181100ba13770de0acc2ce3e07fc2c9934804a4d8a563b55835a2cb82e55f,42132cf916c0a08eee0ac52bb15ddbae937f039dad0d804ddf1b9dd549a97cd8,4d91c0702160edcb3e4040b60d3c5715e126c4d60deb3a6053eadc0678290ec6,0.11213295436421776,1.3463971487644115,0.3619032189351968,0.052171427492816655,1.0
Cell2location,Cell2location_mouse_brain_ST8059048_shared12819,Primary,stPlus,0,raw_identity,prediction_matrices/Cell2location_mouse_brain_ST8059048_shared12819/stPlus/fold0/prediction.npz,prediction_matrices/Cell2location_mouse_brain_ST8059048_shared12819/stPlus/fold0/metadata.json,prediction_matrices/Cell2location_mouse_brain_ST8059048_shared12819/stPlus/fold0/test_gene_idx.npy,ground_truth_protocol_a/Cell2location_mouse_brain_ST8059048_shared12819/fold0/truth.npz,ground_truth/Cell2location_mouse_brain_ST8059048_shared12819/gene_names.txt,final_test_genes,"[2987,2564]",float32,fc3af7f100271cce776d85269779a917657cfb26dc6bbc60096de573bf4a69cd,15678312,9077c8501111a90a76d1783730cc8247fc66b784808f04681b1a105977714e92,42132cf916c0a08eee0ac52bb15ddbae937f039dad0d804ddf1b9dd549a97cd8,4d91c0702160edcb3e4040b60d3c5715e126c4d60deb3a6053eadc0678290ec6,0.0,1.4060963080397972,0.39039740225194,0.0076689756942279015,1.0
Cell2location,Cell2location_mouse_brain_ST8059048_shared12819,Primary,GeneSPT,1,validation_selected_readout_genespt57,prediction_matrices/Cell2location_mouse_brain_ST8059048_shared12819/GeneSPT/fold1/prediction.npz,prediction_matrices/Cell2location_mouse_brain_ST8059048_shared12819/GeneSPT/fold1/metadata.json,prediction_matrices/Cell2location_mouse_brain_ST8059048_shared12819/GeneSPT/fold1/test_gene_idx.npy,ground_truth_protocol_a/Cell2location_mouse_brain_ST8059048_shared12819/fold1/truth.npz,ground_truth/Cell2location_mouse_brain_ST8059048_shared12819/gene_names.txt,final_test_genes,"[2987,2564]",float32,15220f7cdb854e27c22ccad8e304a6bb450dd5e4c926a2c78a57d2c185712c94,26892842,e885632248076598def138cf4edb0b209356e65bcac4231e3c3911d917e94152,c93d5ceafd8a0113441c5b57ba7410060f22ab7eb635b1b4baf6890b8402eb81,a778e7a4a909cd4201e69e1563d4e38f5284ffccc61b892229f00bac7368996c,0.1886422799171672,1.3051054704762763,0.347248536021885,0.04356196897754984,1.0
Cell2location,Cell2location_mouse_brain_ST8059048_shared12819,Primary,Tangram,1,raw_identity,prediction_matrices/Cell2location_mouse_brain_ST8059048_shared12819/Tangram/fold1/prediction.npz,prediction_matrices/Cell2location_mouse_brain_ST8059048_shared12819/Tangram/fold1/metadata.json,prediction_matrices/Cell2location_mouse_brain_ST8059048_shared12819/Tangram/fold1/test_gene_idx.npy,ground_truth_protocol_a/Cell2location_mouse_brain_ST8059048_shared12819/fold1/truth.npz,ground_truth/Cell2location_mouse_brain_ST8059048_shared12819/gene_names.txt,final_test_genes,"[2987,2564]",float32,eded737122e40418120ca76826e34a6a7b44a1ab57c2d1aa75b80e057722e791,27064295,351054f1b35c012fe7e9976556d1397c5adfd5962901d83182f56d896f70ebc1,c93d5ceafd8a0113441c5b57ba7410060f22ab7eb635b1b4baf6890b8402eb81,a778e7a4a909cd4201e69e1563d4e38f5284ffccc61b892229f00bac7368996c,0.178146551616538,1.3044166048192491,0.34796594730715436,0.04870536875440899,1.0
Cell2location,Cell2location_mouse_brain_ST8059048_shared12819,Primary,TransImp,1,raw_identity,prediction_matrices/Cell2location_mouse_brain_ST8059048_shared12819/TransImp/fold1/prediction.npz,prediction_matrices/Cell2location_mouse_brain_ST8059048_shared12819/TransImp/fold1/metadata.json,prediction_matrices/Cell2location_mouse_brain_ST8059048_shared12819/TransImp/fold1/test_gene_idx.npy,ground_truth_protocol_a/Cell2location_mouse_brain_ST8059048_shared12819/fold1/truth.npz,ground_truth/Cell2location_mouse_brain_ST8059048_shared12819/gene_names.txt,final_test_genes,"[2987,2564]",float32,52f5821bfcb542e94321938ae10fcdf735a2db15d10652dcff53389a5f771132,27004101,29c350294a560bdba5d7a424542c406fe05344e779fd3dedaa1a506c33d8911a,c93d5ceafd8a0113441c5b57ba7410060f22ab7eb635b1b4baf6890b8402eb81,a778e7a4a909cd4201e69e1563d4e38f5284ffccc61b892229f00bac7368996c,0.1267787098763263,1.3425664656240586,0.35773825528213976,0.03629184733475721,1.0
Cell2location,Cell2location_mouse_brain_ST8059048_shared12819,Primary,SpaIM,1,raw_identity,prediction_matrices/Cell2location_mouse_brain_ST8059048_shared12819/SpaIM/fold1/prediction.npz,prediction_matrices/Cell2location_mouse_brain_ST8059048_shared12819/SpaIM/fold1/metadata.json,prediction_matrices/Cell2location_mouse_brain_ST8059048_shared12819/SpaIM/fold1/test_gene_idx.npy,ground_truth_protocol_a/Cell2location_mouse_brain_ST8059048_shared12819/fold1/truth.npz,ground_truth/Cell2location_mouse_brain_ST8059048_shared12819/gene_names.txt,final_test_genes,"[2987,2564]",float32,f48dfbd3c5c95bbc1869e682c9012b40a2c161881ca5da5a7d447e8cfde3c230,26588896,b6a7fc58b021027fdad0cd2925da07a3d6cae844c1d5046e7f66e9d2a8634413,c93d5ceafd8a0113441c5b57ba7410060f22ab7eb635b1b4baf6890b8402eb81,a778e7a4a909cd4201e69e1563d4e38f5284ffccc61b892229f00bac7368996c,0.16084344155608363,1.3372804336998954,0.35478397692276337,0.02621132269646023,1.0
Cell2location,Cell2location_mouse_brain_ST8059048_shared12819,Primary,SpaGE,1,raw_identity,prediction_matrices/Cell2location_mouse_brain_ST8059048_shared12819/SpaGE/fold1/prediction.npz,prediction_matrices/Cell2location_mouse_brain_ST8059048_shared12819/SpaGE/fold1/metadata.json,prediction_matrices/Cell2location_mouse_brain_ST8059048_shared12819/SpaGE/fold1/test_gene_idx.npy,ground_truth_protocol_a/Cell2location_mouse_brain_ST8059048_shared12819/fold1/truth.npz,ground_truth/Cell2location_mouse_brain_ST8059048_shared12819/gene_names.txt,final_test_genes,"[2987,2564]",float32,fa405c9a1361342609c3799a94776e337ab30448ca30a537882cd3632be88507,24164254,bd4ab820e25f10d0f37695c1d9cbf9db67af2c06f75ef33369aefa586f30af4f,c93d5ceafd8a0113441c5b57ba7410060f22ab7eb635b1b4baf6890b8402eb81,a778e7a4a909cd4201e69e1563d4e38f5284ffccc61b892229f00bac7368996c,0.11436484113357556,1.3421388253067117,0.3570635204290271,0.053618062623734405,1.0
Cell2location,Cell2location_mouse_brain_ST8059048_shared12819,Primary,stPlus,1,raw_identity,prediction_matrices/Cell2location_mouse_brain_ST8059048_shared12819/stPlus/fold1/prediction.npz,prediction_matrices/Cell2location_mouse_brain_ST8059048_shared12819/stPlus/fold1/metadata.json,prediction_matrices/Cell2location_mouse_brain_ST8059048_shared12819/stPlus/fold1/test_gene_idx.npy,ground_truth_protocol_a/Cell2location_mouse_brain_ST8059048_shared12819/fold1/truth.npz,ground_truth/Cell2location_mouse_brain_ST8059048_shared12819/gene_names.txt,final_test_genes,"[2987,2564]",float32,caa28006de5049acf101588f8b785d3f9218ed90d0242570c7ecc8080adf48d3,18155841,dcc8726b21dcd13ce0c13f6ce8df8761c187b67b003d6ada33e8d8beff1dfe75,c93d5ceafd8a0113441c5b57ba7410060f22ab7eb635b1b4baf6890b8402eb81,a778e7a4a909cd4201e69e1563d4e38f5284ffccc61b892229f00bac7368996c,0.0,1.4091829261976039,0.38693496344312256,0.006606333545208111,1.0
Cell2location,Cell2location_mouse_brain_ST8059048_shared12819,Primary,GeneSPT,2,validation_selected_readout_genespt57,prediction_matrices/Cell2location_mouse_brain_ST8059048_shared12819/GeneSPT/fold2/prediction.npz,prediction_matrices/Cell2location_mouse_brain_ST8059048_shared12819/GeneSPT/fold2/metadata.json,prediction_matrices/Cell2location_mouse_brain_ST8059048_shared12819/GeneSPT/fold2/test_gene_idx.npy,ground_truth_protocol_a/Cell2location_mouse_brain_ST8059048_shared12819/fold2/truth.npz,ground_truth/Cell2location_mouse_brain_ST8059048_shared12819/gene_names.txt,final_test_genes,"[2987,2564]",float32,89a7d0c3fe7093144cd9cceb2b6a8fd391682b9d7560ecfbff7454ec0dc70c41,24374804,fab317e7c342e7ad420904a2aecabdea13435aed13465476fb48ef061a7ebb25,388b0c2f32a30a09cd51e187b80065e4362646d4a53ba443db77cbf7f93849fe,8dea958d951ee9a949929af4f2da82ca00c87783aa88589dbb065fc75b0f9167,0.18901168018652548,1.303896074733343,0.3475876087861712,0.0665673573120455,1.0
Cell2location,Cell2location_mouse_brain_ST8059048_shared12819,Primary,Tangram,2,raw_identity,prediction_matrices/Cell2location_mouse_brain_ST8059048_shared12819/Tangram/fold2/prediction.npz,prediction_matrices/Cell2location_mouse_brain_ST8059048_shared12819/Tangram/fold2/metadata.json,prediction_matrices/Cell2location_mouse_brain_ST8059048_shared12819/Tangram/fold2/test_gene_idx.npy,ground_truth_protocol_a/Cell2location_mouse_brain_ST8059048_shared12819/fold2/truth.npz,ground_truth/Cell2location_mouse_brain_ST8059048_shared12819/gene_names.txt,final_test_genes,"[2987,2564]",float32,7aff272efa4473c967ffe818b226f4883a5f6efb8ff7a17f879750ee6d631d0e,27053504,cabc67d834cd66196d7639e443db4cd5b85466fb69306b7993d5171bad3a8faa,388b0c2f32a30a09cd51e187b80065e4362646d4a53ba443db77cbf7f93849fe,8dea958d951ee9a949929af4f2da82ca00c87783aa88589dbb065fc75b0f9167,0.17978679780921622,1.304082100429722,0.34903672253696016,0.05184228285654584,1.0
Cell2location,Cell2location_mouse_brain_ST8059048_shared12819,Primary,TransImp,2,raw_identity,prediction_matrices/Cell2location_mouse_brain_ST8059048_shared12819/TransImp/fold2/prediction.npz,prediction_matrices/Cell2location_mouse_brain_ST8059048_shared12819/TransImp/fold2/metadata.json,prediction_matrices/Cell2location_mouse_brain_ST8059048_shared12819/TransImp/fold2/test_gene_idx.npy,ground_truth_protocol_a/Cell2location_mouse_brain_ST8059048_shared12819/fold2/truth.npz,ground_truth/Cell2location_mouse_brain_ST8059048_shared12819/gene_names.txt,final_test_genes,"[2987,2564]",float32,cf5aef16c3c0834eb836bcfc03a052ee23743eeba85aaedaa0b70eaacdc44361,26986063,b2e365dedb7e26314914dc83fb74fa97e1762b3110445ba1a0e04c0235682e18,388b0c2f32a30a09cd51e187b80065e4362646d4a53ba443db77cbf7f93849fe,8dea958d951ee9a949929af4f2da82ca00c87783aa88589dbb065fc75b0f9167,0.13183430768983112,1.3399975873247172,0.3595468043407867,0.03862710477096394,1.0
Cell2location,Cell2location_mouse_brain_ST8059048_shared12819,Primary,SpaIM,2,raw_identity,prediction_matrices/Cell2location_mouse_brain_ST8059048_shared12819/SpaIM/fold2/prediction.npz,prediction_matrices/Cell2location_mouse_brain_ST8059048_shared12819/SpaIM/fold2/metadata.json,prediction_matrices/Cell2location_mouse_brain_ST8059048_shared12819/SpaIM/fold2/test_gene_idx.npy,ground_truth_protocol_a/Cell2location_mouse_brain_ST8059048_shared12819/fold2/truth.npz,ground_truth/Cell2location_mouse_brain_ST8059048_shared12819/gene_names.txt,final_test_genes,"[2987,2564]",float32,ef936b8a39d0c0a7d93d662c3893f91f1747632d0e38d8a9927015f274301d98,26397377,fe5ac5802d5ad5ae7979ed8da3b63548473f1ee55e5cbe255ff419deb96ad96f,388b0c2f32a30a09cd51e187b80065e4362646d4a53ba443db77cbf7f93849fe,8dea958d951ee9a949929af4f2da82ca00c87783aa88589dbb065fc75b0f9167,0.16267832557744913,1.3363965561265796,0.3563288499995567,0.0272447443114392,1.0
Cell2location,Cell2location_mouse_brain_ST8059048_shared12819,Primary,SpaGE,2,raw_identity,prediction_matrices/Cell2location_mouse_brain_ST8059048_shared12819/SpaGE/fold2/prediction.npz,prediction_matrices/Cell2location_mouse_brain_ST8059048_shared12819/SpaGE/fold2/metadata.json,prediction_matrices/Cell2location_mouse_brain_ST8059048_shared12819/SpaGE/fold2/test_gene_idx.npy,ground_truth_protocol_a/Cell2location_mouse_brain_ST8059048_shared12819/fold2/truth.npz,ground_truth/Cell2location_mouse_brain_ST8059048_shared12819/gene_names.txt,final_test_genes,"[2987,2564]",float32,9d9e310c77c27396ca8a3e82882ec1ea5456f05fa5f33d1cb81048af11cf4ace,24294773,fef115bccb36d31d626b217057ab6abe7e412b9b214325baf5886d856a4637aa,388b0c2f32a30a09cd51e187b80065e4362646d4a53ba443db77cbf7f93849fe,8dea958d951ee9a949929af4f2da82ca00c87783aa88589dbb065fc75b0f9167,0.11609278864252127,1.3419433214191079,0.3580429224684287,0.05709591376016065,1.0
Cell2location,Cell2location_mouse_brain_ST8059048_shared12819,Primary,stPlus,2,raw_identity,prediction_matrices/Cell2location_mouse_brain_ST8059048_shared12819/stPlus/fold2/prediction.npz,prediction_matrices/Cell2location_mouse_brain_ST8059048_shared12819/stPlus/fold2/metadata.json,prediction_matrices/Cell2location_mouse_brain_ST8059048_shared12819/stPlus/fold2/test_gene_idx.npy,ground_truth_protocol_a/Cell2location_mouse_brain_ST8059048_shared12819/fold2/truth.npz,ground_truth/Cell2location_mouse_brain_ST8059048_shared12819/gene_names.txt,final_test_genes,"[2987,2564]",float32,64583f44f7e9466336c67d40f7c87ccef79edd0ad43f0d1b988c1245258da3c8,18525057,43306a8d1187081afc2c2231f6b3bfba7853377f9ad439ed06f7a9bde896972e,388b0c2f32a30a09cd51e187b80065e4362646d4a53ba443db77cbf7f93849fe,8dea958d951ee9a949929af4f2da82ca00c87783aa88589dbb065fc75b0f9167,0.030778381043629413,1.3911233372196354,0.3714050610211145,0.010069821622565079,1.0
Cell2location,Cell2location_mouse_brain_ST8059048_shared12819,Primary,GeneSPT,3,validation_selected_readout_genespt57,prediction_matrices/Cell2location_mouse_brain_ST8059048_shared12819/GeneSPT/fold3/prediction.npz,prediction_matrices/Cell2location_mouse_brain_ST8059048_shared12819/GeneSPT/fold3/metadata.json,prediction_matrices/Cell2location_mouse_brain_ST8059048_shared12819/GeneSPT/fold3/test_gene_idx.npy,ground_truth_protocol_a/Cell2location_mouse_brain_ST8059048_shared12819/fold3/truth.npz,ground_truth/Cell2location_mouse_brain_ST8059048_shared12819/gene_names.txt,final_test_genes,"[2987,2564]",float32,c2287cad77727af8c931e8b6c3dc5427245035a84456fecd708efe576377665b,26934334,a54490c7c978d36b48b084a5c30e179f1db749b9d568ef2744cf1f76ce46ea71,bf93b7e05806eb237fb160017302819f4014b724aa0cf5cc93b97e6126b7c19d,9a217f0a2f364c1a7aef63d9c9367af04841e433ada18acd06bddf76897643a6,0.18982340813036844,1.3037083653423571,0.34000099434247627,0.04899042484073375,1.0
Cell2location,Cell2location_mouse_brain_ST8059048_shared12819,Primary,Tangram,3,raw_identity,prediction_matrices/Cell2location_mouse_brain_ST8059048_shared12819/Tangram/fold3/prediction.npz,prediction_matrices/Cell2location_mouse_brain_ST8059048_shared12819/Tangram/fold3/metadata.json,prediction_matrices/Cell2location_mouse_brain_ST8059048_shared12819/Tangram/fold3/test_gene_idx.npy,ground_truth_protocol_a/Cell2location_mouse_brain_ST8059048_shared12819/fold3/truth.npz,ground_truth/Cell2location_mouse_brain_ST8059048_shared12819/gene_names.txt,final_test_genes,"[2987,2564]",float32,1287942f06132b1b98252583b102bd935a1664ad150086450883305d184827d2,27034042,ca3c8dcc2536d32c57bdac6d42bbba8b662f3ee1139415c52fcfd67de768b1f5,bf93b7e05806eb237fb160017302819f4014b724aa0cf5cc93b97e6126b7c19d,9a217f0a2f364c1a7aef63d9c9367af04841e433ada18acd06bddf76897643a6,0.1771841405228386,1.3061683247534082,0.3407947518977848,0.051622822366923005,1.0
Cell2location,Cell2location_mouse_brain_ST8059048_shared12819,Primary,TransImp,3,raw_identity,prediction_matrices/Cell2location_mouse_brain_ST8059048_shared12819/TransImp/fold3/prediction.npz,prediction_matrices/Cell2location_mouse_brain_ST8059048_shared12819/TransImp/fold3/metadata.json,prediction_matrices/Cell2location_mouse_brain_ST8059048_shared12819/TransImp/fold3/test_gene_idx.npy,ground_truth_protocol_a/Cell2location_mouse_brain_ST8059048_shared12819/fold3/truth.npz,ground_truth/Cell2location_mouse_brain_ST8059048_shared12819/gene_names.txt,final_test_genes,"[2987,2564]",float32,a6b7311d283f1c3e636e50591a26de6529cd932765522930b5c601f9eb357035,26992880,9fe7812aa15d1d9d293d6b6138dbd5666df6897e69a65fdd69e16797931425c1,bf93b7e05806eb237fb160017302819f4014b724aa0cf5cc93b97e6126b7c19d,9a217f0a2f364c1a7aef63d9c9367af04841e433ada18acd06bddf76897643a6,0.1271527811358099,1.3416862262274176,0.3501063872934526,0.03822279842708723,1.0
Cell2location,Cell2location_mouse_brain_ST8059048_shared12819,Primary,SpaIM,3,raw_identity,prediction_matrices/Cell2location_mouse_brain_ST8059048_shared12819/SpaIM/fold3/prediction.npz,prediction_matrices/Cell2location_mouse_brain_ST8059048_shared12819/SpaIM/fold3/metadata.json,prediction_matrices/Cell2location_mouse_brain_ST8059048_shared12819/SpaIM/fold3/test_gene_idx.npy,ground_truth_protocol_a/Cell2location_mouse_brain_ST8059048_shared12819/fold3/truth.npz,ground_truth/Cell2location_mouse_brain_ST8059048_shared12819/gene_names.txt,final_test_genes,"[2987,2564]",float32,b0e4f6425bed850bad9121ec6aa58148635f4c7f52a1d1e737e499ad6adec709,26639428,e9e9e88dcb5dd0f5134922bbfe76b29301cd4994e8cc6ec51df302880b48acb1,bf93b7e05806eb237fb160017302819f4014b724aa0cf5cc93b97e6126b7c19d,9a217f0a2f364c1a7aef63d9c9367af04841e433ada18acd06bddf76897643a6,0.16323226602619842,1.3384761696639136,0.34739356188559845,0.02854892516025851,1.0
Cell2location,Cell2location_mouse_brain_ST8059048_shared12819,Primary,SpaGE,3,raw_identity,prediction_matrices/Cell2location_mouse_brain_ST8059048_shared12819/SpaGE/fold3/prediction.npz,prediction_matrices/Cell2location_mouse_brain_ST8059048_shared12819/SpaGE/fold3/metadata.json,prediction_matrices/Cell2location_mouse_brain_ST8059048_shared12819/SpaGE/fold3/test_gene_idx.npy,ground_truth_protocol_a/Cell2location_mouse_brain_ST8059048_shared12819/fold3/truth.npz,ground_truth/Cell2location_mouse_brain_ST8059048_shared12819/gene_names.txt,final_test_genes,"[2987,2564]",float32,8a68f31eedd8d2128bdc19d22329a0d7ced56092f092aecff4d9276089ccca27,24511114,4f231f489fe660a2eef1c59d2eac81085f0a0153dc39a23291699a9143037ef4,bf93b7e05806eb237fb160017302819f4014b724aa0cf5cc93b97e6126b7c19d,9a217f0a2f364c1a7aef63d9c9367af04841e433ada18acd06bddf76897643a6,0.11542278443916287,1.343556575015809,0.34874002532595033,0.05753477125521438,1.0
Cell2location,Cell2location_mouse_brain_ST8059048_shared12819,Primary,stPlus,3,raw_identity,prediction_matrices/Cell2location_mouse_brain_ST8059048_shared12819/stPlus/fold3/prediction.npz,prediction_matrices/Cell2location_mouse_brain_ST8059048_shared12819/stPlus/fold3/metadata.json,prediction_matrices/Cell2location_mouse_brain_ST8059048_shared12819/stPlus/fold3/test_gene_idx.npy,ground_truth_protocol_a/Cell2location_mouse_brain_ST8059048_shared12819/fold3/truth.npz,ground_truth/Cell2location_mouse_brain_ST8059048_shared12819/gene_names.txt,final_test_genes,"[2987,2564]",float32,6bb3697d842bfedbe7c7ad23e7b62d0c25d388dd1662a3a9d56cd383c6b22eba,17893797,874682022f4b7e1e863daacfadf6a1e37ba038ed425b0181a8e4698e84247348,bf93b7e05806eb237fb160017302819f4014b724aa0cf5cc93b97e6126b7c19d,9a217f0a2f364c1a7aef63d9c9367af04841e433ada18acd06bddf76897643a6,0.0,1.4113060120185843,0.37341170647777605,0.009165351156733274,1.0
Cell2location,Cell2location_mouse_brain_ST8059048_shared12819,Primary,GeneSPT,4,validation_selected_readout_genespt57,prediction_matrices/Cell2location_mouse_brain_ST8059048_shared12819/GeneSPT/fold4/prediction.npz,prediction_matrices/Cell2location_mouse_brain_ST8059048_shared12819/GeneSPT/fold4/metadata.json,prediction_matrices/Cell2location_mouse_brain_ST8059048_shared12819/GeneSPT/fold4/test_gene_idx.npy,ground_truth_protocol_a/Cell2location_mouse_brain_ST8059048_shared12819/fold4/truth.npz,ground_truth/Cell2location_mouse_brain_ST8059048_shared12819/gene_names.txt,final_test_genes,"[2987,2563]",float32,14839d6ea5be1f9b368159cab7cb9a5a6a737873dc532a56712c6255d6a8603d,27355039,924d29f5002a3f3b92bbe2ace8ce651b680135e83be52ca19378d069e1f6800b,9e94e2499f4429b3086b9be011fd8b5ba1762f33507e11202bd4d64e0ae69f73,3cfcf4207677d291ecc9348950713bbefb8602d4708e2367f4c9cff1a7b66d57,0.18522623909641167,1.3083042104947826,0.3519525166874169,0.041480833496902035,1.0
Cell2location,Cell2location_mouse_brain_ST8059048_shared12819,Primary,Tangram,4,raw_identity,prediction_matrices/Cell2location_mouse_brain_ST8059048_shared12819/Tangram/fold4/prediction.npz,prediction_matrices/Cell2location_mouse_brain_ST8059048_shared12819/Tangram/fold4/metadata.json,prediction_matrices/Cell2location_mouse_brain_ST8059048_shared12819/Tangram/fold4/test_gene_idx.npy,ground_truth_protocol_a/Cell2location_mouse_brain_ST8059048_shared12819/fold4/truth.npz,ground_truth/Cell2location_mouse_brain_ST8059048_shared12819/gene_names.txt,final_test_genes,"[2987,2563]",float32,8cc6be9fbb487b1ac5ec7c08bf968c84445e7ba2d858e3d0aef2b3800cc9bf0d,27021543,ad3a8ea8daa2c1103c26ea25b619b0bc658f62f9e1243d4591caa41c790cb8c0,9e94e2499f4429b3086b9be011fd8b5ba1762f33507e11202bd4d64e0ae69f73,3cfcf4207677d291ecc9348950713bbefb8602d4708e2367f4c9cff1a7b66d57,0.17218451743329705,1.3093725161681922,0.3508008883404094,0.04708997665104585,1.0
Cell2location,Cell2location_mouse_brain_ST8059048_shared12819,Primary,TransImp,4,raw_identity,prediction_matrices/Cell2location_mouse_brain_ST8059048_shared12819/TransImp/fold4/prediction.npz,prediction_matrices/Cell2location_mouse_brain_ST8059048_shared12819/TransImp/fold4/metadata.json,prediction_matrices/Cell2location_mouse_brain_ST8059048_shared12819/TransImp/fold4/test_gene_idx.npy,ground_truth_protocol_a/Cell2location_mouse_brain_ST8059048_shared12819/fold4/truth.npz,ground_truth/Cell2location_mouse_brain_ST8059048_shared12819/gene_names.txt,final_test_genes,"[2987,2563]",float32,52026f7fce60886efa0178175373cb2f4158e7fcb36877feb838a7ff33e66d8d,26976518,183af2b467967e0a071c7d786955cb6b1866554603c82e28d87242e320ee88ae,9e94e2499f4429b3086b9be011fd8b5ba1762f33507e11202bd4d64e0ae69f73,3cfcf4207677d291ecc9348950713bbefb8602d4708e2367f4c9cff1a7b66d57,0.12539749163395014,1.341813393082263,0.3611136500964512,0.03875835016858005,1.0
Cell2location,Cell2location_mouse_brain_ST8059048_shared12819,Primary,SpaIM,4,raw_identity,prediction_matrices/Cell2location_mouse_brain_ST8059048_shared12819/SpaIM/fold4/prediction.npz,prediction_matrices/Cell2location_mouse_brain_ST8059048_shared12819/SpaIM/fold4/metadata.json,prediction_matrices/Cell2location_mouse_brain_ST8059048_shared12819/SpaIM/fold4/test_gene_idx.npy,ground_truth_protocol_a/Cell2location_mouse_brain_ST8059048_shared12819/fold4/truth.npz,ground_truth/Cell2location_mouse_brain_ST8059048_shared12819/gene_names.txt,final_test_genes,"[2987,2563]",float32,85ca9952defb8c3e74c72aa04f1b6c142e538ac95a823e757316e5c2b5f9b250,26671282,9b93eae5339db2225cd2f86dadf5bee71c867172cb3ec64d97b707062eef7190,9e94e2499f4429b3086b9be011fd8b5ba1762f33507e11202bd4d64e0ae69f73,3cfcf4207677d291ecc9348950713bbefb8602d4708e2367f4c9cff1a7b66d57,0.1583847774147632,1.3415259963750485,0.36018935184774825,0.02654669200320864,1.0
Cell2location,Cell2location_mouse_brain_ST8059048_shared12819,Primary,SpaGE,4,raw_identity,prediction_matrices/Cell2location_mouse_brain_ST8059048_shared12819/SpaGE/fold4/prediction.npz,prediction_matrices/Cell2location_mouse_brain_ST8059048_shared12819/SpaGE/fold4/metadata.json,prediction_matrices/Cell2location_mouse_brain_ST8059048_shared12819/SpaGE/fold4/test_gene_idx.npy,ground_truth_protocol_a/Cell2location_mouse_brain_ST8059048_shared12819/fold4/truth.npz,ground_truth/Cell2location_mouse_brain_ST8059048_shared12819/gene_names.txt,final_test_genes,"[2987,2563]",float32,2dd9e138af1c42d74a9964c1ab0700c1621bc714d4880488cef67d9ab0563c4c,24250549,dd3d22c93c7ef5c6bca892ffdb755a5acb5e772ee60bad497eeff02110400b48,9e94e2499f4429b3086b9be011fd8b5ba1762f33507e11202bd4d64e0ae69f73,3cfcf4207677d291ecc9348950713bbefb8602d4708e2367f4c9cff1a7b66d57,0.11208425522968916,1.3445485089457592,0.3608375655353975,0.055670861396621855,1.0
Cell2location,Cell2location_mouse_brain_ST8059048_shared12819,Primary,stPlus,4,raw_identity,prediction_matrices/Cell2location_mouse_brain_ST8059048_shared12819/stPlus/fold4/prediction.npz,prediction_matrices/Cell2location_mouse_brain_ST8059048_shared12819/stPlus/fold4/metadata.json,prediction_matrices/Cell2location_mouse_brain_ST8059048_shared12819/stPlus/fold4/test_gene_idx.npy,ground_truth_protocol_a/Cell2location_mouse_brain_ST8059048_shared12819/fold4/truth.npz,ground_truth/Cell2location_mouse_brain_ST8059048_shared12819/gene_names.txt,final_test_genes,"[2987,2563]",float32,a4c70b1f92ecfb190420a44626b8e76eee64fb62642e48f1847781fff0287274,18202084,e024f6026f2fb5bd1407b591696186a5a04a28a21bf6734c5952d4e83d53708f,9e94e2499f4429b3086b9be011fd8b5ba1762f33507e11202bd4d64e0ae69f73,3cfcf4207677d291ecc9348950713bbefb8602d4708e2367f4c9cff1a7b66d57,0.010869344730119461,1.4071602341871807,0.374868097283034,0.011870694602451808,1.0
seqFISH+,seqFISH_plus_cortex_svz_zeisel_sccortex_ref_shared10000,Cross-platform,GeneSPT,0,validation_selected_readout_genespt57,prediction_matrices/seqFISH_plus_cortex_svz_zeisel_sccortex_ref_shared10000/GeneSPT/fold0/prediction.npz,prediction_matrices/seqFISH_plus_cortex_svz_zeisel_sccortex_ref_shared10000/GeneSPT/fold0/metadata.json,prediction_matrices/seqFISH_plus_cortex_svz_zeisel_sccortex_ref_shared10000/GeneSPT/fold0/test_gene_idx.npy,ground_truth_protocol_a/seqFISH_plus_cortex_svz_zeisel_sccortex_ref_shared10000/fold0/truth.npz,ground_truth/seqFISH_plus_cortex_svz_zeisel_sccortex_ref_shared10000/gene_names.txt,final_test_genes,"[913,2000]",float32,75b7c723ec0a1f4176da6da055aed54ae67c9e7a7bed033abbe7f0f3be57bb26,5548164,67a66a3a94a061bc88215fc7e465a2c0c911f2ef546d3f8cd4806f6e0381e188,84d41e5e87e846e03b5e2e539dd91adac3de8b4c71f35596b0ba46a4d6233315,4929c3a74315865a742461e4b3b34d1c1abbf1e720ff48f49263bdf9025a7db1,0.3344823738170224,1.2338341652563012,0.35034986386498856,0.09346192395660047,1.0
seqFISH+,seqFISH_plus_cortex_svz_zeisel_sccortex_ref_shared10000,Cross-platform,Tangram,0,raw_identity,prediction_matrices/seqFISH_plus_cortex_svz_zeisel_sccortex_ref_shared10000/Tangram/fold0/prediction.npz,prediction_matrices/seqFISH_plus_cortex_svz_zeisel_sccortex_ref_shared10000/Tangram/fold0/metadata.json,prediction_matrices/seqFISH_plus_cortex_svz_zeisel_sccortex_ref_shared10000/Tangram/fold0/test_gene_idx.npy,ground_truth_protocol_a/seqFISH_plus_cortex_svz_zeisel_sccortex_ref_shared10000/fold0/truth.npz,ground_truth/seqFISH_plus_cortex_svz_zeisel_sccortex_ref_shared10000/gene_names.txt,final_test_genes,"[913,2000]",float32,5a6952a7657b0745aafb8db5b52a9a742e8eab4b2456c82c0e15fac96c6d4ac5,6531624,2e27c965fb741da8d27ab5a372bc5c57ed861e374dd90397dee2c342bebfc508,84d41e5e87e846e03b5e2e539dd91adac3de8b4c71f35596b0ba46a4d6233315,4929c3a74315865a742461e4b3b34d1c1abbf1e720ff48f49263bdf9025a7db1,0.32874924055045773,1.237138076632618,0.3652792957305907,0.07563198310780286,1.0
seqFISH+,seqFISH_plus_cortex_svz_zeisel_sccortex_ref_shared10000,Cross-platform,TransImp,0,raw_identity,prediction_matrices/seqFISH_plus_cortex_svz_zeisel_sccortex_ref_shared10000/TransImp/fold0/prediction.npz,prediction_matrices/seqFISH_plus_cortex_svz_zeisel_sccortex_ref_shared10000/TransImp/fold0/metadata.json,prediction_matrices/seqFISH_plus_cortex_svz_zeisel_sccortex_ref_shared10000/TransImp/fold0/test_gene_idx.npy,ground_truth_protocol_a/seqFISH_plus_cortex_svz_zeisel_sccortex_ref_shared10000/fold0/truth.npz,ground_truth/seqFISH_plus_cortex_svz_zeisel_sccortex_ref_shared10000/gene_names.txt,final_test_genes,"[913,2000]",float32,d004c0dd99254b97a9d3b6f7caaf24ab1e9016069946ea7fbde8e9bf48954b10,6580976,fdb7500fa2bb263f0d8b09224762fced332dd5e30af01af9451e551801c9672f,84d41e5e87e846e03b5e2e539dd91adac3de8b4c71f35596b0ba46a4d6233315,4929c3a74315865a742461e4b3b34d1c1abbf1e720ff48f49263bdf9025a7db1,0.30354227818430585,1.2504998526596087,0.371142696267629,0.08854354544005441,1.0
seqFISH+,seqFISH_plus_cortex_svz_zeisel_sccortex_ref_shared10000,Cross-platform,SpaIM,0,raw_identity,prediction_matrices/seqFISH_plus_cortex_svz_zeisel_sccortex_ref_shared10000/SpaIM/fold0/prediction.npz,prediction_matrices/seqFISH_plus_cortex_svz_zeisel_sccortex_ref_shared10000/SpaIM/fold0/metadata.json,prediction_matrices/seqFISH_plus_cortex_svz_zeisel_sccortex_ref_shared10000/SpaIM/fold0/test_gene_idx.npy,ground_truth_protocol_a/seqFISH_plus_cortex_svz_zeisel_sccortex_ref_shared10000/fold0/truth.npz,ground_truth/seqFISH_plus_cortex_svz_zeisel_sccortex_ref_shared10000/gene_names.txt,final_test_genes,"[913,2000]",float32,7f45a8373841f767a5f5677070a525b7f239daed71c3686900bf0d0afa572c61,6387536,bd04c3c0471acd3d3935b7c147782ff45ec10acaef43c5e3328fe27867dc97b7,84d41e5e87e846e03b5e2e539dd91adac3de8b4c71f35596b0ba46a4d6233315,4929c3a74315865a742461e4b3b34d1c1abbf1e720ff48f49263bdf9025a7db1,0.3319846185400277,1.2380305308311175,0.36632688029091964,0.07346255473295808,1.0
seqFISH+,seqFISH_plus_cortex_svz_zeisel_sccortex_ref_shared10000,Cross-platform,SpaGE,0,raw_identity,prediction_matrices/seqFISH_plus_cortex_svz_zeisel_sccortex_ref_shared10000/SpaGE/fold0/prediction.npz,prediction_matrices/seqFISH_plus_cortex_svz_zeisel_sccortex_ref_shared10000/SpaGE/fold0/metadata.json,prediction_matrices/seqFISH_plus_cortex_svz_zeisel_sccortex_ref_shared10000/SpaGE/fold0/test_gene_idx.npy,ground_truth_protocol_a/seqFISH_plus_cortex_svz_zeisel_sccortex_ref_shared10000/fold0/truth.npz,ground_truth/seqFISH_plus_cortex_svz_zeisel_sccortex_ref_shared10000/gene_names.txt,final_test_genes,"[913,2000]",float32,394d0961f2d7cf58f860df4138d29eb67f9b4afa75a1aa60509ec92905651769,4952230,5d75b3dd88bd09f8af430c24498673f6a7df34d29e9dcb54e3d36bbdffc96ea6,84d41e5e87e846e03b5e2e539dd91adac3de8b4c71f35596b0ba46a4d6233315,4929c3a74315865a742461e4b3b34d1c1abbf1e720ff48f49263bdf9025a7db1,0.2252212363372328,1.2949904756945756,0.3943296402180281,0.0736261696147321,1.0
seqFISH+,seqFISH_plus_cortex_svz_zeisel_sccortex_ref_shared10000,Cross-platform,stPlus,0,raw_identity,prediction_matrices/seqFISH_plus_cortex_svz_zeisel_sccortex_ref_shared10000/stPlus/fold0/prediction.npz,prediction_matrices/seqFISH_plus_cortex_svz_zeisel_sccortex_ref_shared10000/stPlus/fold0/metadata.json,prediction_matrices/seqFISH_plus_cortex_svz_zeisel_sccortex_ref_shared10000/stPlus/fold0/test_gene_idx.npy,ground_truth_protocol_a/seqFISH_plus_cortex_svz_zeisel_sccortex_ref_shared10000/fold0/truth.npz,ground_truth/seqFISH_plus_cortex_svz_zeisel_sccortex_ref_shared10000/gene_names.txt,final_test_genes,"[913,2000]",float32,1b61bd121dca077b0d769a6b5b13e1687b94e2ce442c202f36876a9fab7f5dba,4665941,32c85a372820deddd2dd119ba05053c5b0dc64cc907e2775bf7f04b604f1633f,84d41e5e87e846e03b5e2e539dd91adac3de8b4c71f35596b0ba46a4d6233315,4929c3a74315865a742461e4b3b34d1c1abbf1e720ff48f49263bdf9025a7db1,0.02396216615315979,1.388654259997323,0.41598708205957363,0.01002684235256742,1.0
seqFISH+,seqFISH_plus_cortex_svz_zeisel_sccortex_ref_shared10000,Cross-platform,GeneSPT,1,validation_selected_readout_genespt57,prediction_matrices/seqFISH_plus_cortex_svz_zeisel_sccortex_ref_shared10000/GeneSPT/fold1/prediction.npz,prediction_matrices/seqFISH_plus_cortex_svz_zeisel_sccortex_ref_shared10000/GeneSPT/fold1/metadata.json,prediction_matrices/seqFISH_plus_cortex_svz_zeisel_sccortex_ref_shared10000/GeneSPT/fold1/test_gene_idx.npy,ground_truth_protocol_a/seqFISH_plus_cortex_svz_zeisel_sccortex_ref_shared10000/fold1/truth.npz,ground_truth/seqFISH_plus_cortex_svz_zeisel_sccortex_ref_shared10000/gene_names.txt,final_test_genes,"[913,2000]",float32,82f6a89c75b4d37888d3dd60a1f973695bd1d91e08673fa3151797e1b92568c9,5416333,cbe65ff8d072e7af1bb5477e2c5a374a42823e80d085bdf8881f5343ab80702c,31685efb9bb10958637520cbf0ba3549ad94beadf820f8ae56f3349b6b738748,f40bacf1499b1252c1c4b634cb6a646281cbb1727cb5148e67e00a5d4b63e9ed,0.337334736195006,1.2320724715396143,0.35166897769624816,0.09038229061015951,1.0
seqFISH+,seqFISH_plus_cortex_svz_zeisel_sccortex_ref_shared10000,Cross-platform,Tangram,1,raw_identity,prediction_matrices/seqFISH_plus_cortex_svz_zeisel_sccortex_ref_shared10000/Tangram/fold1/prediction.npz,prediction_matrices/seqFISH_plus_cortex_svz_zeisel_sccortex_ref_shared10000/Tangram/fold1/metadata.json,prediction_matrices/seqFISH_plus_cortex_svz_zeisel_sccortex_ref_shared10000/Tangram/fold1/test_gene_idx.npy,ground_truth_protocol_a/seqFISH_plus_cortex_svz_zeisel_sccortex_ref_shared10000/fold1/truth.npz,ground_truth/seqFISH_plus_cortex_svz_zeisel_sccortex_ref_shared10000/gene_names.txt,final_test_genes,"[913,2000]",float32,c6c8df8bda4177a217be01cae7469334d2213a9ec6d9f43437cbb91fd2e5f51e,6467279,d6cc4704138aa14c78b5c0957b01b00ffc631a5f28e8813523bbb80475e9055c,31685efb9bb10958637520cbf0ba3549ad94beadf820f8ae56f3349b6b738748,f40bacf1499b1252c1c4b634cb6a646281cbb1727cb5148e67e00a5d4b63e9ed,0.33018772926526796,1.235644540067786,0.370218000719511,0.07290793701036177,1.0
seqFISH+,seqFISH_plus_cortex_svz_zeisel_sccortex_ref_shared10000,Cross-platform,TransImp,1,raw_identity,prediction_matrices/seqFISH_plus_cortex_svz_zeisel_sccortex_ref_shared10000/TransImp/fold1/prediction.npz,prediction_matrices/seqFISH_plus_cortex_svz_zeisel_sccortex_ref_shared10000/TransImp/fold1/metadata.json,prediction_matrices/seqFISH_plus_cortex_svz_zeisel_sccortex_ref_shared10000/TransImp/fold1/test_gene_idx.npy,ground_truth_protocol_a/seqFISH_plus_cortex_svz_zeisel_sccortex_ref_shared10000/fold1/truth.npz,ground_truth/seqFISH_plus_cortex_svz_zeisel_sccortex_ref_shared10000/gene_names.txt,final_test_genes,"[913,2000]",float32,cf69d9057db350a7592057f05d807a042c6b6fc5334e7ba19f0aaf1b574e6848,6518711,2217f5cc534a1798df0cf6d7e69c4cb2cda741f0f5309115a7f9ae76bc01dd86,31685efb9bb10958637520cbf0ba3549ad94beadf820f8ae56f3349b6b738748,f40bacf1499b1252c1c4b634cb6a646281cbb1727cb5148e67e00a5d4b63e9ed,0.3069220941756207,1.249274274219426,0.37411303722428024,0.08773066081609286,1.0
seqFISH+,seqFISH_plus_cortex_svz_zeisel_sccortex_ref_shared10000,Cross-platform,SpaIM,1,raw_identity,prediction_matrices/seqFISH_plus_cortex_svz_zeisel_sccortex_ref_shared10000/SpaIM/fold1/prediction.npz,prediction_matrices/seqFISH_plus_cortex_svz_zeisel_sccortex_ref_shared10000/SpaIM/fold1/metadata.json,prediction_matrices/seqFISH_plus_cortex_svz_zeisel_sccortex_ref_shared10000/SpaIM/fold1/test_gene_idx.npy,ground_truth_protocol_a/seqFISH_plus_cortex_svz_zeisel_sccortex_ref_shared10000/fold1/truth.npz,ground_truth/seqFISH_plus_cortex_svz_zeisel_sccortex_ref_shared10000/gene_names.txt,final_test_genes,"[913,2000]",float32,1b0faee1ac1c1d6e352be85560dbb6debb514d37e8fa550d69f2e2bc6530582d,6385397,a5aca5dbca374a14e8b9bb8650e26fb860ef9ff44816504032b1f4eeb9002b5c,31685efb9bb10958637520cbf0ba3549ad94beadf820f8ae56f3349b6b738748,f40bacf1499b1252c1c4b634cb6a646281cbb1727cb5148e67e00a5d4b63e9ed,0.3351451694750164,1.2359542145185591,0.3695903257674296,0.07254849025284577,1.0
seqFISH+,seqFISH_plus_cortex_svz_zeisel_sccortex_ref_shared10000,Cross-platform,SpaGE,1,raw_identity,prediction_matrices/seqFISH_plus_cortex_svz_zeisel_sccortex_ref_shared10000/SpaGE/fold1/prediction.npz,prediction_matrices/seqFISH_plus_cortex_svz_zeisel_sccortex_ref_shared10000/SpaGE/fold1/metadata.json,prediction_matrices/seqFISH_plus_cortex_svz_zeisel_sccortex_ref_shared10000/SpaGE/fold1/test_gene_idx.npy,ground_truth_protocol_a/seqFISH_plus_cortex_svz_zeisel_sccortex_ref_shared10000/fold1/truth.npz,ground_truth/seqFISH_plus_cortex_svz_zeisel_sccortex_ref_shared10000/gene_names.txt,final_test_genes,"[913,2000]",float32,44172145fa144edcf314a641d4fed9d24f0506654e086871bfda4e3d23b8e150,4910474,06c396780453d15f594edd091c7e5c848b06bc6ca6049631b7961a0cf34609e7,31685efb9bb10958637520cbf0ba3549ad94beadf820f8ae56f3349b6b738748,f40bacf1499b1252c1c4b634cb6a646281cbb1727cb5148e67e00a5d4b63e9ed,0.2275333900442011,1.293062688753922,0.39567418035286706,0.07494735819384327,1.0
seqFISH+,seqFISH_plus_cortex_svz_zeisel_sccortex_ref_shared10000,Cross-platform,stPlus,1,raw_identity,prediction_matrices/seqFISH_plus_cortex_svz_zeisel_sccortex_ref_shared10000/stPlus/fold1/prediction.npz,prediction_matrices/seqFISH_plus_cortex_svz_zeisel_sccortex_ref_shared10000/stPlus/fold1/metadata.json,prediction_matrices/seqFISH_plus_cortex_svz_zeisel_sccortex_ref_shared10000/stPlus/fold1/test_gene_idx.npy,ground_truth_protocol_a/seqFISH_plus_cortex_svz_zeisel_sccortex_ref_shared10000/fold1/truth.npz,ground_truth/seqFISH_plus_cortex_svz_zeisel_sccortex_ref_shared10000/gene_names.txt,final_test_genes,"[913,2000]",float32,60635e01846c9ed55f6d4e8d9c089de5a4b107241c124e332f83f82306f39d87,5095162,f3a47dbba8100eea86129e38b4eb1ea8180c8510838a219c7bc4231fdaedf524,31685efb9bb10958637520cbf0ba3549ad94beadf820f8ae56f3349b6b738748,f40bacf1499b1252c1c4b634cb6a646281cbb1727cb5148e67e00a5d4b63e9ed,0.15724269498671467,1.3195868487179152,0.4146825298968395,0.021880737576441666,1.0
seqFISH+,seqFISH_plus_cortex_svz_zeisel_sccortex_ref_shared10000,Cross-platform,GeneSPT,2,validation_selected_readout_genespt57,prediction_matrices/seqFISH_plus_cortex_svz_zeisel_sccortex_ref_shared10000/GeneSPT/fold2/prediction.npz,prediction_matrices/seqFISH_plus_cortex_svz_zeisel_sccortex_ref_shared10000/GeneSPT/fold2/metadata.json,prediction_matrices/seqFISH_plus_cortex_svz_zeisel_sccortex_ref_shared10000/GeneSPT/fold2/test_gene_idx.npy,ground_truth_protocol_a/seqFISH_plus_cortex_svz_zeisel_sccortex_ref_shared10000/fold2/truth.npz,ground_truth/seqFISH_plus_cortex_svz_zeisel_sccortex_ref_shared10000/gene_names.txt,final_test_genes,"[913,2000]",float32,622da42cc66c5dbfa85b1eb70a9eed3de1d9f483e36c385a3fca734cfe07879d,5248844,d322cb332db269d21d0062a1a68be641c64f02b5d126111882b51e9e90699ae4,aec0b83154264b04a0cd02ff49d39f69cacfc2f9ddc6554cecae2396a2a86c0c,dca71d052b0f077e4990da5a5c11166a8a44ac00638cddf5505afa109bc7f4a7,0.33415312642028905,1.2352052419826012,0.3530457235201102,0.09342334864377139,1.0
seqFISH+,seqFISH_plus_cortex_svz_zeisel_sccortex_ref_shared10000,Cross-platform,Tangram,2,raw_identity,prediction_matrices/seqFISH_plus_cortex_svz_zeisel_sccortex_ref_shared10000/Tangram/fold2/prediction.npz,prediction_matrices/seqFISH_plus_cortex_svz_zeisel_sccortex_ref_shared10000/Tangram/fold2/metadata.json,prediction_matrices/seqFISH_plus_cortex_svz_zeisel_sccortex_ref_shared10000/Tangram/fold2/test_gene_idx.npy,ground_truth_protocol_a/seqFISH_plus_cortex_svz_zeisel_sccortex_ref_shared10000/fold2/truth.npz,ground_truth/seqFISH_plus_cortex_svz_zeisel_sccortex_ref_shared10000/gene_names.txt,final_test_genes,"[913,2000]",float32,56d218dfeda7933a265f54672e097bc2ea4bd2736acb84586dfa22388b6e57ed,6499727,15d1620dfcbc5d6417d15b69ca6e1b0ab171483e10a7e57c70c77c15f70ab0b9,aec0b83154264b04a0cd02ff49d39f69cacfc2f9ddc6554cecae2396a2a86c0c,dca71d052b0f077e4990da5a5c11166a8a44ac00638cddf5505afa109bc7f4a7,0.3270145200672876,1.2395436920923544,0.3718906061424654,0.07136339618594306,1.0
seqFISH+,seqFISH_plus_cortex_svz_zeisel_sccortex_ref_shared10000,Cross-platform,TransImp,2,raw_identity,prediction_matrices/seqFISH_plus_cortex_svz_zeisel_sccortex_ref_shared10000/TransImp/fold2/prediction.npz,prediction_matrices/seqFISH_plus_cortex_svz_zeisel_sccortex_ref_shared10000/TransImp/fold2/metadata.json,prediction_matrices/seqFISH_plus_cortex_svz_zeisel_sccortex_ref_shared10000/TransImp/fold2/test_gene_idx.npy,ground_truth_protocol_a/seqFISH_plus_cortex_svz_zeisel_sccortex_ref_shared10000/fold2/truth.npz,ground_truth/seqFISH_plus_cortex_svz_zeisel_sccortex_ref_shared10000/gene_names.txt,final_test_genes,"[913,2000]",float32,87e1ab5901afbe9ebe60b16c6167bb300a620bf6ec52c7cc2b2137c0419f2b13,6553500,258f4a0b2cf1114d3f84bdc296647aba0e9676b327dfd2a56657f8ec2e72269b,aec0b83154264b04a0cd02ff49d39f69cacfc2f9ddc6554cecae2396a2a86c0c,dca71d052b0f077e4990da5a5c11166a8a44ac00638cddf5505afa109bc7f4a7,0.299880444419688,1.2545936736927241,0.37703669074234814,0.08399223104002831,1.0
seqFISH+,seqFISH_plus_cortex_svz_zeisel_sccortex_ref_shared10000,Cross-platform,SpaIM,2,raw_identity,prediction_matrices/seqFISH_plus_cortex_svz_zeisel_sccortex_ref_shared10000/SpaIM/fold2/prediction.npz,prediction_matrices/seqFISH_plus_cortex_svz_zeisel_sccortex_ref_shared10000/SpaIM/fold2/metadata.json,prediction_matrices/seqFISH_plus_cortex_svz_zeisel_sccortex_ref_shared10000/SpaIM/fold2/test_gene_idx.npy,ground_truth_protocol_a/seqFISH_plus_cortex_svz_zeisel_sccortex_ref_shared10000/fold2/truth.npz,ground_truth/seqFISH_plus_cortex_svz_zeisel_sccortex_ref_shared10000/gene_names.txt,final_test_genes,"[913,2000]",float32,5103251fcba849dbd301465359179c79b7d8a57166ea8777d802634ff11f0881,6388943,149442f249dec43e465419db37d4ee9c497c70beb7f41b750b857517a25c1428,aec0b83154264b04a0cd02ff49d39f69cacfc2f9ddc6554cecae2396a2a86c0c,dca71d052b0f077e4990da5a5c11166a8a44ac00638cddf5505afa109bc7f4a7,0.3307150003502672,1.24041039834381,0.3710919111448307,0.07038391733956889,1.0
seqFISH+,seqFISH_plus_cortex_svz_zeisel_sccortex_ref_shared10000,Cross-platform,SpaGE,2,raw_identity,prediction_matrices/seqFISH_plus_cortex_svz_zeisel_sccortex_ref_shared10000/SpaGE/fold2/prediction.npz,prediction_matrices/seqFISH_plus_cortex_svz_zeisel_sccortex_ref_shared10000/SpaGE/fold2/metadata.json,prediction_matrices/seqFISH_plus_cortex_svz_zeisel_sccortex_ref_shared10000/SpaGE/fold2/test_gene_idx.npy,ground_truth_protocol_a/seqFISH_plus_cortex_svz_zeisel_sccortex_ref_shared10000/fold2/truth.npz,ground_truth/seqFISH_plus_cortex_svz_zeisel_sccortex_ref_shared10000/gene_names.txt,final_test_genes,"[913,2000]",float32,27eaa73c1155f8862a6bfb7f121f14ab2cfc48e789165cd4e71fc4f46966e908,4928971,5651b36878d452578d423c1b29a3e90e1ce937e3ca7bab507cfe0708b5fd47ed,aec0b83154264b04a0cd02ff49d39f69cacfc2f9ddc6554cecae2396a2a86c0c,dca71d052b0f077e4990da5a5c11166a8a44ac00638cddf5505afa109bc7f4a7,0.21985987413600708,1.2984475137291145,0.40240375946359397,0.07185722473727255,1.0
seqFISH+,seqFISH_plus_cortex_svz_zeisel_sccortex_ref_shared10000,Cross-platform,stPlus,2,raw_identity,prediction_matrices/seqFISH_plus_cortex_svz_zeisel_sccortex_ref_shared10000/stPlus/fold2/prediction.npz,prediction_matrices/seqFISH_plus_cortex_svz_zeisel_sccortex_ref_shared10000/stPlus/fold2/metadata.json,prediction_matrices/seqFISH_plus_cortex_svz_zeisel_sccortex_ref_shared10000/stPlus/fold2/test_gene_idx.npy,ground_truth_protocol_a/seqFISH_plus_cortex_svz_zeisel_sccortex_ref_shared10000/fold2/truth.npz,ground_truth/seqFISH_plus_cortex_svz_zeisel_sccortex_ref_shared10000/gene_names.txt,final_test_genes,"[913,2000]",float32,b076d66533911b8904b8543e2393d13abfa6ef0a8ab544d262e16a3db346f849,5085550,aa885ef925baeebf58ea1acafff2a49081e6f59023e0ead5b27d861696114e45,aec0b83154264b04a0cd02ff49d39f69cacfc2f9ddc6554cecae2396a2a86c0c,dca71d052b0f077e4990da5a5c11166a8a44ac00638cddf5505afa109bc7f4a7,0.14867896009329973,1.3386434514280043,0.4132836667290096,0.02025918060962137,1.0
seqFISH+,seqFISH_plus_cortex_svz_zeisel_sccortex_ref_shared10000,Cross-platform,GeneSPT,3,validation_selected_readout_genespt57,prediction_matrices/seqFISH_plus_cortex_svz_zeisel_sccortex_ref_shared10000/GeneSPT/fold3/prediction.npz,prediction_matrices/seqFISH_plus_cortex_svz_zeisel_sccortex_ref_shared10000/GeneSPT/fold3/metadata.json,prediction_matrices/seqFISH_plus_cortex_svz_zeisel_sccortex_ref_shared10000/GeneSPT/fold3/test_gene_idx.npy,ground_truth_protocol_a/seqFISH_plus_cortex_svz_zeisel_sccortex_ref_shared10000/fold3/truth.npz,ground_truth/seqFISH_plus_cortex_svz_zeisel_sccortex_ref_shared10000/gene_names.txt,final_test_genes,"[913,2000]",float32,886cec620b7dcc67d1ffa4e705665253412433163810e117df2c077bbc9ddf74,5193846,03e28863f0fb8001b870382d7668b2b54aea64731a56da6f33e6f9e9542dbf6d,95890a2ef111a8f16462b80ad7ccae8385779de9381c33198b4cf49cc1d47b7b,53648b0b8c93f0945851d9d8e167bb5d736101853ab32eb2bd00772313ada598,0.3326272376935354,1.2344032596746919,0.35207579951715,0.09677260399261137,1.0
seqFISH+,seqFISH_plus_cortex_svz_zeisel_sccortex_ref_shared10000,Cross-platform,Tangram,3,raw_identity,prediction_matrices/seqFISH_plus_cortex_svz_zeisel_sccortex_ref_shared10000/Tangram/fold3/prediction.npz,prediction_matrices/seqFISH_plus_cortex_svz_zeisel_sccortex_ref_shared10000/Tangram/fold3/metadata.json,prediction_matrices/seqFISH_plus_cortex_svz_zeisel_sccortex_ref_shared10000/Tangram/fold3/test_gene_idx.npy,ground_truth_protocol_a/seqFISH_plus_cortex_svz_zeisel_sccortex_ref_shared10000/fold3/truth.npz,ground_truth/seqFISH_plus_cortex_svz_zeisel_sccortex_ref_shared10000/gene_names.txt,final_test_genes,"[913,2000]",float32,35eff3fbe4b3238540609963711e54a578eca60f60e54f16904aff262c21e0c5,6480344,27d4fd2c690d721b074e6229342bde8e8b93f1dfb1742c43fcc87c38ddf4714d,95890a2ef111a8f16462b80ad7ccae8385779de9381c33198b4cf49cc1d47b7b,53648b0b8c93f0945851d9d8e167bb5d736101853ab32eb2bd00772313ada598,0.33019684862969767,1.2355761480897134,0.3717743213467078,0.07267250316525138,1.0
seqFISH+,seqFISH_plus_cortex_svz_zeisel_sccortex_ref_shared10000,Cross-platform,TransImp,3,raw_identity,prediction_matrices/seqFISH_plus_cortex_svz_zeisel_sccortex_ref_shared10000/TransImp/fold3/prediction.npz,prediction_matrices/seqFISH_plus_cortex_svz_zeisel_sccortex_ref_shared10000/TransImp/fold3/metadata.json,prediction_matrices/seqFISH_plus_cortex_svz_zeisel_sccortex_ref_shared10000/TransImp/fold3/test_gene_idx.npy,ground_truth_protocol_a/seqFISH_plus_cortex_svz_zeisel_sccortex_ref_shared10000/fold3/truth.npz,ground_truth/seqFISH_plus_cortex_svz_zeisel_sccortex_ref_shared10000/gene_names.txt,final_test_genes,"[913,2000]",float32,1602934fc825300846d955ade76e4bb0bc947a499d88586a9325bbaa6d409027,6533652,db3853edf3b1f7e556513279a7897187eaeee75de5cb9b6486d83d2292e25a9a,95890a2ef111a8f16462b80ad7ccae8385779de9381c33198b4cf49cc1d47b7b,53648b0b8c93f0945851d9d8e167bb5d736101853ab32eb2bd00772313ada598,0.3019126890174011,1.2530255945492612,0.3762241619897221,0.08942044055932291,1.0
seqFISH+,seqFISH_plus_cortex_svz_zeisel_sccortex_ref_shared10000,Cross-platform,SpaIM,3,raw_identity,prediction_matrices/seqFISH_plus_cortex_svz_zeisel_sccortex_ref_shared10000/SpaIM/fold3/prediction.npz,prediction_matrices/seqFISH_plus_cortex_svz_zeisel_sccortex_ref_shared10000/SpaIM/fold3/metadata.json,prediction_matrices/seqFISH_plus_cortex_svz_zeisel_sccortex_ref_shared10000/SpaIM/fold3/test_gene_idx.npy,ground_truth_protocol_a/seqFISH_plus_cortex_svz_zeisel_sccortex_ref_shared10000/fold3/truth.npz,ground_truth/seqFISH_plus_cortex_svz_zeisel_sccortex_ref_shared10000/gene_names.txt,final_test_genes,"[913,2000]",float32,6e0a02e6fc6992880f860e378894f56f35625d8a52ec7a15038d5f85e82bef26,6390796,09858d67f55f0f3b1b630bfde1b03ea67dfbf3e7c6aba366a074c019a3630667,95890a2ef111a8f16462b80ad7ccae8385779de9381c33198b4cf49cc1d47b7b,53648b0b8c93f0945851d9d8e167bb5d736101853ab32eb2bd00772313ada598,0.33226796484411947,1.2367493795855842,0.3702878943051032,0.07226557904679001,1.0
seqFISH+,seqFISH_plus_cortex_svz_zeisel_sccortex_ref_shared10000,Cross-platform,SpaGE,3,raw_identity,prediction_matrices/seqFISH_plus_cortex_svz_zeisel_sccortex_ref_shared10000/SpaGE/fold3/prediction.npz,prediction_matrices/seqFISH_plus_cortex_svz_zeisel_sccortex_ref_shared10000/SpaGE/fold3/metadata.json,prediction_matrices/seqFISH_plus_cortex_svz_zeisel_sccortex_ref_shared10000/SpaGE/fold3/test_gene_idx.npy,ground_truth_protocol_a/seqFISH_plus_cortex_svz_zeisel_sccortex_ref_shared10000/fold3/truth.npz,ground_truth/seqFISH_plus_cortex_svz_zeisel_sccortex_ref_shared10000/gene_names.txt,final_test_genes,"[913,2000]",float32,4ac9e4445c2d64515a7768d8d03d93c89cd3ba8ea73660395eef6ae7c7bcec4e,4856790,af8d5841d72d45a1a20b12584e4803d40ef8ec1d6cdffdb05df6f083a552e895,95890a2ef111a8f16462b80ad7ccae8385779de9381c33198b4cf49cc1d47b7b,53648b0b8c93f0945851d9d8e167bb5d736101853ab32eb2bd00772313ada598,0.22037729951942736,1.300303803595357,0.40114807548799014,0.06899787505301644,1.0
seqFISH+,seqFISH_plus_cortex_svz_zeisel_sccortex_ref_shared10000,Cross-platform,stPlus,3,raw_identity,prediction_matrices/seqFISH_plus_cortex_svz_zeisel_sccortex_ref_shared10000/stPlus/fold3/prediction.npz,prediction_matrices/seqFISH_plus_cortex_svz_zeisel_sccortex_ref_shared10000/stPlus/fold3/metadata.json,prediction_matrices/seqFISH_plus_cortex_svz_zeisel_sccortex_ref_shared10000/stPlus/fold3/test_gene_idx.npy,ground_truth_protocol_a/seqFISH_plus_cortex_svz_zeisel_sccortex_ref_shared10000/fold3/truth.npz,ground_truth/seqFISH_plus_cortex_svz_zeisel_sccortex_ref_shared10000/gene_names.txt,final_test_genes,"[913,2000]",float32,1e2f1749e2534a734432d5e941206b6b4d2e31266cb4d0cfe388e29befe6c221,4021555,18588ee0c8e313639ada9394d2ffe66403a8ef3d6c0406b9d23a0618f2a91dac,95890a2ef111a8f16462b80ad7ccae8385779de9381c33198b4cf49cc1d47b7b,53648b0b8c93f0945851d9d8e167bb5d736101853ab32eb2bd00772313ada598,0.025315446307701016,1.3796852534531188,0.42228181695339223,0.007074256910610607,1.0
seqFISH+,seqFISH_plus_cortex_svz_zeisel_sccortex_ref_shared10000,Cross-platform,GeneSPT,4,validation_selected_readout_genespt57,prediction_matrices/seqFISH_plus_cortex_svz_zeisel_sccortex_ref_shared10000/GeneSPT/fold4/prediction.npz,prediction_matrices/seqFISH_plus_cortex_svz_zeisel_sccortex_ref_shared10000/GeneSPT/fold4/metadata.json,prediction_matrices/seqFISH_plus_cortex_svz_zeisel_sccortex_ref_shared10000/GeneSPT/fold4/test_gene_idx.npy,ground_truth_protocol_a/seqFISH_plus_cortex_svz_zeisel_sccortex_ref_shared10000/fold4/truth.npz,ground_truth/seqFISH_plus_cortex_svz_zeisel_sccortex_ref_shared10000/gene_names.txt,final_test_genes,"[913,2000]",float32,ab0ced56a350c1965d0a1e0ba4b288e6bb1a2d84a64ea645b3765caa58f62431,5578850,e8c6f7b43438b074bac91166c0d4323793ecfeadda9b3db2f273b56764b6e968,8cfabe5f497843bf4ff26af39080dc531cc9d86f1c715fb78fe0d49287048b71,a8fef0e1948edffda52d8fa8c5e225b2572dc5afe53d7233f1be8d4d82e21529,0.3383160522638934,1.230758382036274,0.35057040801192624,0.0927335509159593,1.0
seqFISH+,seqFISH_plus_cortex_svz_zeisel_sccortex_ref_shared10000,Cross-platform,Tangram,4,raw_identity,prediction_matrices/seqFISH_plus_cortex_svz_zeisel_sccortex_ref_shared10000/Tangram/fold4/prediction.npz,prediction_matrices/seqFISH_plus_cortex_svz_zeisel_sccortex_ref_shared10000/Tangram/fold4/metadata.json,prediction_matrices/seqFISH_plus_cortex_svz_zeisel_sccortex_ref_shared10000/Tangram/fold4/test_gene_idx.npy,ground_truth_protocol_a/seqFISH_plus_cortex_svz_zeisel_sccortex_ref_shared10000/fold4/truth.npz,ground_truth/seqFISH_plus_cortex_svz_zeisel_sccortex_ref_shared10000/gene_names.txt,final_test_genes,"[913,2000]",float32,e715eba2eaf3cb97b362223c8804d41755944c1dfd3e397c3a97f8025575d637,6520371,ad21f746d9bf2fc8811d1e0859529390f45dace108d27152b89def80b8bf591e,8cfabe5f497843bf4ff26af39080dc531cc9d86f1c715fb78fe0d49287048b71,a8fef0e1948edffda52d8fa8c5e225b2572dc5afe53d7233f1be8d4d82e21529,0.33193470249678625,1.235406068675499,0.36676211378331636,0.0754211480213858,1.0
seqFISH+,seqFISH_plus_cortex_svz_zeisel_sccortex_ref_shared10000,Cross-platform,TransImp,4,raw_identity,prediction_matrices/seqFISH_plus_cortex_svz_zeisel_sccortex_ref_shared10000/TransImp/fold4/prediction.npz,prediction_matrices/seqFISH_plus_cortex_svz_zeisel_sccortex_ref_shared10000/TransImp/fold4/metadata.json,prediction_matrices/seqFISH_plus_cortex_svz_zeisel_sccortex_ref_shared10000/TransImp/fold4/test_gene_idx.npy,ground_truth_protocol_a/seqFISH_plus_cortex_svz_zeisel_sccortex_ref_shared10000/fold4/truth.npz,ground_truth/seqFISH_plus_cortex_svz_zeisel_sccortex_ref_shared10000/gene_names.txt,final_test_genes,"[913,2000]",float32,88b4382a35ef9b1c93454c8fb98bcbdb5944e70e38ac7e600fad29ff4e9b8696,6566295,48ff45cd94cf58b77c095e4f73f8c729106f8b6ea8bd8cf65e620b6cce2f2e7b,8cfabe5f497843bf4ff26af39080dc531cc9d86f1c715fb78fe0d49287048b71,a8fef0e1948edffda52d8fa8c5e225b2572dc5afe53d7233f1be8d4d82e21529,0.30914549450541134,1.2481570222460907,0.37045551568021984,0.08538448067687424,1.0
seqFISH+,seqFISH_plus_cortex_svz_zeisel_sccortex_ref_shared10000,Cross-platform,SpaIM,4,raw_identity,prediction_matrices/seqFISH_plus_cortex_svz_zeisel_sccortex_ref_shared10000/SpaIM/fold4/prediction.npz,prediction_matrices/seqFISH_plus_cortex_svz_zeisel_sccortex_ref_shared10000/SpaIM/fold4/metadata.json,prediction_matrices/seqFISH_plus_cortex_svz_zeisel_sccortex_ref_shared10000/SpaIM/fold4/test_gene_idx.npy,ground_truth_protocol_a/seqFISH_plus_cortex_svz_zeisel_sccortex_ref_shared10000/fold4/truth.npz,ground_truth/seqFISH_plus_cortex_svz_zeisel_sccortex_ref_shared10000/gene_names.txt,final_test_genes,"[913,2000]",float32,e461bed4a78c49eb1ac6ba4a564c69173af4c43ee92a55dd2918c9d912a687fb,6398692,fc2b6fd9a35651062500dad215ba830e594a28631351ecdee207a5ded4f86462,8cfabe5f497843bf4ff26af39080dc531cc9d86f1c715fb78fe0d49287048b71,a8fef0e1948edffda52d8fa8c5e225b2572dc5afe53d7233f1be8d4d82e21529,0.33589278687179025,1.2353015622258214,0.3663812526246217,0.07401360246513217,1.0
seqFISH+,seqFISH_plus_cortex_svz_zeisel_sccortex_ref_shared10000,Cross-platform,SpaGE,4,raw_identity,prediction_matrices/seqFISH_plus_cortex_svz_zeisel_sccortex_ref_shared10000/SpaGE/fold4/prediction.npz,prediction_matrices/seqFISH_plus_cortex_svz_zeisel_sccortex_ref_shared10000/SpaGE/fold4/metadata.json,prediction_matrices/seqFISH_plus_cortex_svz_zeisel_sccortex_ref_shared10000/SpaGE/fold4/test_gene_idx.npy,ground_truth_protocol_a/seqFISH_plus_cortex_svz_zeisel_sccortex_ref_shared10000/fold4/truth.npz,ground_truth/seqFISH_plus_cortex_svz_zeisel_sccortex_ref_shared10000/gene_names.txt,final_test_genes,"[913,2000]",float32,4e8fcaa10908f989274a2c848664fb397ed8a8bea225d4306a95065009736d1f,4885846,93abfae04de10cb86dd321b44a08d74657ee2de6a38104cb2ec8dcbfb015a952,8cfabe5f497843bf4ff26af39080dc531cc9d86f1c715fb78fe0d49287048b71,a8fef0e1948edffda52d8fa8c5e225b2572dc5afe53d7233f1be8d4d82e21529,0.2272403286531564,1.292997367754116,0.3952212901852664,0.07485204886076868,1.0
seqFISH+,seqFISH_plus_cortex_svz_zeisel_sccortex_ref_shared10000,Cross-platform,stPlus,4,raw_identity,prediction_matrices/seqFISH_plus_cortex_svz_zeisel_sccortex_ref_shared10000/stPlus/fold4/prediction.npz,prediction_matrices/seqFISH_plus_cortex_svz_zeisel_sccortex_ref_shared10000/stPlus/fold4/metadata.json,prediction_matrices/seqFISH_plus_cortex_svz_zeisel_sccortex_ref_shared10000/stPlus/fold4/test_gene_idx.npy,ground_truth_protocol_a/seqFISH_plus_cortex_svz_zeisel_sccortex_ref_shared10000/fold4/truth.npz,ground_truth/seqFISH_plus_cortex_svz_zeisel_sccortex_ref_shared10000/gene_names.txt,final_test_genes,"[913,2000]",float32,cb2ff1c3202c3e9620398353f0e8819d645a5b80b7de41c7c35b92e2bd47a0fa,5338747,428f4daf91dc7cc33f1ca30890229e3e058fccb46fafbc4dde5017a6a79c82a2,8cfabe5f497843bf4ff26af39080dc531cc9d86f1c715fb78fe0d49287048b71,a8fef0e1948edffda52d8fa8c5e225b2572dc5afe53d7233f1be8d4d82e21529,0.11690094633598885,1.3371956307305282,0.41336214412057654,0.01638529003307681,1.0
MHPR,MHPR_current_panel,Cross-platform,GeneSPT,0,validation_selected_readout_genespt57,prediction_matrices/MHPR_current_panel/GeneSPT/fold0/prediction.npz,prediction_matrices/MHPR_current_panel/GeneSPT/fold0/metadata.json,prediction_matrices/MHPR_current_panel/GeneSPT/fold0/test_gene_idx.npy,ground_truth_protocol_a/MHPR_current_panel/fold0/truth.npz,ground_truth/MHPR_current_panel/gene_names.txt,final_test_genes,"[4975,31]",float32,72abfba13d0366a2d5231cbc244671481bec85ce4009036f1d278ff7f6cf794b,556342,0eb3cef090f8847dc4b07f067434e90a93179b21d0e952360790a8cc711b92e9,ed629707929131f4452d80ef755d61748a77eca26575ffab67975613a82acee2,3f08eada11091adaea8e9b287152ebacfce06d31d36b4f98681233888952eba5,0.28910776867489724,1.1915023436665506,0.25325336768952295,0.21225026057970292,1.0
MHPR,MHPR_current_panel,Cross-platform,Tangram,0,raw_identity,prediction_matrices/MHPR_current_panel/Tangram/fold0/prediction.npz,prediction_matrices/MHPR_current_panel/Tangram/fold0/metadata.json,prediction_matrices/MHPR_current_panel/Tangram/fold0/test_gene_idx.npy,ground_truth_protocol_a/MHPR_current_panel/fold0/truth.npz,ground_truth/MHPR_current_panel/gene_names.txt,final_test_genes,"[4975,31]",float32,4baec14e920eea7d411ad5c591cfc1f49415a66b0b8dae2748520e7e576b82ea,544607,cafd7944f4fcf8baf7123d215927c6654cb43515f2e4d5a3449ae11392940271,ed629707929131f4452d80ef755d61748a77eca26575ffab67975613a82acee2,3f08eada11091adaea8e9b287152ebacfce06d31d36b4f98681233888952eba5,0.2886335140666209,1.1868809486449399,0.26867162709242975,0.1666144938328396,1.0
MHPR,MHPR_current_panel,Cross-platform,TransImp,0,raw_identity,prediction_matrices/MHPR_current_panel/TransImp/fold0/prediction.npz,prediction_matrices/MHPR_current_panel/TransImp/fold0/metadata.json,prediction_matrices/MHPR_current_panel/TransImp/fold0/test_gene_idx.npy,ground_truth_protocol_a/MHPR_current_panel/fold0/truth.npz,ground_truth/MHPR_current_panel/gene_names.txt,final_test_genes,"[4975,31]",float32,f9fbe76593526882d9e8b303b488ef58c866113c408ba23bf4ec70bece3b5c82,562133,4ed1c64fc2a3ef0c8d18a5c4f70bae4b406a0aaf9b618f91c7c85e0ead075f5a,ed629707929131f4452d80ef755d61748a77eca26575ffab67975613a82acee2,3f08eada11091adaea8e9b287152ebacfce06d31d36b4f98681233888952eba5,0.18017987173772498,1.2840095459671013,0.31505845578578845,0.14149116937659498,1.0
MHPR,MHPR_current_panel,Cross-platform,SpaIM,0,raw_identity,prediction_matrices/MHPR_current_panel/SpaIM/fold0/prediction.npz,prediction_matrices/MHPR_current_panel/SpaIM/fold0/metadata.json,prediction_matrices/MHPR_current_panel/SpaIM/fold0/test_gene_idx.npy,ground_truth_protocol_a/MHPR_current_panel/fold0/truth.npz,ground_truth/MHPR_current_panel/gene_names.txt,final_test_genes,"[4975,31]",float32,e26b5cbfd7a86beda30f53f6d8c0d1cb91219334d42b20d2150e0eac87948707,536053,91cd76cd5be8c8f6410ffede20b9db485c9cce0e34ecab49cca02609b1280985,ed629707929131f4452d80ef755d61748a77eca26575ffab67975613a82acee2,3f08eada11091adaea8e9b287152ebacfce06d31d36b4f98681233888952eba5,0.2683989752441084,1.2111489177690187,0.2737945336027964,0.14416833140316918,1.0
MHPR,MHPR_current_panel,Cross-platform,SpaGE,0,raw_identity,prediction_matrices/MHPR_current_panel/SpaGE/fold0/prediction.npz,prediction_matrices/MHPR_current_panel/SpaGE/fold0/metadata.json,prediction_matrices/MHPR_current_panel/SpaGE/fold0/test_gene_idx.npy,ground_truth_protocol_a/MHPR_current_panel/fold0/truth.npz,ground_truth/MHPR_current_panel/gene_names.txt,final_test_genes,"[4975,31]",float32,6dcd64ef1942994d4a127cff1066489eb1603aefa3c2f44c258687fde12c23c6,423682,7b289e1a0c19ff63f8e13d848f2c79e62038fb1cf095e93d9ceb68a0c3cf7a9f,ed629707929131f4452d80ef755d61748a77eca26575ffab67975613a82acee2,3f08eada11091adaea8e9b287152ebacfce06d31d36b4f98681233888952eba5,0.2118536140801428,1.2445550662103653,0.3213220445633781,0.20059094356391322,1.0
MHPR,MHPR_current_panel,Cross-platform,stPlus,0,raw_identity,prediction_matrices/MHPR_current_panel/stPlus/fold0/prediction.npz,prediction_matrices/MHPR_current_panel/stPlus/fold0/metadata.json,prediction_matrices/MHPR_current_panel/stPlus/fold0/test_gene_idx.npy,ground_truth_protocol_a/MHPR_current_panel/fold0/truth.npz,ground_truth/MHPR_current_panel/gene_names.txt,final_test_genes,"[4975,31]",float32,8869b3ef4bb9561c4ea07ee6a315c3a01c065df7f4caa09fa87b615ed7abc19c,487260,dad7c102b7bb3a29590e3e0f20ba91eef8e195eaac3204ff6062b69b096e2315,ed629707929131f4452d80ef755d61748a77eca26575ffab67975613a82acee2,3f08eada11091adaea8e9b287152ebacfce06d31d36b4f98681233888952eba5,0.1510129576883258,1.306712824663227,0.313178710305574,0.1392302504100229,1.0
MHPR,MHPR_current_panel,Cross-platform,GeneSPT,1,validation_selected_readout_genespt57,prediction_matrices/MHPR_current_panel/GeneSPT/fold1/prediction.npz,prediction_matrices/MHPR_current_panel/GeneSPT/fold1/metadata.json,prediction_matrices/MHPR_current_panel/GeneSPT/fold1/test_gene_idx.npy,ground_truth_protocol_a/MHPR_current_panel/fold1/truth.npz,ground_truth/MHPR_current_panel/gene_names.txt,final_test_genes,"[4975,31]",float32,b4b417c8d496978c90c085defb50de8f66cd91974a697cfb9edb588565c9e0be,558348,42d8aec9d9f4c022dea0069ae604af7560b245f342670a31f3d18f7660af3cc2,9e4ad9b4be9a7f00c6282edfe62bd299d16fdded750f44204f0fadbfddc53e79,ddbb85f4046c6bc146384a2edebef27e09fbcfea5bb98e36b42b919f1a933d24,0.22737293351045554,1.223737895701083,0.2891531573387333,0.20222870705052284,1.0
MHPR,MHPR_current_panel,Cross-platform,Tangram,1,raw_identity,prediction_matrices/MHPR_current_panel/Tangram/fold1/prediction.npz,prediction_matrices/MHPR_current_panel/Tangram/fold1/metadata.json,prediction_matrices/MHPR_current_panel/Tangram/fold1/test_gene_idx.npy,ground_truth_protocol_a/MHPR_current_panel/fold1/truth.npz,ground_truth/MHPR_current_panel/gene_names.txt,final_test_genes,"[4975,31]",float32,4a3a6fb151cba27040fb1c85d437a74f0003369520cfa13d3e03d50e1ca6c9c4,547114,a5c0ceef85fd1aa779e5bc59b53dacaf523491e74c327c39e96f6a79f3f33cff,9e4ad9b4be9a7f00c6282edfe62bd299d16fdded750f44204f0fadbfddc53e79,ddbb85f4046c6bc146384a2edebef27e09fbcfea5bb98e36b42b919f1a933d24,0.21622276413362781,1.2696950416088943,0.30265060980987485,0.11482774323254129,1.0
MHPR,MHPR_current_panel,Cross-platform,TransImp,1,raw_identity,prediction_matrices/MHPR_current_panel/TransImp/fold1/prediction.npz,prediction_matrices/MHPR_current_panel/TransImp/fold1/metadata.json,prediction_matrices/MHPR_current_panel/TransImp/fold1/test_gene_idx.npy,ground_truth_protocol_a/MHPR_current_panel/fold1/truth.npz,ground_truth/MHPR_current_panel/gene_names.txt,final_test_genes,"[4975,31]",float32,b569db9b17d377524fe1726b32567c09b764112d5f9cab8ba8f7f795cd66b566,557889,8c2397d18473464d221ccd1436017f5089a4411aa20cad678761860bebbd0024,9e4ad9b4be9a7f00c6282edfe62bd299d16fdded750f44204f0fadbfddc53e79,ddbb85f4046c6bc146384a2edebef27e09fbcfea5bb98e36b42b919f1a933d24,0.19841142367619163,1.2319490874100356,0.2857106512309288,0.1488491208924559,1.0
MHPR,MHPR_current_panel,Cross-platform,SpaIM,1,raw_identity,prediction_matrices/MHPR_current_panel/SpaIM/fold1/prediction.npz,prediction_matrices/MHPR_current_panel/SpaIM/fold1/metadata.json,prediction_matrices/MHPR_current_panel/SpaIM/fold1/test_gene_idx.npy,ground_truth_protocol_a/MHPR_current_panel/fold1/truth.npz,ground_truth/MHPR_current_panel/gene_names.txt,final_test_genes,"[4975,31]",float32,545e3bb7fda41186afc74f6c7a7974852569f5df4b27152989858d26d97af924,536142,1c3bcd02974681fe65e5636ae002c8ff251eca249a9ad8aa73624d1351bae838,9e4ad9b4be9a7f00c6282edfe62bd299d16fdded750f44204f0fadbfddc53e79,ddbb85f4046c6bc146384a2edebef27e09fbcfea5bb98e36b42b919f1a933d24,0.18257373174090635,1.269558279629299,0.29927509179058875,0.08050760302618239,1.0
MHPR,MHPR_current_panel,Cross-platform,SpaGE,1,raw_identity,prediction_matrices/MHPR_current_panel/SpaGE/fold1/prediction.npz,prediction_matrices/MHPR_current_panel/SpaGE/fold1/metadata.json,prediction_matrices/MHPR_current_panel/SpaGE/fold1/test_gene_idx.npy,ground_truth_protocol_a/MHPR_current_panel/fold1/truth.npz,ground_truth/MHPR_current_panel/gene_names.txt,final_test_genes,"[4975,31]",float32,4b3785f00cff0df9b70fe3ca3a808658b88c30c4235f93d46958572dc9be88d3,415065,614fa84adddd113eefb1d8a53ddb42a5826084cf10603afe4bc2c8b121cdc930,9e4ad9b4be9a7f00c6282edfe62bd299d16fdded750f44204f0fadbfddc53e79,ddbb85f4046c6bc146384a2edebef27e09fbcfea5bb98e36b42b919f1a933d24,0.19323523832514916,1.25386689634098,0.31559206862374484,0.13307814526197195,1.0
MHPR,MHPR_current_panel,Cross-platform,stPlus,1,raw_identity,prediction_matrices/MHPR_current_panel/stPlus/fold1/prediction.npz,prediction_matrices/MHPR_current_panel/stPlus/fold1/metadata.json,prediction_matrices/MHPR_current_panel/stPlus/fold1/test_gene_idx.npy,ground_truth_protocol_a/MHPR_current_panel/fold1/truth.npz,ground_truth/MHPR_current_panel/gene_names.txt,final_test_genes,"[4975,31]",float32,e18d6b52fcf5313e5db5716a03561089c466755734af12abe76a735b8952e557,455405,b91981d8bcdddf23d53e4a1b305193b9d34a4e7db65568f961c4e74c0ee43983,9e4ad9b4be9a7f00c6282edfe62bd299d16fdded750f44204f0fadbfddc53e79,ddbb85f4046c6bc146384a2edebef27e09fbcfea5bb98e36b42b919f1a933d24,0.16797540135064626,1.2618278984147455,0.3177753870164556,0.11944175958593323,1.0
MHPR,MHPR_current_panel,Cross-platform,GeneSPT,2,validation_selected_readout_genespt57,prediction_matrices/MHPR_current_panel/GeneSPT/fold2/prediction.npz,prediction_matrices/MHPR_current_panel/GeneSPT/fold2/metadata.json,prediction_matrices/MHPR_current_panel/GeneSPT/fold2/test_gene_idx.npy,ground_truth_protocol_a/MHPR_current_panel/fold2/truth.npz,ground_truth/MHPR_current_panel/gene_names.txt,final_test_genes,"[4975,31]",float32,ff0e3fb92887c21b7f993aa208ccf2935c4fe195d8af02788d254c82514d7187,563638,b5705c9c1d1f70d724325db72b0833c10279a7ab227c1603c597042afa5d5ed8,a0b1a4dbe6006bc6b05e566f3eaba86d949fa267e8d1b826c85c679aef3547ea,34fff79e4ce5f00a5d98b91bb264c394295ad64d535c69caf0a00ce8993a1a3b,0.2682769031828878,1.2148954702503865,0.3031092340501288,0.18480672022082953,1.0
MHPR,MHPR_current_panel,Cross-platform,Tangram,2,raw_identity,prediction_matrices/MHPR_current_panel/Tangram/fold2/prediction.npz,prediction_matrices/MHPR_current_panel/Tangram/fold2/metadata.json,prediction_matrices/MHPR_current_panel/Tangram/fold2/test_gene_idx.npy,ground_truth_protocol_a/MHPR_current_panel/fold2/truth.npz,ground_truth/MHPR_current_panel/gene_names.txt,final_test_genes,"[4975,31]",float32,4ef014f97df4260c0322aa9b79b45430de014e2c6cd07ef430efdcf748976895,545931,8abba840bf214295d19467bdc10de4824f90e8a558d3a4637f2c12bdb49c82df,a0b1a4dbe6006bc6b05e566f3eaba86d949fa267e8d1b826c85c679aef3547ea,34fff79e4ce5f00a5d98b91bb264c394295ad64d535c69caf0a00ce8993a1a3b,0.2981184540233632,1.1895313612260046,0.30923284279293173,0.15347270551501901,1.0
MHPR,MHPR_current_panel,Cross-platform,TransImp,2,raw_identity,prediction_matrices/MHPR_current_panel/TransImp/fold2/prediction.npz,prediction_matrices/MHPR_current_panel/TransImp/fold2/metadata.json,prediction_matrices/MHPR_current_panel/TransImp/fold2/test_gene_idx.npy,ground_truth_protocol_a/MHPR_current_panel/fold2/truth.npz,ground_truth/MHPR_current_panel/gene_names.txt,final_test_genes,"[4975,31]",float32,cfffc70b7022c32ec990c2322cd127895ccfed6e7df5c7e6df6e4807abd84058,557634,2a6cec76890d02669c37290e508223d036384ab15a1cd25e79bfc588adbebe44,a0b1a4dbe6006bc6b05e566f3eaba86d949fa267e8d1b826c85c679aef3547ea,34fff79e4ce5f00a5d98b91bb264c394295ad64d535c69caf0a00ce8993a1a3b,0.2093356960191786,1.246431906556887,0.30142297405449914,0.1407952157654381,1.0
MHPR,MHPR_current_panel,Cross-platform,SpaIM,2,raw_identity,prediction_matrices/MHPR_current_panel/SpaIM/fold2/prediction.npz,prediction_matrices/MHPR_current_panel/SpaIM/fold2/metadata.json,prediction_matrices/MHPR_current_panel/SpaIM/fold2/test_gene_idx.npy,ground_truth_protocol_a/MHPR_current_panel/fold2/truth.npz,ground_truth/MHPR_current_panel/gene_names.txt,final_test_genes,"[4975,31]",float32,c40e0f545fedbbe97eddba888a7bbd5f9520a617091c7db0f23b0a0a1fe20d1c,536691,99b970c5af6f128432c47dfa22b3fbf0e09123b755aa87a0169f5f519891c6fd,a0b1a4dbe6006bc6b05e566f3eaba86d949fa267e8d1b826c85c679aef3547ea,34fff79e4ce5f00a5d98b91bb264c394295ad64d535c69caf0a00ce8993a1a3b,0.28218356518362653,1.2033243366098259,0.31420637860449385,0.14344598950608708,1.0
MHPR,MHPR_current_panel,Cross-platform,SpaGE,2,raw_identity,prediction_matrices/MHPR_current_panel/SpaGE/fold2/prediction.npz,prediction_matrices/MHPR_current_panel/SpaGE/fold2/metadata.json,prediction_matrices/MHPR_current_panel/SpaGE/fold2/test_gene_idx.npy,ground_truth_protocol_a/MHPR_current_panel/fold2/truth.npz,ground_truth/MHPR_current_panel/gene_names.txt,final_test_genes,"[4975,31]",float32,cf9df61cf0873f3393901a7d46ec3446112d5dfaacdfaf86befea0f40be6fe22,432703,dba695f2482aa520f20e4c9c6fc721cae91440843d9913f8657ca02eadeaceb0,a0b1a4dbe6006bc6b05e566f3eaba86d949fa267e8d1b826c85c679aef3547ea,34fff79e4ce5f00a5d98b91bb264c394295ad64d535c69caf0a00ce8993a1a3b,0.2592681038645622,1.1967147107307627,0.3026445459721323,0.16862829973966945,1.0
MHPR,MHPR_current_panel,Cross-platform,stPlus,2,raw_identity,prediction_matrices/MHPR_current_panel/stPlus/fold2/prediction.npz,prediction_matrices/MHPR_current_panel/stPlus/fold2/metadata.json,prediction_matrices/MHPR_current_panel/stPlus/fold2/test_gene_idx.npy,ground_truth_protocol_a/MHPR_current_panel/fold2/truth.npz,ground_truth/MHPR_current_panel/gene_names.txt,final_test_genes,"[4975,31]",float32,9d2029b8915f097b76f00f8bd8ad693a057591d307127ebd0c60b12016b6864f,445344,bb782e60142b3924b65b1506a8dd4dd93bbdda6e1dae4d2b204e5bd42915ecac,a0b1a4dbe6006bc6b05e566f3eaba86d949fa267e8d1b826c85c679aef3547ea,34fff79e4ce5f00a5d98b91bb264c394295ad64d535c69caf0a00ce8993a1a3b,0.17709484677888557,1.2837997788568425,0.3196720692984123,0.14054325691027003,1.0
MHPR,MHPR_current_panel,Cross-platform,GeneSPT,3,validation_selected_readout_genespt57,prediction_matrices/MHPR_current_panel/GeneSPT/fold3/prediction.npz,prediction_matrices/MHPR_current_panel/GeneSPT/fold3/metadata.json,prediction_matrices/MHPR_current_panel/GeneSPT/fold3/test_gene_idx.npy,ground_truth_protocol_a/MHPR_current_panel/fold3/truth.npz,ground_truth/MHPR_current_panel/gene_names.txt,final_test_genes,"[4975,31]",float32,3af5cd2749b7d5e8dfd97a07ad263fcd018d2c18baa329652c67ae2702633fcd,564975,8f34a867e5f43038d013b28fae78e8a99d534a423e5afa4429232885844388ec,775f645deb4c9cffbc40b89fbb373d3472fedd26d806b37ed0317e971c1ed562,63317e3e4e95611e7db2d1e79e7912d1ab647b356497a19601c1f8ce2a53ae5a,0.21203747900968384,1.2487623718110645,0.30736136614444687,0.13268234409899676,1.0
MHPR,MHPR_current_panel,Cross-platform,Tangram,3,raw_identity,prediction_matrices/MHPR_current_panel/Tangram/fold3/prediction.npz,prediction_matrices/MHPR_current_panel/Tangram/fold3/metadata.json,prediction_matrices/MHPR_current_panel/Tangram/fold3/test_gene_idx.npy,ground_truth_protocol_a/MHPR_current_panel/fold3/truth.npz,ground_truth/MHPR_current_panel/gene_names.txt,final_test_genes,"[4975,31]",float32,b8ebd2b10e8b2f508a19cdaaa3bf1d3ab6da1955ced067913711376a1bce0581,547572,184380446c16148d2c77352643027a5b1ab336c8d8b46407627e0a4ce47f96b4,775f645deb4c9cffbc40b89fbb373d3472fedd26d806b37ed0317e971c1ed562,63317e3e4e95611e7db2d1e79e7912d1ab647b356497a19601c1f8ce2a53ae5a,0.2498735522588274,1.239521686954037,0.2998247433345269,0.11004913333055565,1.0
MHPR,MHPR_current_panel,Cross-platform,TransImp,3,raw_identity,prediction_matrices/MHPR_current_panel/TransImp/fold3/prediction.npz,prediction_matrices/MHPR_current_panel/TransImp/fold3/metadata.json,prediction_matrices/MHPR_current_panel/TransImp/fold3/test_gene_idx.npy,ground_truth_protocol_a/MHPR_current_panel/fold3/truth.npz,ground_truth/MHPR_current_panel/gene_names.txt,final_test_genes,"[4975,31]",float32,7c1ee9181df70124a003b6f8e972c1fdd727a5b9156cde85019ea5af7fb36e13,556071,b3ac82f31e81a4d6d5063fc173342532150f1a3414804fe10d24aee9bc2d1b62,775f645deb4c9cffbc40b89fbb373d3472fedd26d806b37ed0317e971c1ed562,63317e3e4e95611e7db2d1e79e7912d1ab647b356497a19601c1f8ce2a53ae5a,0.17512345674272117,1.2874787532820868,0.30909253939258124,0.15722867783170547,1.0
MHPR,MHPR_current_panel,Cross-platform,SpaIM,3,raw_identity,prediction_matrices/MHPR_current_panel/SpaIM/fold3/prediction.npz,prediction_matrices/MHPR_current_panel/SpaIM/fold3/metadata.json,prediction_matrices/MHPR_current_panel/SpaIM/fold3/test_gene_idx.npy,ground_truth_protocol_a/MHPR_current_panel/fold3/truth.npz,ground_truth/MHPR_current_panel/gene_names.txt,final_test_genes,"[4975,31]",float32,1d88e606e9f18fcbd3eb0690b8cd583783cba47e87ebbd728d836ce4f3358a6a,538041,a5011b015dd57bd19239f7323abbc267bb13acee4c4aac52c68b1e8bfe5d53e0,775f645deb4c9cffbc40b89fbb373d3472fedd26d806b37ed0317e971c1ed562,63317e3e4e95611e7db2d1e79e7912d1ab647b356497a19601c1f8ce2a53ae5a,0.22532993744328553,1.2465065958925292,0.3056786555726049,0.10187177878746036,1.0
MHPR,MHPR_current_panel,Cross-platform,SpaGE,3,raw_identity,prediction_matrices/MHPR_current_panel/SpaGE/fold3/prediction.npz,prediction_matrices/MHPR_current_panel/SpaGE/fold3/metadata.json,prediction_matrices/MHPR_current_panel/SpaGE/fold3/test_gene_idx.npy,ground_truth_protocol_a/MHPR_current_panel/fold3/truth.npz,ground_truth/MHPR_current_panel/gene_names.txt,final_test_genes,"[4975,31]",float32,42aca11851cd5082cdb13d50f2bc4b665820993fe4c0eba3ca50fa090c0924f1,450411,f6d551d6f42ec2eb4462820fd6287bdc139b4e9a9d19fb7a74453b86ee7fb64c,775f645deb4c9cffbc40b89fbb373d3472fedd26d806b37ed0317e971c1ed562,63317e3e4e95611e7db2d1e79e7912d1ab647b356497a19601c1f8ce2a53ae5a,0.20258181199446984,1.2501061029613139,0.313950450266154,0.15758998732853371,1.0
MHPR,MHPR_current_panel,Cross-platform,stPlus,3,raw_identity,prediction_matrices/MHPR_current_panel/stPlus/fold3/prediction.npz,prediction_matrices/MHPR_current_panel/stPlus/fold3/metadata.json,prediction_matrices/MHPR_current_panel/stPlus/fold3/test_gene_idx.npy,ground_truth_protocol_a/MHPR_current_panel/fold3/truth.npz,ground_truth/MHPR_current_panel/gene_names.txt,final_test_genes,"[4975,31]",float32,909aef1f73d350202a092032ada45bc03716a5f676052f1ede31f6d04e62ad2a,471363,a5e50c8ae421453c924722cbc3713786016c76c0f44f1b5babc7d17631d10583,775f645deb4c9cffbc40b89fbb373d3472fedd26d806b37ed0317e971c1ed562,63317e3e4e95611e7db2d1e79e7912d1ab647b356497a19601c1f8ce2a53ae5a,0.1750623324357691,1.272030340051399,0.31971347077885537,0.14689520735108105,1.0
MHPR,MHPR_current_panel,Cross-platform,GeneSPT,4,validation_selected_readout_genespt57,prediction_matrices/MHPR_current_panel/GeneSPT/fold4/prediction.npz,prediction_matrices/MHPR_current_panel/GeneSPT/fold4/metadata.json,prediction_matrices/MHPR_current_panel/GeneSPT/fold4/test_gene_idx.npy,ground_truth_protocol_a/MHPR_current_panel/fold4/truth.npz,ground_truth/MHPR_current_panel/gene_names.txt,final_test_genes,"[4975,30]",float32,231084ea228535b5b3864e4cd9558c87bf3c27c27fd8ba601657b01fa33c230d,546856,f2f88592169280162b09a44b96f817bba7508d2898a64691ebe15d6fd122a293,9ceb30ff0c22706badf408211040c79a2c82c4452de521c612e447bf74c97224,761d47dde740c544d05e4529602c44ed2eac849226b3ce4b3e246b7e655bf92f,0.2410031199100719,1.2427816566934609,0.3207397458229393,0.13245227399086557,1.0
MHPR,MHPR_current_panel,Cross-platform,Tangram,4,raw_identity,prediction_matrices/MHPR_current_panel/Tangram/fold4/prediction.npz,prediction_matrices/MHPR_current_panel/Tangram/fold4/metadata.json,prediction_matrices/MHPR_current_panel/Tangram/fold4/test_gene_idx.npy,ground_truth_protocol_a/MHPR_current_panel/fold4/truth.npz,ground_truth/MHPR_current_panel/gene_names.txt,final_test_genes,"[4975,30]",float32,2cdc15fce404ebde934eb2ac40db43dc562480b88ae3d6e46d7ebf00b5fa08dc,529475,d2aa5d39388907530519938b1d6fb6adb688ad1286a2cfd88668a89e564d0d35,9ceb30ff0c22706badf408211040c79a2c82c4452de521c612e447bf74c97224,761d47dde740c544d05e4529602c44ed2eac849226b3ce4b3e246b7e655bf92f,0.27856351065348584,1.201909424035866,0.31462111649308505,0.14409519335283066,1.0
MHPR,MHPR_current_panel,Cross-platform,TransImp,4,raw_identity,prediction_matrices/MHPR_current_panel/TransImp/fold4/prediction.npz,prediction_matrices/MHPR_current_panel/TransImp/fold4/metadata.json,prediction_matrices/MHPR_current_panel/TransImp/fold4/test_gene_idx.npy,ground_truth_protocol_a/MHPR_current_panel/fold4/truth.npz,ground_truth/MHPR_current_panel/gene_names.txt,final_test_genes,"[4975,30]",float32,a647baf8eb12c8c04029985cdeef1c797219885c5c991120c87535145ff8ebcc,545287,06a9be1a625629c1048851d748edcaae108d4de35dc763d3541183b3e6abcdd0,9ceb30ff0c22706badf408211040c79a2c82c4452de521c612e447bf74c97224,761d47dde740c544d05e4529602c44ed2eac849226b3ce4b3e246b7e655bf92f,0.12332494492745719,1.338268870811584,0.38018619298157663,0.08114079267475466,1.0
MHPR,MHPR_current_panel,Cross-platform,SpaIM,4,raw_identity,prediction_matrices/MHPR_current_panel/SpaIM/fold4/prediction.npz,prediction_matrices/MHPR_current_panel/SpaIM/fold4/metadata.json,prediction_matrices/MHPR_current_panel/SpaIM/fold4/test_gene_idx.npy,ground_truth_protocol_a/MHPR_current_panel/fold4/truth.npz,ground_truth/MHPR_current_panel/gene_names.txt,final_test_genes,"[4975,30]",float32,e3ec00d6e82da7bed247694a8b2f0c4c0b82d72697b336b1b82f0beb374cfc7f,519629,349baba2f2f84481c63c3672cdbc1663c3b64d97c79641020bf7da3c47131fb0,9ceb30ff0c22706badf408211040c79a2c82c4452de521c612e447bf74c97224,761d47dde740c544d05e4529602c44ed2eac849226b3ce4b3e246b7e655bf92f,0.2541399868562537,1.2161297760981309,0.3157054645118863,0.1280812611407752,1.0
MHPR,MHPR_current_panel,Cross-platform,SpaGE,4,raw_identity,prediction_matrices/MHPR_current_panel/SpaGE/fold4/prediction.npz,prediction_matrices/MHPR_current_panel/SpaGE/fold4/metadata.json,prediction_matrices/MHPR_current_panel/SpaGE/fold4/test_gene_idx.npy,ground_truth_protocol_a/MHPR_current_panel/fold4/truth.npz,ground_truth/MHPR_current_panel/gene_names.txt,final_test_genes,"[4975,30]",float32,deb8eb043fa37b769e9597d17f803923a01ce53d17f71bd32380798c98ec9884,366988,981c31b05e31fc878812aa5970385e862bef3aaeaa8bb4de9bffb3742a4968de,9ceb30ff0c22706badf408211040c79a2c82c4452de521c612e447bf74c97224,761d47dde740c544d05e4529602c44ed2eac849226b3ce4b3e246b7e655bf92f,0.1413036080809952,1.2990862484891184,0.3871070601065477,0.12281757855622466,1.0
MHPR,MHPR_current_panel,Cross-platform,stPlus,4,raw_identity,prediction_matrices/MHPR_current_panel/stPlus/fold4/prediction.npz,prediction_matrices/MHPR_current_panel/stPlus/fold4/metadata.json,prediction_matrices/MHPR_current_panel/stPlus/fold4/test_gene_idx.npy,ground_truth_protocol_a/MHPR_current_panel/fold4/truth.npz,ground_truth/MHPR_current_panel/gene_names.txt,final_test_genes,"[4975,30]",float32,d5bf05a9e2ce588f44a543538df5a55c9f993d47e603fe0c99a2d397d00189e4,373241,36cba801af8f6360fc115ed310261fb630037bf41779f69240c5f38c1f2c9aa8,9ceb30ff0c22706badf408211040c79a2c82c4452de521c612e447bf74c97224,761d47dde740c544d05e4529602c44ed2eac849226b3ce4b3e246b7e655bf92f,0.07428694574295187,1.3380994776088155,0.38865429837937404,0.07752226101065751,1.0
MVC,MVC_shared981,Cross-platform,GeneSPT,0,validation_selected_readout_genespt57,prediction_matrices/MVC_shared981/GeneSPT/fold0/prediction.npz,prediction_matrices/MVC_shared981/GeneSPT/fold0/metadata.json,prediction_matrices/MVC_shared981/GeneSPT/fold0/test_gene_idx.npy,ground_truth_protocol_a/MVC_shared981/fold0/truth.npz,ground_truth/MVC_shared981/gene_names.txt,final_test_genes,"[1549,197]",float32,814143f51ae73bb32e75c263a0ce22dc1a1ec843db786e2dc74b07770cd5ab3a,1086039,2b52bbdb642de75734925102c56d263ae741b304a46725c7a9e1cca814d50520,916ab1d647e32b41b01ac7378b786d14930caad2df261690d515184b17938a3a,823d425146ba51378f4827cd1042968b806bad888470149eaa4c7b02f710a831,0.19778899149485257,1.2735965777633727,0.42675614545682017,0.0861097351553789,1.0
MVC,MVC_shared981,Cross-platform,Tangram,0,raw_identity,prediction_matrices/MVC_shared981/Tangram/fold0/prediction.npz,prediction_matrices/MVC_shared981/Tangram/fold0/metadata.json,prediction_matrices/MVC_shared981/Tangram/fold0/test_gene_idx.npy,ground_truth_protocol_a/MVC_shared981/fold0/truth.npz,ground_truth/MVC_shared981/gene_names.txt,final_test_genes,"[1549,197]",float32,5e6bd18ba612ed2a4058b20ea4350258e9ee1d66f75f9ba6ceb2d62dc66fb3b3,1101823,a9fa1139705bf5e0236826645554c183df685e82d5776cf6238bff3f0eac57e0,916ab1d647e32b41b01ac7378b786d14930caad2df261690d515184b17938a3a,823d425146ba51378f4827cd1042968b806bad888470149eaa4c7b02f710a831,0.17495626969892958,1.288868522838178,0.42872987639301374,0.07794721019597504,1.0
MVC,MVC_shared981,Cross-platform,TransImp,0,raw_identity,prediction_matrices/MVC_shared981/TransImp/fold0/prediction.npz,prediction_matrices/MVC_shared981/TransImp/fold0/metadata.json,prediction_matrices/MVC_shared981/TransImp/fold0/test_gene_idx.npy,ground_truth_protocol_a/MVC_shared981/fold0/truth.npz,ground_truth/MVC_shared981/gene_names.txt,final_test_genes,"[1549,197]",float32,770aa9c3f670a3b7529778e13403514880d8333d61a33cc50b1486ec6890acbe,1104773,bf36293560c400e708dfc0326d80c5cd4bf50bd93f7c54c1fd49f6f62ecc6d79,916ab1d647e32b41b01ac7378b786d14930caad2df261690d515184b17938a3a,823d425146ba51378f4827cd1042968b806bad888470149eaa4c7b02f710a831,0.16766749929938252,1.291897848980334,0.4297968344130855,0.09363661611708915,1.0
MVC,MVC_shared981,Cross-platform,SpaIM,0,raw_identity,prediction_matrices/MVC_shared981/SpaIM/fold0/prediction.npz,prediction_matrices/MVC_shared981/SpaIM/fold0/metadata.json,prediction_matrices/MVC_shared981/SpaIM/fold0/test_gene_idx.npy,ground_truth_protocol_a/MVC_shared981/fold0/truth.npz,ground_truth/MVC_shared981/gene_names.txt,final_test_genes,"[1549,197]",float32,3829df84b5df5cfa8baedcec400adf43886c5340a0ef47c47e53db5c77e152f1,1063370,dfab39cd6be11a73b47627a25a14680b779c858f969500692be78becafd78855,916ab1d647e32b41b01ac7378b786d14930caad2df261690d515184b17938a3a,823d425146ba51378f4827cd1042968b806bad888470149eaa4c7b02f710a831,0.191777966905347,1.2831629938919764,0.4288685389499519,0.07490796652819856,1.0
MVC,MVC_shared981,Cross-platform,SpaGE,0,raw_identity,prediction_matrices/MVC_shared981/SpaGE/fold0/prediction.npz,prediction_matrices/MVC_shared981/SpaGE/fold0/metadata.json,prediction_matrices/MVC_shared981/SpaGE/fold0/test_gene_idx.npy,ground_truth_protocol_a/MVC_shared981/fold0/truth.npz,ground_truth/MVC_shared981/gene_names.txt,final_test_genes,"[1549,197]",float32,c8cb1458e807bff8cefb6bdba967a089b5e0ada66333286f8f160451d4b12161,1008778,19e07f485a532168041e17eeaa6a32358beb184e9f4ddf3047629045886d3349,916ab1d647e32b41b01ac7378b786d14930caad2df261690d515184b17938a3a,823d425146ba51378f4827cd1042968b806bad888470149eaa4c7b02f710a831,0.10578153905933327,1.3353546400113832,0.46071797193502184,0.06650801489251275,1.0
MVC,MVC_shared981,Cross-platform,stPlus,0,raw_identity,prediction_matrices/MVC_shared981/stPlus/fold0/prediction.npz,prediction_matrices/MVC_shared981/stPlus/fold0/metadata.json,prediction_matrices/MVC_shared981/stPlus/fold0/test_gene_idx.npy,ground_truth_protocol_a/MVC_shared981/fold0/truth.npz,ground_truth/MVC_shared981/gene_names.txt,final_test_genes,"[1549,197]",float32,b52c6f89dfb6a85f7361dd6d6cac9385eae51342aa5ec9a49228f7f73333cd55,1020761,48e52644746a1ba2563278fa39a818d8027eed5f6386a18a580bd4b52d545522,916ab1d647e32b41b01ac7378b786d14930caad2df261690d515184b17938a3a,823d425146ba51378f4827cd1042968b806bad888470149eaa4c7b02f710a831,0.10975604051670582,1.3389852604659522,0.45383308980565573,0.07295606066969501,1.0
MVC,MVC_shared981,Cross-platform,GeneSPT,1,validation_selected_readout_genespt57,prediction_matrices/MVC_shared981/GeneSPT/fold1/prediction.npz,prediction_matrices/MVC_shared981/GeneSPT/fold1/metadata.json,prediction_matrices/MVC_shared981/GeneSPT/fold1/test_gene_idx.npy,ground_truth_protocol_a/MVC_shared981/fold1/truth.npz,ground_truth/MVC_shared981/gene_names.txt,final_test_genes,"[1549,196]",float32,3bd32b5cd68f64e132f255424be815a6fdacdf6f69d6c304449e24cb36a595c0,948635,53df40d76fdd084f1f0a4d29465819ae7b6526115964bd3a38da2bc9f171d20e,3423d7211f569b0bdddae7695cf2833f98b0c917d3a589878cc18667c01471b3,02824542439d520e117cb6b1ff8ef9e1f577f69b1143e946c5d63bf8149de09b,0.18277186584522656,1.2801887667303333,0.4166950296307333,0.1163937731872745,1.0
MVC,MVC_shared981,Cross-platform,Tangram,1,raw_identity,prediction_matrices/MVC_shared981/Tangram/fold1/prediction.npz,prediction_matrices/MVC_shared981/Tangram/fold1/metadata.json,prediction_matrices/MVC_shared981/Tangram/fold1/test_gene_idx.npy,ground_truth_protocol_a/MVC_shared981/fold1/truth.npz,ground_truth/MVC_shared981/gene_names.txt,final_test_genes,"[1549,196]",float32,b6433c5acfb2e24b8bcb9a730789cbbae55349dfd44f63652341f85a28ca6316,1094503,e16a17e669948b804c9f0ffa94ceb79322925fd7e27b777de48f6609ec33980f,3423d7211f569b0bdddae7695cf2833f98b0c917d3a589878cc18667c01471b3,02824542439d520e117cb6b1ff8ef9e1f577f69b1143e946c5d63bf8149de09b,0.16980688130953933,1.2980000921583161,0.427673168108957,0.08242829599167462,1.0
MVC,MVC_shared981,Cross-platform,TransImp,1,raw_identity,prediction_matrices/MVC_shared981/TransImp/fold1/prediction.npz,prediction_matrices/MVC_shared981/TransImp/fold1/metadata.json,prediction_matrices/MVC_shared981/TransImp/fold1/test_gene_idx.npy,ground_truth_protocol_a/MVC_shared981/fold1/truth.npz,ground_truth/MVC_shared981/gene_names.txt,final_test_genes,"[1549,196]",float32,1d2dad9b9103956ca9058bf609975fd1879eca1afb17a298733368ecc053e488,1099769,fcfdf47de416cc1e3becfaf1f0e5dc327e423c782271d46e5b780436d0cb1972,3423d7211f569b0bdddae7695cf2833f98b0c917d3a589878cc18667c01471b3,02824542439d520e117cb6b1ff8ef9e1f577f69b1143e946c5d63bf8149de09b,0.1623653372260147,1.3012643826663255,0.42970583505448934,0.08995336199755002,1.0
MVC,MVC_shared981,Cross-platform,SpaIM,1,raw_identity,prediction_matrices/MVC_shared981/SpaIM/fold1/prediction.npz,prediction_matrices/MVC_shared981/SpaIM/fold1/metadata.json,prediction_matrices/MVC_shared981/SpaIM/fold1/test_gene_idx.npy,ground_truth_protocol_a/MVC_shared981/fold1/truth.npz,ground_truth/MVC_shared981/gene_names.txt,final_test_genes,"[1549,196]",float32,e305034ad403e650bfa0ed69edaad7aeb11f83a49a72fbf5382440f0cae23abd,1058123,c074f18a7893175804184985d226f92e8781ea279f023b3ee89eff19b62ab276,3423d7211f569b0bdddae7695cf2833f98b0c917d3a589878cc18667c01471b3,02824542439d520e117cb6b1ff8ef9e1f577f69b1143e946c5d63bf8149de09b,0.1826043608418798,1.286492257045905,0.4243777772219485,0.06962330445370622,1.0
MVC,MVC_shared981,Cross-platform,SpaGE,1,raw_identity,prediction_matrices/MVC_shared981/SpaGE/fold1/prediction.npz,prediction_matrices/MVC_shared981/SpaGE/fold1/metadata.json,prediction_matrices/MVC_shared981/SpaGE/fold1/test_gene_idx.npy,ground_truth_protocol_a/MVC_shared981/fold1/truth.npz,ground_truth/MVC_shared981/gene_names.txt,final_test_genes,"[1549,196]",float32,ab80961fb8216a379a6b1aee95e6231ebfb2d816379f7a28f52fe876e8dd24bf,1021091,20acb46aa38b905eb37bf3875bac8b54281bedf84851eb21d07ceb964555482e,3423d7211f569b0bdddae7695cf2833f98b0c917d3a589878cc18667c01471b3,02824542439d520e117cb6b1ff8ef9e1f577f69b1143e946c5d63bf8149de09b,0.11475583823609967,1.3418020983257621,0.45197785801791307,0.06351062867290685,1.0
MVC,MVC_shared981,Cross-platform,stPlus,1,raw_identity,prediction_matrices/MVC_shared981/stPlus/fold1/prediction.npz,prediction_matrices/MVC_shared981/stPlus/fold1/metadata.json,prediction_matrices/MVC_shared981/stPlus/fold1/test_gene_idx.npy,ground_truth_protocol_a/MVC_shared981/fold1/truth.npz,ground_truth/MVC_shared981/gene_names.txt,final_test_genes,"[1549,196]",float32,71ff3202a707a57f74eedadae1927f2d2068c4913957bda93b8f75ff59a01c32,1035210,0868ef1eb7ab021568da7063f689411fe710fbfa75c4d3af5403db0b19c57cd5,3423d7211f569b0bdddae7695cf2833f98b0c917d3a589878cc18667c01471b3,02824542439d520e117cb6b1ff8ef9e1f577f69b1143e946c5d63bf8149de09b,0.10608048384476665,1.3423015930277944,0.45248980399860406,0.06448686369617551,1.0
MVC,MVC_shared981,Cross-platform,GeneSPT,2,validation_selected_readout_genespt57,prediction_matrices/MVC_shared981/GeneSPT/fold2/prediction.npz,prediction_matrices/MVC_shared981/GeneSPT/fold2/metadata.json,prediction_matrices/MVC_shared981/GeneSPT/fold2/test_gene_idx.npy,ground_truth_protocol_a/MVC_shared981/fold2/truth.npz,ground_truth/MVC_shared981/gene_names.txt,final_test_genes,"[1549,196]",float32,1b3fe278259ce7cca561e97267ef433ba1cdab92e1ce3e505d93ef79df6ad92b,921357,b1f60020ed7ee3533cd3cf612d878469aaa5630d8c8031b9dd604ccc5446544f,e01d4b5485642bc8ad58adc78bdf5aa9b16bb30436239fa8544d9a87b5c534a2,82718e3478600bae008b4036cef842267c65ba06e85c0b255cca1abca753d260,0.18776136320039027,1.2835507554513779,0.41498726329906943,0.1239726306508585,1.0
MVC,MVC_shared981,Cross-platform,Tangram,2,raw_identity,prediction_matrices/MVC_shared981/Tangram/fold2/prediction.npz,prediction_matrices/MVC_shared981/Tangram/fold2/metadata.json,prediction_matrices/MVC_shared981/Tangram/fold2/test_gene_idx.npy,ground_truth_protocol_a/MVC_shared981/fold2/truth.npz,ground_truth/MVC_shared981/gene_names.txt,final_test_genes,"[1549,196]",float32,aaa5ad76ceade688f5a92c377343ae4535543cea7cb49a585abc721e5e582fb4,1094472,644392bbec693957e7e0a74846b0c00c395fc2aa9b548e6ec1fb624441959b34,e01d4b5485642bc8ad58adc78bdf5aa9b16bb30436239fa8544d9a87b5c534a2,82718e3478600bae008b4036cef842267c65ba06e85c0b255cca1abca753d260,0.16489037179258603,1.2993160713702827,0.4236020755830673,0.07216887544563666,1.0
MVC,MVC_shared981,Cross-platform,TransImp,2,raw_identity,prediction_matrices/MVC_shared981/TransImp/fold2/prediction.npz,prediction_matrices/MVC_shared981/TransImp/fold2/metadata.json,prediction_matrices/MVC_shared981/TransImp/fold2/test_gene_idx.npy,ground_truth_protocol_a/MVC_shared981/fold2/truth.npz,ground_truth/MVC_shared981/gene_names.txt,final_test_genes,"[1549,196]",float32,7dce8aad17a02ac4f9b06b6032421e99c2de870247db2e5e24f0edeba108c034,1099109,80f2fbf2173eb69182384ab201bd92369f37d0c51dd88de33613d040ce8e0f21,e01d4b5485642bc8ad58adc78bdf5aa9b16bb30436239fa8544d9a87b5c534a2,82718e3478600bae008b4036cef842267c65ba06e85c0b255cca1abca753d260,0.16681430573926134,1.2991913728128415,0.42207190959272356,0.08636014080853052,1.0
MVC,MVC_shared981,Cross-platform,SpaIM,2,raw_identity,prediction_matrices/MVC_shared981/SpaIM/fold2/prediction.npz,prediction_matrices/MVC_shared981/SpaIM/fold2/metadata.json,prediction_matrices/MVC_shared981/SpaIM/fold2/test_gene_idx.npy,ground_truth_protocol_a/MVC_shared981/fold2/truth.npz,ground_truth/MVC_shared981/gene_names.txt,final_test_genes,"[1549,196]",float32,6ceb628a0ef7e3029a7c8e2c124f7547236b972f9742799bd02f433832a13cbc,1058205,e41dc2b7e059d21cadf0edda15261c323af737eec24e07154bcee3cf30689fe8,e01d4b5485642bc8ad58adc78bdf5aa9b16bb30436239fa8544d9a87b5c534a2,82718e3478600bae008b4036cef842267c65ba06e85c0b255cca1abca753d260,0.18382515744500255,1.288376762632999,0.42504825226009024,0.06361116106063301,1.0
MVC,MVC_shared981,Cross-platform,SpaGE,2,raw_identity,prediction_matrices/MVC_shared981/SpaGE/fold2/prediction.npz,prediction_matrices/MVC_shared981/SpaGE/fold2/metadata.json,prediction_matrices/MVC_shared981/SpaGE/fold2/test_gene_idx.npy,ground_truth_protocol_a/MVC_shared981/fold2/truth.npz,ground_truth/MVC_shared981/gene_names.txt,final_test_genes,"[1549,196]",float32,0b5ef4a6e8783ad1e5e5baa38a66d6350d40cdeb1881f817d4ed74ac33e3a738,1020210,848710cb16aa37996d59287c124d07e38bd8d78fc8e4b4e44735ef1f5fe64149,e01d4b5485642bc8ad58adc78bdf5aa9b16bb30436239fa8544d9a87b5c534a2,82718e3478600bae008b4036cef842267c65ba06e85c0b255cca1abca753d260,0.1221805015152587,1.3313276888626082,0.45022575451919583,0.06825441120634024,1.0
MVC,MVC_shared981,Cross-platform,stPlus,2,raw_identity,prediction_matrices/MVC_shared981/stPlus/fold2/prediction.npz,prediction_matrices/MVC_shared981/stPlus/fold2/metadata.json,prediction_matrices/MVC_shared981/stPlus/fold2/test_gene_idx.npy,ground_truth_protocol_a/MVC_shared981/fold2/truth.npz,ground_truth/MVC_shared981/gene_names.txt,final_test_genes,"[1549,196]",float32,3ffc167a90eb5261ccf83d448775a77137894182028b759c2fcee14560e59fe6,1044658,7e884ef87029be0f4a55d43e95e5f5e41af67e5a87a27ebeef7d194682a6345e,e01d4b5485642bc8ad58adc78bdf5aa9b16bb30436239fa8544d9a87b5c534a2,82718e3478600bae008b4036cef842267c65ba06e85c0b255cca1abca753d260,0.10900829844943075,1.3430504416437108,0.454214532314142,0.05914921934301329,1.0
MVC,MVC_shared981,Cross-platform,GeneSPT,3,validation_selected_readout_genespt57,prediction_matrices/MVC_shared981/GeneSPT/fold3/prediction.npz,prediction_matrices/MVC_shared981/GeneSPT/fold3/metadata.json,prediction_matrices/MVC_shared981/GeneSPT/fold3/test_gene_idx.npy,ground_truth_protocol_a/MVC_shared981/fold3/truth.npz,ground_truth/MVC_shared981/gene_names.txt,final_test_genes,"[1549,196]",float32,95607e2ed3c5ba784eb8f690e9e6ba5182bb0fff2332be5b442e838380bf693c,940943,cb3411378c243e7793962b808de615434c0d5005288001d300d03e1492191f47,f1dce41e4d6bb34c4bca4028c3ea2f443e81f5fe92c8d43df8a5c96b2f15af0b,0daeac4f8d3b368a354254d6179f76d5d3a2da382635001206a5485ea2d43160,0.19073883299641464,1.2767756216965445,0.40955429230049617,0.12787844200095985,1.0
MVC,MVC_shared981,Cross-platform,Tangram,3,raw_identity,prediction_matrices/MVC_shared981/Tangram/fold3/prediction.npz,prediction_matrices/MVC_shared981/Tangram/fold3/metadata.json,prediction_matrices/MVC_shared981/Tangram/fold3/test_gene_idx.npy,ground_truth_protocol_a/MVC_shared981/fold3/truth.npz,ground_truth/MVC_shared981/gene_names.txt,final_test_genes,"[1549,196]",float32,f32d13063f83799e272d36ce1361286215f8bf9a7a7ee6fa91c20b2a430404c0,1094870,0e77fa0a632f0f0f35173b8de9b31cfcd93d969091eaf6294ba6054f0c7bd5a4,f1dce41e4d6bb34c4bca4028c3ea2f443e81f5fe92c8d43df8a5c96b2f15af0b,0daeac4f8d3b368a354254d6179f76d5d3a2da382635001206a5485ea2d43160,0.17570379007670073,1.2879351556952017,0.42353501135513905,0.08323884652532068,1.0
MVC,MVC_shared981,Cross-platform,TransImp,3,raw_identity,prediction_matrices/MVC_shared981/TransImp/fold3/prediction.npz,prediction_matrices/MVC_shared981/TransImp/fold3/metadata.json,prediction_matrices/MVC_shared981/TransImp/fold3/test_gene_idx.npy,ground_truth_protocol_a/MVC_shared981/fold3/truth.npz,ground_truth/MVC_shared981/gene_names.txt,final_test_genes,"[1549,196]",float32,38b1f7058f4bb7f6899d448fda5ce7f8cfc74066aef28fd7b1ba274ddc40ef4a,1097994,9d3c84d10a88c3dea0fcbacafb312dcc6a2977aaea6c5fd11aad29ec71a0b1b2,f1dce41e4d6bb34c4bca4028c3ea2f443e81f5fe92c8d43df8a5c96b2f15af0b,0daeac4f8d3b368a354254d6179f76d5d3a2da382635001206a5485ea2d43160,0.17199380233100292,1.2847330844136877,0.4214332537976208,0.10246441496836582,1.0
MVC,MVC_shared981,Cross-platform,SpaIM,3,raw_identity,prediction_matrices/MVC_shared981/SpaIM/fold3/prediction.npz,prediction_matrices/MVC_shared981/SpaIM/fold3/metadata.json,prediction_matrices/MVC_shared981/SpaIM/fold3/test_gene_idx.npy,ground_truth_protocol_a/MVC_shared981/fold3/truth.npz,ground_truth/MVC_shared981/gene_names.txt,final_test_genes,"[1549,196]",float32,afe0a67238b78486e194363c0304e221aa471bf234fde0c8c9030c8e307cdb7f,1059390,c9b0f550df6c5313645e4600054fc7b0f672694bdbe742b717f93156c643058b,f1dce41e4d6bb34c4bca4028c3ea2f443e81f5fe92c8d43df8a5c96b2f15af0b,0daeac4f8d3b368a354254d6179f76d5d3a2da382635001206a5485ea2d43160,0.1785656163180601,1.285189780173378,0.42493266232912885,0.07721086925112683,1.0
MVC,MVC_shared981,Cross-platform,SpaGE,3,raw_identity,prediction_matrices/MVC_shared981/SpaGE/fold3/prediction.npz,prediction_matrices/MVC_shared981/SpaGE/fold3/metadata.json,prediction_matrices/MVC_shared981/SpaGE/fold3/test_gene_idx.npy,ground_truth_protocol_a/MVC_shared981/fold3/truth.npz,ground_truth/MVC_shared981/gene_names.txt,final_test_genes,"[1549,196]",float32,eabb1a5e9ecb6458e8e8a954c7a78dc3e4b4ec946df4790ca0de3b17b9199713,1027337,87dbc291ace62f26a5af22c29d73062108b4c8bf49a18531c95351a2979ae809,f1dce41e4d6bb34c4bca4028c3ea2f443e81f5fe92c8d43df8a5c96b2f15af0b,0daeac4f8d3b368a354254d6179f76d5d3a2da382635001206a5485ea2d43160,0.11507269989890805,1.3255193421809,0.4485798453086878,0.0747610658795289,1.0
MVC,MVC_shared981,Cross-platform,stPlus,3,raw_identity,prediction_matrices/MVC_shared981/stPlus/fold3/prediction.npz,prediction_matrices/MVC_shared981/stPlus/fold3/metadata.json,prediction_matrices/MVC_shared981/stPlus/fold3/test_gene_idx.npy,ground_truth_protocol_a/MVC_shared981/fold3/truth.npz,ground_truth/MVC_shared981/gene_names.txt,final_test_genes,"[1549,196]",float32,2a637f120415d0999c6f8374bdf81e70890ba7d600499ab2b90f7abead3e9aa6,1062149,fb7ae7945d1bcf06eae2cf7693af3e8a57e9109a0bcb75dd72eeb0a8473a6d25,f1dce41e4d6bb34c4bca4028c3ea2f443e81f5fe92c8d43df8a5c96b2f15af0b,0daeac4f8d3b368a354254d6179f76d5d3a2da382635001206a5485ea2d43160,0.09414382183398703,1.3447215743139007,0.44929584390955923,0.052461282290156855,1.0
MVC,MVC_shared981,Cross-platform,GeneSPT,4,validation_selected_readout_genespt57,prediction_matrices/MVC_shared981/GeneSPT/fold4/prediction.npz,prediction_matrices/MVC_shared981/GeneSPT/fold4/metadata.json,prediction_matrices/MVC_shared981/GeneSPT/fold4/test_gene_idx.npy,ground_truth_protocol_a/MVC_shared981/fold4/truth.npz,ground_truth/MVC_shared981/gene_names.txt,final_test_genes,"[1549,196]",float32,5d1f21be9c8d46d2ab27520372472ffcdad8170973cc40d476fbeeb774d47721,1081623,1fff23626999011667113fde1c4db69b9fa83bfc272044e408f437e1757a385a,03481dabac99695db06f0d68c14912b633aff92de7253fbb5f4f5c94759e77d2,b8a8d5a8bac9212ceb5a0eb5f466b80a48cdeb7b7f47d7e5fc938175d2e269c3,0.195005486577903,1.2722141026555334,0.42090090616686804,0.08142961010835247,1.0
MVC,MVC_shared981,Cross-platform,Tangram,4,raw_identity,prediction_matrices/MVC_shared981/Tangram/fold4/prediction.npz,prediction_matrices/MVC_shared981/Tangram/fold4/metadata.json,prediction_matrices/MVC_shared981/Tangram/fold4/test_gene_idx.npy,ground_truth_protocol_a/MVC_shared981/fold4/truth.npz,ground_truth/MVC_shared981/gene_names.txt,final_test_genes,"[1549,196]",float32,b73c7e945f01a641b08c1c3372f493a04542693306c3b949befba2dc3230ba37,1095356,6f6a9200c73999fabc0c95d9c5116e7f2bdddced2bdb09b68625b0197355eb19,03481dabac99695db06f0d68c14912b633aff92de7253fbb5f4f5c94759e77d2,b8a8d5a8bac9212ceb5a0eb5f466b80a48cdeb7b7f47d7e5fc938175d2e269c3,0.17486387141503604,1.287399514689957,0.4257491790611383,0.08703415876734355,1.0
MVC,MVC_shared981,Cross-platform,TransImp,4,raw_identity,prediction_matrices/MVC_shared981/TransImp/fold4/prediction.npz,prediction_matrices/MVC_shared981/TransImp/fold4/metadata.json,prediction_matrices/MVC_shared981/TransImp/fold4/test_gene_idx.npy,ground_truth_protocol_a/MVC_shared981/fold4/truth.npz,ground_truth/MVC_shared981/gene_names.txt,final_test_genes,"[1549,196]",float32,31f77f4ab7e27551c25a7fc4691b0f6ed8f7d01af270223d40bc1d8475e778a8,1100010,70e3eb87d9910c68e987963b865e255c02c56f8cbdfb92c6c78b7fa5c72d1c7f,03481dabac99695db06f0d68c14912b633aff92de7253fbb5f4f5c94759e77d2,b8a8d5a8bac9212ceb5a0eb5f466b80a48cdeb7b7f47d7e5fc938175d2e269c3,0.16021284503665392,1.2980843439261034,0.4246462194146416,0.09760665825005305,1.0
MVC,MVC_shared981,Cross-platform,SpaIM,4,raw_identity,prediction_matrices/MVC_shared981/SpaIM/fold4/prediction.npz,prediction_matrices/MVC_shared981/SpaIM/fold4/metadata.json,prediction_matrices/MVC_shared981/SpaIM/fold4/test_gene_idx.npy,ground_truth_protocol_a/MVC_shared981/fold4/truth.npz,ground_truth/MVC_shared981/gene_names.txt,final_test_genes,"[1549,196]",float32,231d99e1381fe4e0c7c651ea7237c7e44f64ce99026d2e852edbd531e2125424,1057782,d52130ef775fa34979b5c53aafbb9b6f79fdc85bc0d5ebafa90405988079e58e,03481dabac99695db06f0d68c14912b633aff92de7253fbb5f4f5c94759e77d2,b8a8d5a8bac9212ceb5a0eb5f466b80a48cdeb7b7f47d7e5fc938175d2e269c3,0.18895739273906603,1.2784956560110903,0.42774766212984583,0.07517872088352948,1.0
MVC,MVC_shared981,Cross-platform,SpaGE,4,raw_identity,prediction_matrices/MVC_shared981/SpaGE/fold4/prediction.npz,prediction_matrices/MVC_shared981/SpaGE/fold4/metadata.json,prediction_matrices/MVC_shared981/SpaGE/fold4/test_gene_idx.npy,ground_truth_protocol_a/MVC_shared981/fold4/truth.npz,ground_truth/MVC_shared981/gene_names.txt,final_test_genes,"[1549,196]",float32,2c55e82218d323f7a1145a97e8d67616ab4dee9d5fe2f4803fb0022b0b5521c4,1026893,9f493e90abdfc486432ebc146e77e1f6a344a119acc8ad3b30316082553846e0,03481dabac99695db06f0d68c14912b633aff92de7253fbb5f4f5c94759e77d2,b8a8d5a8bac9212ceb5a0eb5f466b80a48cdeb7b7f47d7e5fc938175d2e269c3,0.11015475583272377,1.3412381598274232,0.45846345018284207,0.06946638235385472,1.0
MVC,MVC_shared981,Cross-platform,stPlus,4,raw_identity,prediction_matrices/MVC_shared981/stPlus/fold4/prediction.npz,prediction_matrices/MVC_shared981/stPlus/fold4/metadata.json,prediction_matrices/MVC_shared981/stPlus/fold4/test_gene_idx.npy,ground_truth_protocol_a/MVC_shared981/fold4/truth.npz,ground_truth/MVC_shared981/gene_names.txt,final_test_genes,"[1549,196]",float32,7f2a46e152ad62f3884d29e8c7a9c30351fb829961619e8d93b777ca1486c6eb,1044594,2d8e2a3acc4dd6f7473ac9af5fd8a692e1e4d02f3ba09a376b7cf1b7cab7ad61,03481dabac99695db06f0d68c14912b633aff92de7253fbb5f4f5c94759e77d2,b8a8d5a8bac9212ceb5a0eb5f466b80a48cdeb7b7f47d7e5fc938175d2e269c3,0.11041028605790225,1.3375142288802042,0.45553078174744643,0.06419817412556927,1.0
